632	tin	0.4083521
632	malaysia	0.212308
632	mdollar	0.19732936
632	malaysian	0.17903197
632	atpc	0.1748722
632	lumpur	0.16275777
632	tonn	0.16169478
632	kuala	0.1600298
632	mine	0.106558815
632	produc	0.09657232
632	commod	0.091729276
632	metal	0.08966204
632	kieran	0.086740606
632	p1099	0.08530997
632	export	0.08458942
632	myz	0.08248049
632	rubber	0.080332644
632	output	0.07623005
632	lim	0.072386526
632	brazil	0.07229246
632	indonesia	0.069554016
632	or	0.068407536
632	kilogram	0.06773381
632	madavo	0.06687062
632	price	0.066252604
632	palm	0.06550194
632	phibun	0.06331394
632	consumpt	0.060877196
632	stockpil	0.058815178
632	low	0.05853558
632	miner	0.05847584
632	cook	0.05596785
632	associ	0.055620387
632	product	0.053648073
632	stock	0.053086426
632	quota	0.052227385
632	redzwan	0.051405877
632	agricultur	0.05121342
632	analyst	0.051152274
632	nigeria	0.05083425
632	thailand	0.05062463
632	000	0.05056919
632	plantat	0.05016101
632	overhang	0.049784735
632	zair	0.049348842
632	thammarat	0.04772301
632	nec	0.04720316
632	cent	0.04624388
632	rise	0.045689106
632	mmc	0.044370618
632	lemb	0.044056408
632	biggest	0.044012036
632	china	0.04381402
632	2020	0.042705752
632	chanphen	0.041705117
632	nakhon	0.04152438
632	sungei	0.041236196
632	60	0.041074622
632	sumun	0.040933248
632	research	0.04078945
632	oil	0.040507715
632	industrialis	0.040211797
632	substanti	0.039901707
632	recent	0.039288286
632	dollar	0.039282613
632	chines	0.03901192
632	arsen	0.03892763
632	suppli	0.038685728
632	market	0.038320124
632	cost	0.03797243
632	cement	0.037434425
632	cmmt	0.037252195
632	tambang	0.036748596
632	fide	0.03658587
632	cut	0.03589127
632	scheme	0.035515703
632	trader	0.035224553
632	geologist	0.034360886
632	analysi	0.034218848
632	bolivia	0.033853497
632	mahathir	0.033387545
632	smallhold	0.033294726
632	chupraphawan	0.033202402
632	bek	0.033105794
632	yaik	0.03264992
632	bangkok	0.032135177
632	si	0.0320719
632	join	0.032064866
632	logist	0.031950403
632	lme	0.031423587
632	keng	0.031007892
632	28	0.030867359
632	guihua	0.030723674
632	50	0.030654093
632	world	0.03045501
632	concentr	0.030371282
632	dr	0.030363366
632	cocoa	0.030354831
632	planter	0.030335087
632	16	0.030273745
632	1992	0.029871495
632	drop	0.029739179
632	timah	0.029594963
632	500	0.029583598
632	fall	0.029274328
632	futuro	0.02925095
632	week	0.029117381
632	past	0.029081216
632	yesterdai	0.029044969
632	collaps	0.028950676
632	bom	0.028755497
632	well	0.028578743
632	hoon	0.028545346
632	fell	0.028464543
632	fever	0.028368529
632	rondonia	0.028256845
632	stone	0.028249037
632	account	0.028049758
632	coast	0.028049042
632	toxin	0.028043294
632	penang	0.027692303
632	close	0.027597977
632	solder	0.027513793
632	australia	0.026868481
632	kayin	0.026801238
632	deplet	0.026790584
632	stabilis	0.026578976
632	largest	0.026477998
632	manufactur	0.02645509
632	unpollut	0.026428327
632	compar	0.026406733
632	seller	0.026382577
632	water	0.02633172
632	down	0.025871992
632	mkt	0.025860239
632	timber	0.025859954
632	month	0.025531597
632	diseas	0.02542843
632	statist	0.025352336
632	forecast	0.025288494
632	rm2	0.025271114
632	hanan	0.025131332
632	estat	0.025035778
632	80	0.025016116
632	bhar	0.024927396
632	40	0.024891464
632	13	0.024832837
632	malai	0.024767095
632	sector	0.024757281
632	global	0.024699247
632	renison	0.024580484
632	ron	0.024538092
632	depositori	0.024371158
632	710	0.02426239
632	hok	0.024177324
632	p0831	0.023918515
632	provinci	0.023834262
632	siong	0.02379408
632	32	0.023713093
632	high	0.023711814
632	andalusit	0.02346287
632	nearli	0.023438934
632	1991	0.02338055
632	thanlwin	0.02333104
632	sia	0.023306396
632	malayan	0.023258833
632	ncl	0.023232562
632	manipul	0.023165122
632	nazir	0.02314867
632	alliband	0.023103742
632	investmennt	0.023103742
632	antara	0.02300087
632	20	0.022972085
632	prolong	0.02295786
632	kramat	0.02292214
632	kg	0.022883823
632	34	0.022846635
632	countri	0.022715624
632	edqalad2ft	0.022703119
632	agre	0.022592057
632	100	0.022496287
632	cfea9adeft	0.022410683
632	perli	0.022340538
632	district	0.02226571
632	mr	0.022158135
632	onc	0.022123275
632	5	0.022117669
632	year	0.022068588
632	spot	0.022052215
632	last	0.02192778
632	nhan	0.021824539
632	sand	0.021818167
632	apr	0.021797478
632	labour	0.021768762
632	sixth	0.021720096
632	songkla	0.021701021
632	lung	0.021688694
632	zeolit	0.021644557
632	rich	0.021590324
632	geolog	0.021578036
632	660	0.02156829
632	buffer	0.021519238
632	khai	0.021511314
632	suffer	0.021494059
632	a8	0.02149316
632	70	0.021489788
632	fresh	0.021472875
632	wignel	0.021464342
632	nielsen	0.021439882
632	wirasak	0.021386677
632	bernama	0.021221275
632	chromium	0.02120174
632	4	0.021191979
632	sourc	0.02106467
632	mmea	0.02088483
632	milligramm	0.020878436
632	tight	0.020823155
632	rupiah	0.020793555
632	1980	0.020786727
632	london	0.020767618
632	marbl	0.020715574
632	yangbajain	0.0206193
632	dramat	0.020617014
632	invest	0.020616397
632	1987	0.020597233
632	ebesa	0.020592121
632	abandon	0.020580342
632	1985	0.020510726
632	forestri	0.020464977
632	aoi	0.02045877
632	primari	0.020424383
632	campbel	0.020421557
632	pahang	0.020350326
632	peranakan	0.020155184
632	4258	0.020109968
632	hectar	0.020093571
632	cancer	0.019992854
632	activ	0.0199646
632	enthoven	0.01995611
632	glass	0.019920046
632	700	0.019896222
632	deliveri	0.019843873
632	local	0.019838851
632	scrap	0.019805158
632	seventeen	0.019781228
632	sustain	0.019774262
632	consum	0.01976057
632	jin	0.019743087
632	diversifi	0.01973762
632	yala	0.01961893
632	suggest	0.019618487
632	industri	0.019578882
632	pt	0.019546408
632	fallen	0.01949855
632	ariff	0.019461306
632	galai	0.019387033
632	immigr	0.019382665
632	earli	0.019335605
632	sabah	0.01930371
632	town	0.019269183
632	levi	0.019264845
632	ingest	0.019234965
632	shortag	0.019214801
632	1960	0.0191952
632	reach	0.01908333
632	vital	0.018975899
632	malacca	0.018952627
632	risen	0.018862696
632	preciou	0.018838054
632	muoi	0.01881603
632	artika	0.018768266
632	highest	0.018759241
632	mercuri	0.018756839
632	boron	0.018745309
632	200	0.018720249
632	templ	0.018587435
632	achiev	0.018519364
632	kltm	0.018515967
632	diabas	0.018515436
632	autonom	0.018494204
632	300	0.01845732
632	ringgit	0.018446714
632	forest	0.018411351
632	gemston	0.01841024
632	premium	0.018403081
632	worker	0.018401207
632	health	0.01836653
632	refin	0.018347027
632	still	0.018331738
632	shale	0.018299252
632	here	0.018259654
632	contaminatlon	0.01819382
632	thalu	0.01819382
632	arikun	0.01819382
632	bannang	0.01819382
632	clai	0.018161785
632	comment	0.018158954
632	myawaddi	0.018158486
632	hashim	0.018154576
632	skin	0.018083237
632	pelita	0.018078804
632	mold	0.018056273
632	higher	0.017991409
632	induc	0.017972311
632	ymad	0.017918639
632	grower	0.017890071
632	gopeng	0.017874876
632	718	0.017855361
632	villag	0.017845212
632	zhong	0.017814862
632	havoc	0.017786998
632	good	0.01777521
632	dla	0.017717533
632	dkvcmacyft	0.017696628
632	kuok	0.017646294
632	consolid	0.017576143
632	33	0.017575817
632	exchang	0.017566392
632	cru	0.01753566
632	05	0.017515799
632	phadaeng	0.01751361
632	amount	0.017499272
632	end	0.017477259
632	limit	0.017428096
632	6bn	0.017421857
632	hanoi	0.017400041
632	ceram	0.017386975
632	intermedi	0.017326668
632	sanyoto	0.017310223
632	pattani	0.017290337
632	run	0.01726762
632	artifici	0.01725547
632	musto	0.01722025
632	elhd0af7ft	0.017164433
632	surg	0.017145121
632	kidnei	0.017135307
632	alon	0.017134372
632	larg	0.017134346
632	chqbdac3ft	0.017118694
632	137	0.017103834
632	qusum	0.017080583
632	chanang	0.017080583
632	samyai	0.017080583
632	rinbung	0.017080583
632	xaitongmoin	0.017080583
632	matichon	0.017074969
632	915	0.017070401
632	lithium	0.01699141
632	blame	0.016963786
632	catamarca	0.01688063
632	adsteam	0.016830008
632	workforc	0.016816894
632	liquid	0.016796537
632	ft	0.016759153
632	quartz	0.016751848
632	term	0.016682265
632	andesit	0.01666733
632	suraphon	0.016628759
632	lowest	0.01659288
632	now	0.0165903
632	lower	0.016580855
632	ratsamithat	0.016578706
632	11	0.016551787
632	cgja7ac1ft	0.0165392
632	30	0.016538376
632	rubi	0.016474683
632	otci	0.016464872
632	blackwel	0.016444677
632	foreign	0.01643712
632	slump	0.016432703
632	teenag	0.016423637
632	probabl	0.016411971
632	bdqbpacvft	0.016402293
632	crop	0.016399445
632	maizhokunggar	0.016397398
632	damxung	0.016397398
632	ramba	0.016397398
632	liver	0.016305031
632	dig	0.01625881
632	eighti	0.016258096
632	epidemiolog	0.016188167
632	geotherm	0.01617959
632	pollut	0.016165018
632	worth	0.016157335
632	disband	0.01610089
632	top	0.01607948
632	valueless	0.016072975
632	land	0.016027885
632	slide	0.016014973
632	gdp	0.016004616
632	kartasasmita	0.015967393
632	downstream	0.015966563
632	ornaetel	0.01595318
632	buoyant	0.015941018
632	jamek	0.01593893
632	19	0.015933283
632	prawet	0.015901046
632	thursdai	0.01588609
632	kiang	0.015886
632	heeren	0.015885603
632	eandnagbft	0.015869912
632	plenti	0.01581762
632	construct	0.015784794
632	wage	0.015781844
632	back	0.015781155
632	level	0.015762681
632	sandston	0.015647907
632	found	0.015630282
632	dredg	0.0155910365
632	wasi	0.015564292
632	1990	0.015562828
632	student	0.015521508
632	dolomit	0.015513326
632	trust	0.015510131
632	tuff	0.015492868
632	djvcqagoft	0.015491166
632	sukhum	0.015478814
632	jakarta	0.015429871
632	cadmium	0.015418187
632	encourag	0.015414327
632	malaya	0.015366956
632	thai	0.01532393
632	tuesdai	0.015321303
632	keroh	0.0153150875
632	matathir	0.0153150875
632	ecqakaggft	0.01527952
632	itc	0.015234739
632	buyer	0.01517721
632	fundament	0.015171481
632	bodi	0.0151701635
632	strateg	0.015162215
632	coffe	0.015148562
632	flagrantli	0.015118702
632	earlier	0.015096636
632	kitcatt	0.01508687
632	currenc	0.015066806
632	paranapanema	0.015059936
632	nut	0.015056658
632	subsidis	0.015015981
632	22	0.014995309
632	emerg	0.014992991
632	merchant	0.014980915
632	balanc	0.014964286
632	loxlei	0.0149519155
632	furnitur	0.014949073
632	petroleum	0.014947223
632	chaung	0.014940088
632	bago	0.014940088
632	djajanti	0.014939138
632	ej0d9agdft	0.014939138
632	survei	0.014917846
632	rain	0.014896374
632	enquiri	0.014867272
632	12	0.014855004
632	koba	0.014793637
632	wahab	0.014759795
632	usdollar	0.014759574
632	eisf8aesft	0.01471344
632	offici	0.014705183
632	latest	0.0146829495
632	return	0.014681204
632	flour	0.0146800475
632	dreas097aa	0.014675229
632	limeston	0.014654265
632	doi	0.0146542555
632	injunct	0.01464224
632	fluorit	0.014623411
632	sata	0.014614839
632	concess	0.014584475
632	chkboad2ft	0.014579224
632	kundur	0.014579224
632	rm55	0.014569087
632	pocpa	0.014569087
632	optima	0.0145432735
632	dguceaa5ft	0.014529944
632	38	0.014525465
632	1970	0.014524748
632	339	0.01451157
632	futrakun	0.0145111475
632	415	0.014504851
632	006	0.0145024005
632	salt	0.014491332
632	alum	0.014489314
632	93	0.014442449
632	plywood	0.014431515
632	reuter	0.014431437
632	ngap	0.014411389
632	bdza8ad8ft	0.014409218
632	peninsular	0.014403219
632	wolff	0.014392625
632	alumbrera	0.014359067
632	tooth	0.014339083
632	carat	0.014336506
632	leslei	0.01432465
632	myaungmya	0.014312803
632	powder	0.01428806
632	explor	0.014268142
632	15	0.014209837
632	oct	0.014209467
632	troi	0.014199783
632	form	0.014191878
632	membership	0.014176569
632	share	0.014113335
632	tropic	0.014102245
632	nimc	0.0140941525
632	electron	0.014085441
632	continu	0.014085187
632	dispos	0.014084276
632	splendid	0.014079486
632	borg	0.014070431
632	narrow	0.014046744
632	base	0.014025721
632	tawau	0.01402451
632	unifi	0.014013226
632	grade	0.013990603
632	factori	0.013985345
632	smoothen	0.013985175
632	dan	0.013968284
632	list	0.0139660025
632	worldwid	0.013965257
632	sell	0.013955634
632	xinhua	0.01395326
632	shangri	0.0139097525
632	barrier	0.013908727
632	78	0.013899128
632	attribut	0.0138830645
632	celsiu	0.013877661
632	shaw	0.013856813
632	commonwealth	0.013812706
632	defenc	0.01371258
632	river	0.013701624
632	behalf	0.013685869
632	ceramsit	0.013642736
632	karimun	0.013611985
632	98	0.013591231
632	notabl	0.013583871
632	djuc7aglft	0.013580506
632	anywai	0.0135692535
632	dgwchag4ft	0.013544913
632	825	0.013539739
632	moham	0.0135126775
632	oversuppli	0.013486584
632	pjp	0.013480179
632	eemc4agkft	0.01345634
632	rudolf	0.013431867
632	strive	0.013422429
632	minnett	0.013404926
632	bajo	0.013403103
632	bkpm	0.013375469
632	spread	0.013365668
632	whole	0.013347659
632	dibb8afsft	0.0133466935
632	mirabilit	0.013325273
632	bleak	0.013320654
632	rm14	0.013315829
632	rm7	0.013315829
632	bean	0.013291258
632	dredger	0.013285703
632	risk	0.01326266
632	equilibrium	0.013258572
632	sate	0.0132575575
632	negara	0.013249825
632	6	0.013231331
632	goldfield	0.013198814
632	outlook	0.0131827695
632	nervou	0.013163234
632	financi	0.013136006
632	bumiputra	0.013131655
632	dutch	0.01312438
632	ralli	0.013092558
632	1986	0.013060621
632	lhasa	0.013057295
632	1983	0.013057284
632	oana	0.013053394
632	valuabl	0.01303992
632	rm1	0.013035973
632	melaka	0.013035973
632	240	0.01303146
632	great	0.013023979
632	olivin	0.012988685
632	diorit	0.012988685
632	downtrend	0.012983857
632	signal	0.01293844
632	tu	0.012878115
632	meter	0.012867893
632	jln	0.0128552625
632	vietnames	0.012838924
632	2hd	0.012825382
632	longer	0.012814671
632	onli	0.0128033925
632	capita	0.012782303
632	0113	0.012775614
632	emploi	0.012771475
632	widespread	0.012764438
632	dome	0.012712148
632	cesium	0.012707963
632	prospect	0.012686062
632	fee	0.012684786
632	giri	0.012682308
632	serpentin	0.012660468
632	ccfaoagkft	0.012659838
632	brazilian	0.012649721
632	total	0.012647918
632	malign	0.012635484
632	mg	0.01261998
632	ginandjar	0.012599078
632	nuoc	0.012595274
632	smelt	0.012590692
632	notch	0.012573471
632	384	0.012559955
632	quan	0.012534649
632	ce2atad7ft	0.012532327
632	woodsworth	0.01251251
632	delai	0.012503718
632	council	0.012501575
632	053	0.012501142
632	proport	0.012500095
632	dj0cnaf3ft	0.01248972
632	tibetan	0.012484679
632	peninsula	0.0124689
632	ambassador	0.012452181
632	andi	0.012419228
632	kaula	0.012412288
632	dreas098	0.012367686
632	57	0.012327369
632	surfac	0.012305858
632	increas	0.0123030115
632	mok	0.01227049
632	826	0.0122437
632	tract	0.01223194
632	oversold	0.0122272065
632	struggl	0.012213152
632	unrestrain	0.012212854
632	chau	0.012201733
632	ms	0.01219515
632	brighten	0.012191411
632	averag	0.012188187
632	25	0.012178147
632	basalt	0.012167734
632	831	0.012161129
632	hotel	0.012153787
632	big	0.012150296
632	railwai	0.012130939
632	just	0.0121306395
632	awai	0.012121631
632	trieu	0.01211294
632	geologi	0.012082839
632	bullion	0.012081414
632	tree	0.012077721
632	relev	0.012053075
632	jpten010	0.01201615
632	keep	0.012005978
632	ivori	0.011981605
632	resist	0.011966313
632	wast	0.011932168
632	kenneth	0.01192027
632	watch	0.01191834
632	0015	0.011917913
632	investor	0.0119170975
632	drchi083	0.0118867615
632	097m	0.011869427
632	cela7ad9ft	0.011869427
632	045	0.01186581
632	silic	0.011861019
632	408m	0.011860846
632	aitken	0.011853953
632	pluton	0.011852493
632	area	0.011836769
632	sai	0.011836212
632	tibet	0.01182161
632	rose	0.0118182935
632	382m	0.011811914
632	next	0.011809887
632	citic	0.011783636
632	aist	0.011767533
632	headfram	0.011756791
632	cakak	0.011756791
632	chemic	0.011741682
632	worthington	0.011736515
632	expertis	0.011730426
632	aim	0.01172933
632	p6282	0.01172084
632	undauntedli	0.0117163
632	jptep009	0.011712789
632	cuong	0.011705565
632	point	0.011677675
632	cover	0.011677386
632	1993	0.011675318
632	920	0.011672796
632	litr	0.011635316
632	feel	0.011621018
632	set	0.011614476
632	1967	0.01160294
632	ord	0.011598182
632	1950	0.011596642
632	360	0.011583729
632	billiton	0.011567016
632	0933	0.011564141
632	shi	0.011557224
632	slack	0.011544618
632	10	0.011512665
632	19m	0.011507507
632	author	0.011493489
632	carr	0.011476822
632	p6719	0.011473376
632	dfqcfagkft	0.011455416
632	bhd	0.011437206
632	discount	0.011422629
632	sdn	0.011416276
632	won	0.011399177
632	short	0.011393335
632	jaya	0.011362663
632	consciou	0.011341172
632	jpten006	0.011338473
632	divb9abfft	0.0113290595
632	oper	0.01131263
632	barito	0.011307904
632	type	0.011283247
632	mya	0.011278538
632	despair	0.011273454
632	bal	0.011270524
632	stake	0.01126037
632	retreat	0.011249989
632	jalan	0.011229289
632	khoan	0.011194885
632	quickli	0.011188044
632	mosqu	0.011187759
632	remun	0.011180142
632	materi	0.011174041
632	hope	0.011167642
632	pcc	0.011167533
632	176	0.011164826
632	brick	0.011145462
632	drift	0.011140343
632	ismail	0.011132136
632	130	0.011082932
632	lucr	0.011074342
632	decor	0.011070877
632	beverag	0.01106173
632	135	0.011057067
632	djzdhagkft	0.011050094
632	drchi056	0.011037935
632	512m	0.011033456
632	keramat	0.010997224
632	diccmafzft	0.010973933
632	ec2a	0.010967037
632	204m	0.010964412
632	ipp	0.010959954
632	nire	0.010956673
632	ea	0.010952674
632	nullifi	0.010940592
632	dimc4adyft	0.010937637
632	vanadium	0.010913053
632	goldmin	0.010910141
632	english	0.01089313
632	perfect	0.01088243
632	bagri	0.010880437
632	core	0.010878031
632	filter	0.010875922
632	29	0.010869153
632	jitteri	0.010867723
632	bd0apabuft	0.010863261
632	tout	0.010854511
632	overtaken	0.010842773
632	promulg	0.010835285
632	log	0.010805434
632	92	0.010773858
632	p0179	0.010752994
632	146	0.010748746
632	prevent	0.010742466
632	99	0.010735788
632	sawmil	0.010735758
632	boost	0.010731209
632	168m	0.010716883
632	johnston	0.010715202
632	safe	0.01071426
632	cencnaeeft	0.010710684
632	8	0.0107057085
632	muhamad	0.010700679
632	hulu	0.010685159
632	dilawaerft	0.010685159
632	fast	0.010675104
632	tasmania	0.010673495
632	pump	0.010633854
632	engin	0.010623399
632	dauntless	0.010598344
632	breakthrough	0.010589348
632	built	0.010583798
632	plate	0.010573194
632	trade	0.010566068
632	xvz	0.010561298
632	cavalcanti	0.0105335675
632	pickei	0.010530154
632	pengang	0.010530154
632	eh3eiadaft	0.010530154
632	dastek	0.010530154
632	tile	0.010526736
632	april	0.010509405
632	ed1eoagkft	0.0105031915
632	thamanya	0.010500799
632	mawlamya	0.010500799
632	myitthar	0.010500799
632	hlaingbw	0.010500799
632	yezin	0.010500799
632	manung	0.010500799
632	kyondo	0.010500798
632	concretg	0.010500798
632	uniforn	0.010500798
632	pyinkado	0.010500798
632	bayint	0.010500798
632	dooyinseik	0.010500798
632	jointli	0.010500107
632	begin	0.01049006
632	bounc	0.0104884915
632	p0811	0.010452183
632	metallurgi	0.0104434155
632	rock	0.010424932
632	nghe	0.010418034
632	39	0.0104107475
632	collabor	0.01039987
632	race	0.010392941
632	87	0.010384561
632	briefcas	0.0103665525
632	fertil	0.010364308
632	effort	0.010354899
632	bangsar	0.010340523
632	marin	0.010314247
632	porphyri	0.010305548
632	previous	0.01029731
632	227	0.010295042
632	samuel	0.010284635
632	nick	0.010282962
632	157m	0.010278917
632	arrang	0.010277569
632	modern	0.010276158
632	path	0.010275922
632	angu	0.010259894
632	malaccan	0.010257776
632	kingdom	0.010253024
632	lead	0.010251014
632	roland	0.01022628
632	advic	0.010215569
632	nichola	0.010190366
632	calcul	0.010152552
632	hearten	0.010151153
632	oppress	0.010150094
632	tinplat	0.010141711
632	abyss	0.010121512
632	02	0.010118989
632	dreas066	0.010116387
632	potter	0.010106552
632	veget	0.010105115
632	decim	0.010103618
632	alluvi	0.010103113
632	thong	0.0100992955
632	klang	0.010085649
632	paku	0.01008079
632	pyai	0.01008079
632	maubin	0.01008079
632	pyinmana	0.01008079
632	gangaw	0.01008079
632	kawkareik	0.01008079
632	pathein	0.01008079
632	skaw	0.01008079
632	chindwin	0.01008079
632	bamar	0.01008079
632	pakokku	0.01008079
632	fold	0.010078079
632	sudden	0.010071317
632	obtain	0.010068055
632	ampang	0.010056743
632	cast	0.010053328
632	perak	0.01004035
632	16th	0.010038538
632	undp	0.010029398
632	kerri	0.010027436
632	depart	0.009985947
632	corpor	0.009984074
632	due	0.0099770725
632	doorless	0.009976266
632	mon	0.009974141
632	1958	0.009967764
632	cepanabnft	0.009939001
632	fertilis	0.009934856
632	worthi	0.009900257
632	multi	0.009898169
632	321	0.009887173
632	accept	0.0098806955
632	dreas069	0.009879571
632	gsj	0.009878962
632	lacomb	0.009874961
632	voluntari	0.009859888
632	chunk	0.00985659
632	ix	0.009855994
632	skyscrap	0.00984859
632	hua	0.009842672
632	965	0.009805184
632	ossibl	0.009804137
632	ayeyarwaddi	0.009804137
632	bwe	0.009804137
632	280	0.009783697
632	preferenti	0.00974041
632	littl	0.009724637
632	141	0.009716495
632	put	0.009714447
632	centr	0.00968297
632	fetch	0.009682407
632	splendour	0.009649679
632	ceremoni	0.009649138
632	call	0.00964643
632	multifacet	0.009620475
632	incom	0.009619779
632	lucki	0.009602159
632	adr	0.0096006375
632	reinter	0.009598114
632	chetti	0.009598114
632	speical	0.009597503
632	rector	0.009573912
632	lode	0.00956514
632	member	0.009563774
632	evid	0.009562911
632	sapphir	0.009559709
632	import	0.00954085
632	75	0.009536407
632	surplu	0.009532525
632	500m	0.009522177
632	unwil	0.009517836
632	de3aracqft	0.009514663
632	spill	0.009505861
632	macmillan	0.009504322
632	domest	0.009499328
632	oversea	0.009492691
632	resid	0.00944699
632	warburg	0.00944271
632	arduou	0.009439585
632	shortcut	0.009433707
632	kalai	0.009432509
632	volcano	0.009430739
632	perform	0.009426254
632	siam	0.009422784
632	anz	0.0094164405
632	proton	0.009406759
632	sale	0.009399645
632	romant	0.009399377
632	qui	0.009384123
632	iron	0.009382979
632	stop	0.009380166
632	kind	0.009374354
632	histori	0.009370018
632	opec	0.009363951
632	agenc	0.009355488
632	hew	0.009339489
632	process	0.009338765
632	0922	0.009338373
632	backwat	0.009330567
632	dct	0.009321139
632	djxapacrft	0.009319167
632	grub	0.009310788
632	lake	0.009308006
632	unexpect	0.00930713
632	sayadaw	0.009306571
632	certainli	0.009305096
632	bought	0.00930401
632	echelon	0.009302259
632	ill	0.009296667
632	cash	0.009295872
632	wiith	0.009295153
632	payment	0.009294867
632	half	0.009291323
632	deeciaf2ft	0.009260621
632	rapese	0.009221083
632	full	0.009220262
632	inherit	0.009215575
632	handicraft	0.009211152
632	portug	0.0092066
632	optimist	0.009200253
632	increasingli	0.009197437
632	robin	0.009194306
632	denre	0.009193212
632	racial	0.009175097
632	phase	0.009174069
632	1976	0.009171992
632	ation	0.00917122
632	187	0.009162029
632	condominium	0.009158689
632	mandalai	0.0091575505
632	ancient	0.009154038
632	dgyabaccft	0.00915215
632	shell	0.009145986
632	xuan	0.009132143
632	reduc	0.009127025
632	mix	0.009113715
632	non	0.009085509
632	nep	0.009084456
632	mohamad	0.009083624
632	gbz	0.009081909
632	rica	0.009081575
632	tend	0.0090810815
632	hod	0.009079139
632	81m	0.009069788
632	ekjejafoft	0.009068046
632	dreas114	0.009066727
632	standard	0.009058968
632	underground	0.009057806
632	kenerson	0.009054829
632	210	0.009053305
632	ashton	0.009035668
632	fruitfulli	0.009032929
632	dreas039	0.009023755
632	pull	0.00902147
632	bac	0.009020967
632	fix	0.009015885
632	wait	0.009007653
632	organis	0.008997744
632	kampong	0.008981
632	145m	0.008966517
632	long	0.008938677
632	transpar	0.008929581
632	temperatur	0.008925408
632	1902	0.008880981
632	recover	0.008876782
632	dam	0.008867163
632	salleh	0.008850716
632	effluent	0.008844769
632	112	0.008841241
632	guatemala	0.008811831
632	araujo	0.008811555
632	turnov	0.008793216
632	soyabean	0.008791373
632	happi	0.008780747
632	real	0.008774286
632	permit	0.008768984
632	huge	0.008764572
632	636m	0.008748824
632	across	0.008747723
632	355	0.008743413
632	ndp	0.00874326
632	strength	0.008733095
632	61m	0.008732286
632	monsoon	0.008729147
632	specialist	0.008723235
632	varieti	0.008716282
632	07m	0.008710962
632	broad	0.00870814
632	raj	0.008707704
632	evalu	0.008707667
632	67m	0.0087042255
632	irian	0.008699666
632	358m	0.008698154
632	sladku	0.008692657
632	march	0.008690272
632	roofless	0.008678958
632	knowledg	0.008673476
632	ehldrafbft	0.00866123
632	thaton	0.008659027
632	091	0.0086434195
632	p1061	0.008643252
632	aug	0.008638634
632	500kg	0.008637419
632	31	0.008624103
632	wander	0.008621455
632	ty	0.008609098
632	flavor	0.00859734
632	016	0.008591754
632	estim	0.008587699
632	dreas059	0.008581589
632	thami	0.008580617
632	390	0.008575626
632	ornat	0.0085484395
632	tep	0.008546554
632	sulfur	0.008544375
632	phuket	0.008539924
632	pledg	0.008537054
632	transform	0.008529235
632	simplif	0.008513957
632	bigg	0.008513764
632	110m	0.008510185
632	168	0.008508946
632	quick	0.008508792
632	tunnel	0.00850558
632	discourag	0.008502771
632	spici	0.008501622
632	uncondition	0.008496553
632	plaqu	0.00848428
632	000kg	0.008482765
632	oh	0.008480832
632	want	0.008473966
632	hurri	0.0084655285
632	098	0.008463463
632	huf	0.008462894
632	xanadu	0.008457502
632	malayasia	0.008454098
632	pre	0.008453878
632	doom	0.008437292
632	progess	0.008435142
632	betel	0.008435142
632	871	0.008427306
632	94	0.0084186
632	bring	0.008410929
632	wipe	0.008407564
632	suffici	0.008397325
632	groundnut	0.008391858
632	ordinari	0.008391386
632	retent	0.008387682
632	207	0.008380919
632	937	0.008370528
632	enhanc	0.008370334
632	adsorpt	0.008368515
632	53m	0.008368174
632	pa	0.00836817
632	gatt	0.0083545055
632	third	0.008351876
632	cousin	0.008343527
632	children	0.008334793
632	deal	0.008321767
632	show	0.008315077
632	dj0cnaf4ft	0.008313487
632	1328	0.008311908
632	umno	0.008305865
632	357m	0.008304456
632	brigg	0.0083011035
632	55	0.008278227
632	overnight	0.008261114
632	empir	0.008260817
632	097	0.00824964
632	mechanis	0.008241831
632	waterwai	0.008239385
632	cikcnafuft	0.008228489
632	mainli	0.008228082
632	eh3eiacuft	0.008226677
632	snag	0.008220064
632	berjuntai	0.008213658
632	dc3cgagnft	0.008213658
632	hindu	0.008201831
632	naung	0.008191209
632	inorgan	0.008187432
632	ow	0.008182318
632	difficult	0.008172606
632	083	0.008170945
632	hover	0.008162055
632	dewat	0.008161697
632	anderson	0.008152951
632	meet	0.00815142
632	smelter	0.008147718
632	murrai	0.008142892
632	420	0.008136868
632	conduct	0.008134628
632	annapporna	0.008134168
632	gombak	0.008134168
632	belia	0.008134168
632	competitev	0.008128319
632	cibbcae0ft	0.008128319
632	mere	0.008114268
632	antimoni	0.008113844
632	lab	0.008107658
632	wholli	0.008099779
632	touch	0.008074148
632	preliminarili	0.008063618
632	yin	0.008056758
632	257	0.0080500115
632	derdaagaft	0.008048621
632	tighten	0.008039053
632	carbon	0.008038383
632	stipul	0.0080230115
632	115	0.008012685
632	octavio	0.00801008
632	reopen	0.007997879
632	abid	0.007996887
632	fat	0.0079827
632	forthcom	0.007965492
632	capitalis	0.007963737
632	simplifi	0.007963556
632	dreas057	0.007956898
632	voic	0.007956542
632	550m	0.007947632
632	cat	0.007940069
632	hardship	0.007926933
632	flux	0.007925494
632	cai	0.007923067
632	inroad	0.007912425
632	decis	0.007909678
632	introduc	0.007907724
632	overproduct	0.007903416
632	breather	0.007899746
632	84m	0.007896152
632	congeni	0.007896017
632	jpr	0.007890007
632	toxic	0.007878169
632	municip	0.007858828
632	prayer	0.007820771
632	114	0.007818418
632	ngt	0.007807741
632	crystal	0.0078028715
632	restrict	0.0077980626
632	rang	0.0077966675
632	tvb	0.0077855745
632	wednesdai	0.0077648596
632	guanxi	0.0077484725
632	shrunk	0.007748263
632	repo	0.0077479165
632	java	0.0077464697
632	103m	0.007738018
632	myanmar	0.0077351006
632	uninspir	0.007727649
632	oilston	0.007727543
632	terbium	0.007727543
632	piezocryst	0.007727543
632	mussit	0.007727543
632	alumit	0.007727543
632	dysprosium	0.007727543
632	rumour	0.0077161416
632	polym	0.0077104783
632	declin	0.0077094994
632	dai	0.007705847
632	prosper	0.0077010943
632	dimmer	0.0076947873
632	storehous	0.0076904506
632	felguera	0.0076876776
632	ebucradzft	0.0076876776
632	crude	0.007684959
632	manganes	0.007683613
632	dreas122	0.007681604
632	122	0.0076815975
632	somnol	0.007679294
632	tsu	0.007677093
632	ferroalloi	0.0076626497
632	car	0.0076540187
632	make	0.0076523772
632	upward	0.007651373
632	joss	0.0076491414
632	jitter	0.007645322
632	1	0.007644305
632	substanc	0.0076405476
632	oldest	0.007637209
632	refractori	0.00762751
632	copper	0.007620531
632	readi	0.0076153297
632	diffus	0.0075990134
632	tantalum	0.0075989743
632	ce2atagdft	0.0075975596
632	kampit	0.0075975596
632	myah	0.0075975596
632	gammon	0.007592465
632	niobium	0.007592208
632	0930	0.007580587
632	chocol	0.0075723026
632	inflationari	0.0075698164
632	curb	0.007565469
632	potassium	0.0075645377
632	creativ	0.007548085
632	tariff	0.0075424304
632	sylvit	0.0075262375
632	kyanit	0.007515472
632	niter	0.007515471
632	kayah	0.0075138113
632	010	0.007506069
632	jul	0.007503949
632	metaleurop	0.007497164
632	950	0.007495992
632	chicken	0.0074954904
632	buxton	0.0074942256
632	handed	0.0074913013
632	pod	0.007489313
632	cave	0.007488978
632	worst	0.007481776
632	quantiti	0.007480801
632	bid	0.0074741654
632	scandal	0.007473409
632	acr	0.007473152
632	17	0.0074677193
632	1977	0.0074657123
632	layer	0.007461823
632	accumul	0.007460834
632	27	0.007450392
632	night	0.007446265
632	indonesian	0.0074427896
632	appli	0.00743381
632	91	0.007429798
632	mauricio	0.007427808
632	64	0.007425139
632	804	0.0074192495
632	05m	0.007412938
632	121m	0.0073920577
632	minimis	0.0073889047
632	dfkb5agift	0.0073880763
632	reloc	0.0073839934
632	color	0.00738048
632	frustrat	0.0073728687
632	275	0.007372474
632	556	0.007365341
632	thulium	0.007357073
632	hornblend	0.007357073
632	gneiss	0.007357073
632	sampl	0.0073507046
632	robusta	0.0073461183
632	sunset	0.00734544
632	contamin	0.00734424
632	lime	0.0073414054
632	gni	0.0073404606
632	69	0.007339071
632	elucid	0.0073283506
632	pigment	0.007322393
632	voluntarili	0.0073203617
632	option	0.0073189386
632	368	0.007315861
632	note	0.0073005278
632	9	0.0072999178
632	kelapa	0.007293674
632	lugubri	0.0072928085
632	laid	0.0072910045
632	downturn	0.007290981
632	calcium	0.007286554
632	kampung	0.007283739
632	069	0.0072781816
632	annual	0.0072756857
632	353	0.0072699054
632	characterist	0.0072562085
632	arid	0.0072558494
632	left	0.0072551835
632	moorish	0.0072506764
632	nien	0.007249806
632	haji	0.007247421
632	bagass	0.007246546
632	hock	0.007240054
632	cultiv	0.0072368016
632	332	0.007236519
632	syenit	0.007230595
632	ytterbium	0.007230595
632	samarium	0.007230595
632	praseodymium	0.007230595
632	pearlit	0.007230595
632	bullish	0.007220758
632	reward	0.0072199367
632	laut	0.0072002467
632	xenophob	0.007190222
632	halv	0.007189555
632	koon	0.0071870154
632	industrialist	0.007184138
632	undreamt	0.007177528
632	104	0.0071677696
632	066	0.0071582077
632	effus	0.0071567274
632	bulletin	0.0071444986
632	km	0.007137241
632	black	0.0071362457
632	be	0.0071294243
632	site	0.007127497
632	7bn	0.007126887
632	ltd	0.00712595
632	bromin	0.007125441
632	rhenium	0.007125305
632	pozzolan	0.007125305
632	cuisin	0.0071167573
632	sucr	0.007112945
632	bulk	0.0071051638
632	sugar	0.0071038865
632	fruit	0.007099027
632	nei	0.0070968713
632	aluminium	0.007096329
632	hit	0.007095099
632	distribut	0.0070914207
632	willing	0.0070807715
632	purpl	0.0070784213
632	extract	0.0070734173
632	bridg	0.0070729344
632	pinto	0.007069866
632	miss	0.0070663635
632	vari	0.007062636
632	0	0.0070515727
632	prof	0.007046799
632	meantim	0.007041156
632	bright	0.007039923
632	unsuit	0.007038836
632	rubidium	0.007035111
632	europium	0.007035111
632	p6726	0.0070328843
632	480m	0.0070316177
632	luc	0.007031265
632	nasi	0.0070293876
632	girder	0.007027434
632	nephelin	0.007004802
632	lose	0.0070042787
632	improv	0.0069992514
632	face	0.0069981124
632	193	0.006996156
632	murthi	0.0069948803
632	dane	0.006991344
632	advent	0.0069842855
632	650	0.006984253
632	usz	0.006982329
632	dissolv	0.006978305
632	freeport	0.006974959
632	lectur	0.0069700545
632	rare	0.006968246
632	analyz	0.0069671045
632	follow	0.006965178
632	payabl	0.006960921
632	corundum	0.006956223
632	677	0.006955378
632	repel	0.0069506946
632	hiatu	0.0069483924
632	mark	0.0069468156
632	bundesbank	0.0069443546
632	post	0.0069439267
632	exercis	0.0069431425
632	preussag	0.0069415183
632	41m	0.00694095
632	repar	0.0069340034
632	mud	0.0069229933
632	hafnium	0.006921268
632	kit	0.0069094067
632	p1499	0.0069092
632	decad	0.0069073546
632	p3341	0.00690687
632	businessman	0.00689144
632	ecuador	0.00688874
632	279	0.0068820263
632	bottom	0.0068816515
632	reaction	0.006876842
632	ga	0.006859412
632	coleridg	0.0068577235
632	96	0.0068536
632	dh4cvae7ft	0.006851358
632	1992p	0.006851358
632	puf	0.006851028
632	unexploit	0.006848544
632	indian	0.0068446766
632	outdo	0.0068432684
632	provinc	0.0068400367
632	depth	0.006839952
632	asbesto	0.006832343
632	obsess	0.006829246
632	7796	0.00682304
632	tuo	0.00682304
632	releas	0.006821125
632	amaz	0.0068173273
632	infirm	0.006812942
632	preprocess	0.0068034627
632	36m	0.0068032
632	dynam	0.0068000797
632	evapor	0.006799564
632	taken	0.006797564
632	dingi	0.0067967484
632	contain	0.0067929514
632	376	0.006789775
632	inti	0.0067853443
632	feldspar	0.006778876
632	footwear	0.006778725
632	calibr	0.006772565
632	spire	0.0067610475
632	numer	0.0067572473
632	rapidli	0.006752302
632	aquacultur	0.006743926
632	dwell	0.0067407885
632	462	0.0067378045
632	stanlei	0.0067329314
632	continent	0.0067255874
632	kuantan	0.0067252493
632	7391	0.006713148
632	charcoal	0.006705817
632	nasir	0.0067038443
632	transitori	0.006703549
632	cie	0.0067034797
632	curri	0.0066971127
632	scandium	0.006688498
632	1959	0.006686053
632	lofti	0.0066805235
632	colon	0.0066764345
632	erbium	0.0066646417
632	lacquer	0.006658141
632	tempt	0.006650854
632	bu	0.0066505414
632	bulchandani	0.0066435398
632	sharper	0.006641301
632	p79	0.006639796
632	fed	0.0066375737
632	condit	0.0066285483
632	euan	0.0066283247
632	ribao	0.006626976
632	1998	0.0066105155
632	p1041	0.006610097
632	durian	0.0066098287
632	materialist	0.006595082
632	collect	0.0065881857
632	teak	0.0065881386
632	diametr	0.006585299
632	83m	0.006580456
632	ec	0.0065796976
632	08	0.006579271
632	allow	0.006578157
632	mudston	0.006577569
632	tourmalin	0.006577569
632	lanthanum	0.006577569
632	soak	0.0065745227
632	250	0.006574164
632	page	0.006569407
632	056	0.006568588
632	rippl	0.006565731
632	decidedli	0.0065652197
632	proffer	0.0065647913
632	ration	0.0065627047
632	attempt	0.006558816
632	goa	0.0065571163
632	04	0.006556323
632	granit	0.006551908
632	reverend	0.006539703
632	program	0.0065352875
632	intent	0.006527543
632	turmoil	0.0065272753
632	aqazadeh	0.006526783
632	20m	0.0065255407
632	356	0.0065178988
632	ooz	0.006506124
632	biomass	0.006500811
632	willink	0.0064994944
632	unionis	0.0064979936
632	eck	0.006494705
632	pylon	0.006488163
632	worship	0.006486365
632	dreas088	0.0064861327
632	157	0.006484707
632	arz	0.006480806
632	guidebook	0.006473688
632	cerium	0.0064660534
632	gallium	0.0064616883
632	bfn	0.0064569064
632	forsaken	0.0064447564
632	gazeta	0.0064383983
632	eighth	0.006435047
632	vermiculit	0.0064328723
632	obsidian	0.0064328723
632	piou	0.00643237
632	bearish	0.006431712
632	consult	0.0064262664
632	osmium	0.0064207516
632	reestablish	0.0064175846
632	norton	0.0064174295
632	039	0.006415561
632	transship	0.0064064125
632	tellurium	0.0064013526
632	4797	0.0064013526
632	reflect	0.006398721
632	180	0.00637887
632	blister	0.006378734
632	01	0.006372501
632	strenuous	0.0063646957
632	kowloon	0.0063600014
632	caus	0.0063575315
632	drizzl	0.0063542994
632	grow	0.006352679
632	fish	0.006345958
632	minaret	0.006344466
632	4724	0.0063426793
632	2761	0.0063426793
632	secondari	0.0063405777
632	devi	0.0063296724
632	p9611	0.0063255425
632	gholamreza	0.0063252347
632	oxidis	0.006309189
632	amazon	0.0063077724
632	allahu	0.0063051735
632	pager	0.00630164
632	testifi	0.00629534
632	kipl	0.006292405
632	8944	0.0062890067
632	talcum	0.0062890067
632	concessionari	0.006287574
632	dug	0.006278566
632	hai	0.006276117
632	kept	0.0062734457
632	pedigre	0.006270644
632	yttrium	0.0062637916
632	kitcat	0.0062628197
632	magnesium	0.0062583825
632	valu	0.006257916
632	1984	0.00625734
632	partial	0.006255471
632	sg	0.0062492476
632	prais	0.0062445607
632	compet	0.0062424806
632	sewerag	0.0062295967
632	352	0.006225018
632	worldli	0.006223535
632	vertigo	0.0062225517
632	sovereignti	0.0062017785
632	pumic	0.0061981846
632	wilt	0.006192553
632	adjoin	0.006175865
632	jesuit	0.0061743143
632	xavier	0.006173845
632	germanium	0.006171953
632	thallium	0.006171953
632	142	0.00616993
632	itit	0.006167815
632	fuller	0.0061634732
632	p4581	0.006162745
632	215	0.00616265
632	autom	0.006158146
632	recoveri	0.006156028
632	ultim	0.0061555686
632	flower	0.0061549554
632	garment	0.0061532683
632	portfolio	0.006152188
632	4848	0.006150942
632	intercours	0.0061491407
632	bull	0.006145448
632	40bn	0.0061454354
632	nervous	0.0061415965
632	trillion	0.006132286
632	gt	0.006129256
632	morgan	0.006127142
632	722	0.006125336
632	shudder	0.006123608
632	group	0.0061234576
632	work	0.0061196173
632	build	0.0061191013
632	ion	0.006115681
632	duro	0.0061136098
632	sold	0.006112511
632	shore	0.0061050206
632	fail	0.006103977
632	silica	0.0061004637
632	doldrum	0.0061000152
632	122m	0.0060951314
632	siang	0.0060927435
632	immacul	0.0060927356
632	467	0.0060918634
632	royal	0.006088842
632	indium	0.0060887537
632	fratern	0.006088593
632	soil	0.006076996
632	1478	0.0060737217
632	agat	0.0060732705
632	widescal	0.006072612
632	800km	0.006071694
632	dress	0.0060651046
632	medium	0.006062787
632	princ	0.0060589383
632	calcit	0.0060541905
632	dato	0.006053055
632	perceiv	0.006050325
632	849	0.00604856
632	pois	0.006046177
632	beauti	0.006030997
632	wildcat	0.006029708
632	rel	0.0060045416
632	tremolit	0.00600413
632	concav	0.00600413
632	adept	0.0059935898
632	nod	0.0059838924
632	calabria	0.005981256
632	sensual	0.00597982
632	sit	0.0059797904
632	fujikoshi	0.0059771063
632	bosch	0.005976319
632	hin	0.0059724012
632	3021	0.0059722103
632	degre	0.005971941
632	269	0.0059716147
632	supervis	0.0059682396
632	lex	0.0059669176
632	unwari	0.005962919
632	countrywid	0.0059565366
632	wive	0.0059523783
632	70m	0.0059481924
632	programm	0.0059474846
632	trickier	0.0059450446
632	nachi	0.005944905
632	connect	0.005944532
632	koh	0.0059406054
632	beach	0.0059386874
632	rampant	0.0059345807
632	009	0.005932768
632	justic	0.005931902
632	1989	0.0059301616
632	map	0.005927443
632	shortfal	0.0059225415
632	foo	0.005920214
632	363m	0.005915958
632	phosphat	0.005909827
632	froth	0.0058968086
632	friendship	0.0058966586
632	p3679	0.00589506
632	ply	0.005891967
632	borer	0.005890495
632	059	0.0058829533
632	taxi	0.005882447
632	042	0.0058742715
632	knock	0.0058734575
632	057	0.005872588
632	unfit	0.005864334
632	econ	0.0058629382
632	approv	0.005852184
632	minutia	0.0058514746
632	482	0.0058507044
632	den	0.005848663
632	percentag	0.0058457316
632	flood	0.0058364864
632	portion	0.0058356193
632	colour	0.005832894
632	zrz	0.0058324854
632	drawdown	0.005830549
632	topographi	0.005819185
632	precondit	0.0058134943
632	0424	0.005808646
632	shop	0.0058078053
632	nrlm	0.005804509
632	virtual	0.0058038863
632	diatomit	0.0058030603
632	3	0.00580177
632	yard	0.005801039
632	topaz	0.0057850815
632	6850	0.005776738
632	polyurethan	0.0057763816
632	fook	0.005775883
632	kowtow	0.005774611
632	395	0.005774542
632	nur	0.005771467
632	histor	0.0057713334
632	steadier	0.005770237
632	400	0.005767967
632	worthwhil	0.005767347
632	fatherland	0.0057662665
632	clamber	0.0057654916
632	economi	0.005765429
632	rice	0.005765139
632	multipli	0.0057651387
632	0960	0.0057623666
632	bb	0.005759538
632	packag	0.0057569933
632	swap	0.00575401
632	textil	0.005745212
632	baht	0.0057412707
632	fri	0.0057369485
632	sioe	0.005734821
632	036	0.005734591
632	onward	0.005732543
632	multifunct	0.0057324083
632	fortun	0.005723712
632	g7	0.0057216454
632	hung	0.005721298
632	barham	0.0057202997
632	tau	0.005715905
632	foot	0.0057146037
632	um	0.0057126954
632	canter	0.005711052
632	silva	0.005709872
632	2094	0.005708921
632	wish	0.0057023047
632	spontan	0.005699215
632	cop	0.00569656
632	73	0.005695742
632	797	0.005695282
632	fine	0.0056911656
632	mee	0.005691079
632	jeddah	0.005690793
632	attain	0.0056894594
632	ochr	0.0056887497
632	belat	0.0056885118
632	chase	0.005687818
632	proper	0.005687032
632	dissuad	0.005684226
632	simultan	0.005682324
632	commun	0.005680424
632	gambl	0.0056778025
632	174	0.0056754663
632	optimum	0.0056704413
632	toothless	0.00564303
632	margin	0.00563995
632	time	0.0056399214
632	sight	0.005635089
632	18m	0.005635062
632	muslim	0.0056342497
632	equit	0.0056317006
632	184	0.0056230305
632	assign	0.0056199557
632	alkali	0.0056190873
632	choppi	0.005614328
632	nibh	0.0056096613
632	brightli	0.005608652
632	withhold	0.0056020636
632	spectr	0.00559431
632	evergreen	0.005594109
632	fluidiz	0.005584062
632	aquino	0.005580431
632	0425	0.005579654
632	sat	0.0055788085
632	neglect	0.0055739633
632	rule	0.0055715754
632	design	0.005566375
632	385	0.005557978
632	costa	0.0055559487
632	thorium	0.0055529694
632	wealthi	0.0055477563
632	patriarch	0.0055430927
632	brine	0.0055430685
632	178	0.0055427332
632	tomb	0.0055405586
632	determin	0.005538812
632	imit	0.0055371537
632	waterfront	0.005535376
632	liquor	0.0055337274
632	weathervan	0.0055334093
632	directli	0.005532313
632	limp	0.005529823
632	highwai	0.0055288323
632	live	0.005526525
632	coupl	0.005524954
632	confin	0.00552474
632	giveawai	0.0055215145
632	slate	0.0055200546
632	gnp	0.005519925
632	garnet	0.0055191917
632	musti	0.0055147023
632	foothil	0.0055108275
632	restaur	0.0055050226
632	honestli	0.005503596
632	graphit	0.005501486
632	hydraul	0.0055013485
632	cheap	0.005500644
632	pilgrimag	0.005500345
632	indisciplin	0.0054992735
632	receipt	0.005492406
632	andean	0.00548311
632	bitumen	0.0054780054
632	marl	0.0054585105
632	honour	0.0054556713
632	purif	0.0054517225
632	p2076	0.005448528
632	move	0.0054435907
632	influenc	0.0054221936
632	convex	0.00542048
632	futil	0.0054194094
632	vi	0.0054189977
632	ravi	0.0054143723
632	million	0.005414226
632	came	0.00541355
632	aunt	0.0054124454
632	gypsum	0.0054090396
632	old	0.005402371
632	widen	0.0053991745
632	shelf	0.0053976444
632	loom	0.0053967433
632	skipper	0.0053893793
632	unidanmark	0.005387415
632	choic	0.0053853663
632	stood	0.00537614
632	papaya	0.005374194
632	select	0.00536769
632	percent	0.0053663114
632	merchandis	0.0053614024
632	000mw	0.0053549744
632	nonmetal	0.005351519
632	kyat	0.005349751
632	brackish	0.0053495658
632	14	0.0053438144
632	ultra	0.0053428696
632	crispi	0.0053400034
632	coal	0.005337433
632	ruthenium	0.005329394
632	effect	0.005327118
632	p7011	0.005314612
632	sediment	0.0053121205
632	held	0.0053081005
632	entail	0.0053070234
632	anwar	0.005303295
632	temper	0.005298194
632	bevi	0.0052955616
632	371	0.005292899
632	laboratori	0.0052902857
632	respond	0.0052799326
632	daili	0.005274488
632	procedur	0.005268956
632	jurisdict	0.005268688
632	measur	0.0052682487
632	p3711	0.0052671824
632	sulfid	0.0052666217
632	glut	0.005265387
632	shortest	0.0052644904
632	goodhart	0.005263621
632	secret	0.0052622305
632	failur	0.0052619088
632	climb	0.005260436
632	1857	0.005251903
632	muddi	0.005242177
632	thenium	0.0052405624
632	tombarthit	0.0052405624
632	adolinium	0.0052405624
632	beryllum	0.0052405624
632	zicomium	0.0052405624
632	taitanium	0.0052405624
632	molyb	0.0052405624
632	disbas	0.0052405624
632	hahni	0.0052405624
632	ymium	0.0052405624
632	amond	0.0052405624
632	utetium	0.0052405624
632	denum	0.0052405624
632	magnesi	0.0052405624
632	neod	0.0052405624
632	jap	0.0052387724
632	illeg	0.005238306
632	barrick	0.0052341055
632	cinder	0.0052340906
632	ita	0.0052264524
632	sep	0.0052244114
632	avail	0.0052240943
632	whip	0.0052231397
632	fade	0.0052215164
632	752	0.005220345
632	etl	0.005214753
632	prove	0.005213994
632	vallei	0.0052098064
632	colombia	0.0052065854
632	depict	0.0051969676
632	subject	0.0051932805
632	sultan	0.005192241
632	street	0.00519089
632	troll	0.0051868404
632	hut	0.0051857913
632	tirelessli	0.0051853373
632	foregon	0.0051777656
632	draw	0.0051764194
632	irresist	0.005175614
632	closur	0.00516763
632	employ	0.005158469
632	firmli	0.0051560355
632	sach	0.005137907
632	clean	0.0051338067
632	eclips	0.0051336824
632	combust	0.005133152
632	stalk	0.005131534
632	rai	0.005131228
632	lb	0.005121152
632	rainbow	0.0051203417
632	craft	0.005118753
632	poetri	0.005114014
632	simpl	0.005113752
632	suspect	0.005111826
632	text	0.00511087
632	adsorb	0.005109674
632	breakfast	0.005107882
632	decamp	0.0051060477
632	frontier	0.005104766
632	static	0.005098928
632	vietnam	0.0050987494
632	breach	0.005097573
632	subsidi	0.005088091
632	atol	0.005083292
632	overbought	0.0050772135
632	etern	0.0050748806
632	favour	0.0050736996
632	weari	0.0050735166
632	goldman	0.0050731506
632	139	0.0050715418
632	christ	0.005071245
632	coeffici	0.005068122
632	manhattan	0.005066623
632	surround	0.0050641173
632	thatcher	0.005060184
632	educ	0.005058841
632	forefront	0.0050579915
632	934	0.0050574006
632	fabul	0.0050555575
632	1994	0.0050521996
632	telefonica	0.005051955
632	coutur	0.005048131
632	stretch	0.0050445367
632	490	0.005037999
632	sium	0.0050309524
632	unpaid	0.0050249146
632	bet	0.0050246133
632	balfour	0.0050244983
632	william	0.0050204997
632	ci	0.005014441
632	ao	0.005012331
632	terrac	0.0050099613
632	abdul	0.0050099413
632	pamphlet	0.004998583
632	endeavour	0.0049880845
632	deficit	0.0049865237
632	consortium	0.004985183
632	mercantil	0.004984358
632	swept	0.00498172
632	992	0.004979112
632	unlik	0.0049781543
632	p9311	0.004974553
632	radon	0.004974256
632	observ	0.004972511
632	fanfar	0.004968818
632	constraint	0.0049621905
632	accomod	0.0049615055
632	launch	0.0049613407
632	paint	0.004955943
632	mouth	0.0049558356
632	capit	0.0049537476
632	cross	0.0049520005
632	breakneck	0.004948613
632	near	0.004945501
632	groundwat	0.0049448996
632	thrash	0.0049426854
632	helium	0.004942253
632	condition	0.004940152
632	1957	0.0049316976
632	sign	0.004926038
632	announc	0.0049239006
632	bp	0.004921721
632	y110	0.004921658
632	overse	0.0049171727
632	roof	0.0049104933
632	intel	0.0049060895
632	rodrigo	0.0049058567
632	isi	0.0049019055
632	reclam	0.004898332
632	portugues	0.0048972745
632	invit	0.004896307
632	chow	0.004893141
632	pyrophyllit	0.0048928848
632	795	0.00488258
632	p2711	0.00487952
632	selenium	0.004878632
632	berat	0.00487808
632	urg	0.004876396
632	palladium	0.004870743
632	hierarch	0.0048704557
632	riski	0.00486803
632	appal	0.0048662587
632	renown	0.004866097
632	711	0.004863218
632	430	0.0048617087
632	vision	0.004854692
632	fiji	0.004853095
632	expansionari	0.0048498614
632	amass	0.0048480663
632	coastlin	0.0048469347
632	flop	0.0048425505
632	cue	0.0048424583
632	whittl	0.0048406557
632	piqu	0.004840286
632	loser	0.0048376345
632	usa	0.0048312643
632	thinner	0.0048304163
632	dice	0.0048258235
632	robberi	0.004817389
632	heat	0.004811858
632	broth	0.0048092846
632	quarterli	0.0048090667
632	383	0.0048059057
632	expatri	0.004803814
632	prostitut	0.004803005
632	iridium	0.0048025264
632	falter	0.0048019835
632	refus	0.004798359
632	iraq	0.0047962833
632	beatti	0.004778367
632	unreli	0.0047764033
632	070	0.0047726547
632	implement	0.0047716512
632	taiwanes	0.004769117
632	plot	0.0047662924
632	glamour	0.0047605964
632	weber	0.004756183
632	espous	0.0047556288
632	divis	0.0047524595
632	pyrit	0.004749908
632	1981	0.0047488958
632	p0112	0.0047420785
632	web	0.0047420007
632	54bn	0.004738426
632	sub	0.0047369506
632	exot	0.004735388
632	vna	0.0047334484
632	exacerb	0.0047332924
632	defeat	0.0047331005
632	95bn	0.004732266
632	covertli	0.004729695
632	undercapitalis	0.004727049
632	beatrix	0.00472656
632	945	0.004725429
632	formul	0.0047245505
632	highli	0.0047230944
632	upstart	0.0047216583
632	obviat	0.0047215517
632	motel	0.004720543
632	dark	0.004716897
632	rug	0.004712676
632	055	0.0047070677
632	figur	0.0047065183
632	natwest	0.004693192
632	canai	0.004689633
632	mesti	0.004689633
632	kerabu	0.004689633
632	mahamariamman	0.004689633
632	campur	0.004689633
632	percik	0.004689633
632	teau	0.004689633
632	popiah	0.004689633
632	murtaba	0.004689633
632	songkok	0.004689633
632	lumpurian	0.004689633
632	malaysiajennif	0.004689633
632	lobak	0.004689633
632	air	0.0046869316
632	sawn	0.0046776463
632	896	0.00467641
632	grind	0.004672215
632	haut	0.004669165
632	yellow	0.0046681664
632	1bn	0.0046679857
632	intern	0.004664122
632	persist	0.0046562497
632	350	0.0046558175
632	comex	0.004645904
632	templeton	0.0046457252
632	adjac	0.0046448037
632	067	0.00464194
632	atmospher	0.0046316683
632	keel	0.0046300213
632	suit	0.0046270117
632	sentiment	0.0046248306
632	820	0.004623938
632	brokerag	0.0046218457
632	088	0.0046183467
632	script	0.0046121175
632	split	0.0046108593
632	jade	0.0046066605
632	476	0.0046025813
632	eiu	0.0046016416
632	p2411	0.00460106
632	insect	0.004599194
632	823	0.004594098
632	frigat	0.004591542
632	expresswai	0.0045866533
632	oasi	0.004586407
632	divers	0.004580822
632	recor	0.00458015
632	1100	0.004578793
632	grid	0.0045737023
632	strenuou	0.004573699
632	636	0.004569443
632	19th	0.0045670858
632	wasteland	0.004565762
632	fring	0.004562422
632	hewlett	0.004561598
632	ebb	0.004560422
632	suprem	0.004558876
632	22bn	0.00455761
632	liem	0.0045483345
632	hing	0.004543747
632	legislatur	0.0045432607
632	raja	0.004540644
632	composur	0.004538826
632	direct	0.004536365
632	latitud	0.004535421
632	alcoa	0.0045350133
632	pancak	0.004532745
632	popular	0.0045315046
632	aforement	0.004530868
632	bound	0.004530439
632	tacitli	0.004527784
632	avers	0.0045271325
632	insurg	0.0045251166
632	misguid	0.004522938
632	xian	0.0045219455
632	microcapsul	0.004515576
632	sunris	0.004510737
632	journal	0.004509637
632	bubbl	0.0045042234
632	pilau	0.004502058
632	barit	0.0044964273
632	ha	0.004495835
632	astut	0.0044946168
632	stainless	0.0044944175
632	carbid	0.0044937967
632	fortress	0.004480767
632	903	0.004479192
632	885	0.004477586
632	1946	0.004477224
632	church	0.004474414
632	262	0.0044743405
632	magnesit	0.0044741007
632	unscath	0.0044738534
632	testimoni	0.004473564
632	ritual	0.0044734715
632	350m	0.0044703265
632	reluctantli	0.004468251
632	kelantan	0.0044623897
632	overtim	0.004462134
632	mishap	0.004458197
632	chat	0.0044547943
632	ancestr	0.0044541755
632	reconfirm	0.004453468
632	30bn	0.0044424003
632	450m	0.0044385227
632	74	0.004433334
632	54m	0.004432999
632	volcan	0.004431848
632	rev	0.0044272733
632	leav	0.004424918
632	underweight	0.0044247746
632	applic	0.004420764
632	sinkiang	0.0044199442
632	geo	0.0044189575
632	condom	0.0044188444
632	cautious	0.004417843
632	chequer	0.00441102
632	boundari	0.004410035
632	nation	0.004409414
632	dire	0.004407538
632	traffic	0.004404436
632	concert	0.004392725
632	grei	0.0043900595
632	lignocellulos	0.0043794555
632	231	0.0043794424
632	p4911	0.0043788003
632	hujan	0.0043785055
632	laksa	0.004378505
632	perch	0.0043780464
632	shrink	0.0043755216
632	planner	0.0043682503
632	dozen	0.004359266
632	contempl	0.004359025
632	impress	0.004356756
632	nightmar	0.004344982
632	790	0.004344455
632	success	0.0043439
632	report	0.004343834
632	packard	0.00434309
632	eros	0.004340589
632	outnumb	0.0043395096
632	unus	0.004334131
632	42	0.004331855
632	captur	0.0043310337
632	powerfulli	0.0043304907
632	healthiest	0.004330245
632	tighter	0.00432845
632	accord	0.0043282053
632	foundri	0.0043275603
632	cloud	0.004326532
632	trend	0.00432556
632	fear	0.0043220636
632	burrow	0.0043110913
632	nian	0.0043096365
632	plastic	0.004308758
632	ad	0.00430676
632	try	0.004305966
632	item	0.0043042926
632	smooth	0.00430414
632	bali	0.0043039997
632	phosphoru	0.004297547
632	metallgesellschaft	0.0042970534
632	easili	0.0042960346
632	feet	0.004292989
632	insecticid	0.0042884382
632	brickfield	0.0042862226
632	ayam	0.0042862226
632	14m	0.004282964
632	barton	0.004282368
632	august	0.0042784405
632	reinforc	0.0042754174
632	85	0.004275096
632	cheng	0.0042744437
632	gave	0.004273319
632	iodin	0.0042676344
632	ridicul	0.00426508
632	tradit	0.004260028
632	undaunt	0.0042569176
632	wildli	0.0042536743
632	weigh	0.0042446423
632	quandari	0.004239765
632	shan	0.004238825
632	holder	0.0042387084
632	darken	0.0042334893
632	mile	0.0042256983
632	passiv	0.004225304
632	1913	0.0042240224
632	dev	0.0042215907
632	contractu	0.0042203004
632	optic	0.0042199306
632	metrolog	0.004217617
632	dhoti	0.004212537
632	migrat	0.00420983
632	peculiar	0.004209581
632	aliv	0.004209152
632	registr	0.004208966
632	730	0.004206366
632	backfir	0.0042014862
632	unemploi	0.00419853
632	192	0.004198105
632	far	0.0041953125
632	asham	0.004193507
632	incarn	0.004192003
632	smaller	0.004191106
632	helmet	0.004190693
632	stubbornli	0.004189896
632	heard	0.004188902
632	royc	0.0041888724
632	03	0.0041849553
632	takeov	0.004175252
632	akbar	0.0041747647
632	overrun	0.0041721035
632	symptom	0.004171599
632	stand	0.004168923
632	uncalcul	0.004167547
632	230	0.0041664094
632	bismuth	0.004164698
632	flare	0.0041576927
632	691	0.0041559176
632	tough	0.004153714
632	2300	0.004149242
632	foam	0.004148478
632	liong	0.004146742
632	bolster	0.0041447505
632	salim	0.0041411053
632	coincident	0.004135255
632	strontium	0.004133861
632	5100	0.0041320776
632	4349	0.0041293483
632	lotu	0.004128283
632	trough	0.004127499
632	postal	0.0041274857
632	251	0.0041270764
632	unauthor	0.0041266573
632	format	0.0041258615
632	penalis	0.004122245
632	988	0.0041216016
632	250m	0.0041199094
632	problem	0.0041172863
632	presenc	0.0041114953
632	husbandri	0.004108274
632	computeris	0.0041050366
632	meteorolog	0.0041017663
632	desper	0.004099765
632	walk	0.004099159
632	cane	0.004098846
632	bintang	0.0040986477
632	tuanku	0.0040986477
632	reme	0.0040986477
632	ngz	0.00409644
632	stall	0.004095176
632	271	0.0040854323
632	scientif	0.004084737
632	extens	0.0040845545
632	uncl	0.004080988
632	388	0.004074507
632	categori	0.0040708007
632	felt	0.0040689018
632	prohibit	0.0040676324
632	demand	0.0040591694
632	stern	0.004059008
632	simpler	0.004051992
632	indosuez	0.004051017
632	stagnat	0.004050239
632	blueprint	0.004046282
632	ordin	0.0040449193
632	resourc	0.004042173
632	empti	0.004037326
632	thermomet	0.004031216
632	fourth	0.0040295706
632	headi	0.004026715
632	gunshot	0.00402435
632	exert	0.004022254
632	recoup	0.004019544
632	3934	0.0040181982
632	inhibit	0.004008614
632	mop	0.0040073516
632	rattl	0.0040040254
632	50km	0.0040022302
632	unleash	0.0040018396
632	moor	0.0039912793
632	mieno	0.0039882027
632	267	0.0039880527
632	tong	0.0039847293
632	correspond	0.0039836424
632	910	0.003981157
632	cab	0.003979949
632	hosokawa	0.003977055
632	dine	0.003975085
632	eccentr	0.003974709
632	practis	0.003972611
632	metropoli	0.0039694654
632	fill	0.0039654598
632	sodium	0.00396439
632	744	0.003962783
632	mildli	0.0039607417
632	256	0.0039590537
632	humid	0.0039534764
632	vegetarian	0.003947033
632	independ	0.003947002
632	nearbi	0.0039333105
632	misjudg	0.003932603
632	6316	0.003930828
632	cleans	0.003930393
632	45bn	0.003929697
632	vastli	0.003919497
632	075	0.003917643
632	ingredi	0.0039154715
632	frangipani	0.003911073
632	9702	0.003911073
632	6842	0.003911073
632	3293	0.003909823
632	shorter	0.0039092987
632	410	0.003907712
632	util	0.003906071
632	tenaga	0.0039056612
632	paragenet	0.0039029631
632	room	0.0039017731
632	theoret	0.0039014772
632	colombian	0.0038971317
632	343	0.0038953833
632	wear	0.0038939004
632	sunflow	0.0038932003
632	spar	0.0038913533
632	hydrogen	0.0038873109
632	barrel	0.003886401
632	settlement	0.0038857234
632	servant	0.0038825267
632	anxious	0.0038816754
632	rush	0.0038735722
632	earth	0.0038719133
632	paddi	0.0038709457
632	658	0.0038678239
632	intens	0.0038656623
632	board	0.0038641747
632	tycoon	0.0038635177
632	ionic	0.003863453
632	proof	0.0038632513
632	reunif	0.003853887
632	silicon	0.0038530922
632	plateau	0.003853075
632	6327	0.0038513697
632	busi	0.0038513688
632	carpet	0.00384232
632	120m	0.0038386737
632	pink	0.003837893
632	976	0.0038378204
632	arrear	0.0038372492
632	21th	0.0038369948
632	266	0.0038360339
632	kernel	0.0038356648
632	yasushi	0.0038349146
632	offer	0.0038343468
632	luxuri	0.003832201
632	615	0.0038321465
632	duta	0.0038320846
632	trainer	0.0038267465
632	test	0.003826116
632	go	0.0038253106
632	396	0.003821841
632	ted	0.0038183443
632	engelhard	0.003818151
632	comm	0.0038172933
632	782	0.0038149988
632	motorwai	0.0038080912
632	379	0.0038054113
632	pastur	0.003803063
632	ethylen	0.0037978627
632	greenspan	0.003797672
632	commemor	0.0037974592
632	microorgan	0.0037966904
632	banca	0.0037966329
632	202	0.003795759
632	localis	0.0037947462
632	maverick	0.003792088
632	argentina	0.0037899169
632	893	0.003788193
632	roti	0.0037875208
632	solidif	0.003784499
632	705	0.0037834644
632	175	0.00378171
632	242	0.0037815245
632	overt	0.003775929
632	extra	0.0037737184
632	dealer	0.0037668964
632	024	0.0037642966
632	rhodium	0.003764277
632	792	0.003764181
632	overh	0.003757919
632	retard	0.0037525452
632	effici	0.0037524304
632	troubl	0.0037518756
632	herbalist	0.0037477848
632	even	0.003745424
632	layout	0.003744831
632	contribut	0.0037447682
632	allianc	0.0037439351
632	chalk	0.0037415016
632	handout	0.0037410173
632	edibl	0.0037406618
632	boston	0.003736179
632	overlook	0.003733383
632	scrumptiou	0.0037294207
632	lander	0.0037286773
632	brink	0.0037164546
632	0122	0.0037050212
632	757	0.0037049602
632	appendix	0.0037002438
632	ten	0.0036997572
632	spree	0.0036989027
632	disappear	0.003691825
632	roughli	0.0036897135
632	statu	0.003688953
632	neglig	0.0036869003
632	banquet	0.0036854977
632	cnz	0.003684009
632	provis	0.00368104
632	instig	0.0036795451
632	steep	0.0036794113
632	dinner	0.0036740964
632	amateur	0.0036687055
632	bump	0.0036684514
632	loincloth	0.003663968
632	160	0.0036575613
632	cameroon	0.0036574008
632	write	0.0036551403
632	discov	0.0036545445
632	decai	0.003651996
632	crazi	0.0036481214
632	load	0.0036477025
632	pervers	0.003636284
632	younger	0.0036353357
632	salvador	0.0036295203
632	baitan	0.0036278595
632	mansura	0.0036278595
632	vii	0.0036244092
632	destabilis	0.0036150806
632	397	0.0036136697
632	complet	0.003611786
632	spars	0.003611131
632	arnold	0.0036096952
632	breakdown	0.0036045983
632	teng	0.0036015501
632	sharehold	0.0036003182
632	capsul	0.0035986875
632	muezzin	0.003595773
632	swim	0.0035946688
632	literatur	0.003592508
632	soda	0.003590362
632	foundat	0.003590169
632	iceland	0.0035868653
632	mar	0.0035865256
632	undercut	0.0035850646
632	secretariat	0.0035832347
632	deliv	0.0035830757
632	septemb	0.0035817095
632	10th	0.0035789637
632	immun	0.003576459
632	egg	0.003574672
632	runawai	0.0035736642
632	switzerland	0.0035735788
632	persuas	0.0035723192
632	0448	0.0035720593
632	samad	0.0035716854
632	mcdonald	0.0035707904
632	turn	0.0035678325
632	disagre	0.0035673222
632	rig	0.0035670137
632	pillbox	0.0035610262
632	relief	0.0035535896
632	1800	0.0035535186
632	structur	0.0035445208
632	prawn	0.0035426742
632	chanc	0.0035414617
632	picnic	0.003539546
632	248	0.0035387385
632	deep	0.0035354393
632	straw	0.0035343803
632	589	0.0035326343
632	mono	0.0035320485
632	burst	0.0035234208
632	155	0.0035224983
632	platinum	0.0035181497
632	marriag	0.003514627
632	taoist	0.003507663
632	diminish	0.0035031592
632	ferrou	0.0035002267
632	p6231	0.0034973202
632	gloom	0.003497048
632	aerial	0.0034967905
632	sprai	0.0034938888
632	ili	0.0034929398
632	dickson	0.0034912894
632	unrealist	0.00349102
632	42m	0.0034909898
632	malais	0.003488484
632	elderli	0.003486245
632	sentenc	0.0034856352
632	ultrabas	0.003482753
632	po	0.00347483
632	interrelationship	0.0034739752
632	unreason	0.0034732127
632	gec	0.0034654564
632	578	0.0034621991
632	beset	0.0034590163
632	wild	0.0034551234
632	examin	0.0034542927
632	organ	0.0034503608
632	dent	0.003448151
632	danc	0.0034472847
632	bakeri	0.0034442015
632	37m	0.0034440104
632	stimulu	0.0034428071
632	masjid	0.0034366571
632	known	0.00343387
632	alfresco	0.0034286743
632	dish	0.003423655
632	journalist	0.0034212954
632	yong	0.0034211096
632	case	0.0034188302
632	reel	0.0034175413
632	373	0.003416664
632	distinct	0.0034141196
632	p1044	0.0034132162
632	affirm	0.0034083896
632	padang	0.00340796
632	sydnei	0.00340739
632	goal	0.00340223
632	commut	0.0034017032
632	griddl	0.0033983728
632	fragmentari	0.0033977632
632	environment	0.0033966145
632	mad	0.003395674
632	satisfact	0.0033835843
632	fate	0.0033830456
632	monetari	0.0033750632
632	nurtur	0.0033748592
632	572	0.0033723253
632	fiber	0.0033677593
632	spa	0.0033661695
632	bad	0.0033649432
632	harbour	0.0033585152
632	architect	0.0033584535
632	upgrad	0.003357613
632	mica	0.0033564498
632	affluent	0.00335607
632	choke	0.0033551855
632	quiet	0.0033517145
632	kuang	0.003346261
632	overwhelmingli	0.0033452
632	325	0.0033437093
632	tandoori	0.0033402485
632	p6221	0.0033389197
632	consequ	0.0033371786
632	inexpens	0.0033361625
632	banqu	0.0033326186
632	1319	0.0033205773
632	23	0.0033195515
632	strengthen	0.0033163275
632	graphic	0.0033125693
632	trampl	0.003309523
632	entitl	0.0033079304
632	paragraph	0.0033069253
632	sirloin	0.0033028724
632	83	0.0033008761
632	solidar	0.003296423
632	2767	0.003295301
632	disk	0.0032924237
632	diamond	0.003291211
632	statement	0.0032905492
632	sensibl	0.003288722
632	selangor	0.0032847745
632	newman	0.0032810895
632	ll	0.0032803912
632	blown	0.0032795875
632	downsid	0.0032771167
632	who	0.0032770878
632	pertain	0.0032738014
632	drowsi	0.0032706885
632	tofu	0.0032706885
632	purdah	0.0032706885
632	humphrei	0.0032689213
632	drchi065	0.0032681734
632	buri	0.0032667944
632	blatant	0.003266051
632	corazon	0.0032639243
632	court	0.0032634768
632	broker	0.0032612563
632	ini	0.0032605582
632	moon	0.0032598637
632	allevi	0.0032588406
632	sky	0.003256605
632	easier	0.0032539074
632	overshadow	0.0032492792
632	toe	0.0032489693
632	composit	0.0032455537
632	shade	0.003240889
632	deposit	0.0032392964
632	biolog	0.0032390829
632	quo	0.003237412
632	reynold	0.003231007
632	hibiscu	0.0032271536
632	carv	0.003225557
632	jun	0.0032244213
632	002	0.0032238967
632	rough	0.0032227647
632	138	0.0032207638
632	equival	0.003220177
632	amen	0.0032182275
632	peak	0.0032176513
632	june	0.0032171926
632	beneficiari	0.0032163206
632	interweav	0.003213718
632	scare	0.0032090542
632	dampen	0.0032083928
632	72	0.003207654
632	lesser	0.0032049997
632	cycl	0.0031974227
632	kotowitz	0.0031965356
632	cloi	0.0031965356
632	thinli	0.0031921717
632	minc	0.0031891207
632	rubbish	0.0031850515
632	bukit	0.003184822
632	oversubscrib	0.0031816994
632	reviv	0.0031791115
632	prc	0.003177476
632	bunch	0.0031752358
632	allai	0.0031746526
632	inspir	0.0031734104
632	saviour	0.0031681529
632	surrend	0.003167893
632	223	0.0031616401
632	mel	0.0031604033
632	encompass	0.003158857
632	tait	0.0031568168
632	dalmatian	0.0031530529
632	134	0.0031528496
632	exempt	0.00314827
632	undevelop	0.0031435257
632	288	0.0031430265
632	obscur	0.0031428358
632	mightiest	0.0031420472
632	swallow	0.0031399466
632	tribolog	0.0031351247
632	food	0.0031348686
632	chive	0.0031313405
632	todai	0.0031284066
632	actuari	0.0031274003
632	468	0.003127044
632	148	0.0031261086
632	nikki	0.003125676
632	compon	0.0031247525
632	flit	0.0031243789
632	pandemonium	0.0031010038
632	annualis	0.0031001081
632	trinket	0.0030977828
632	conced	0.0030948832
632	hkdollar	0.0030942666
632	ignit	0.00309353
632	760	0.0030888952
632	fantasi	0.0030857797
632	broke	0.0030833215
632	tangi	0.003079947
632	sumatran	0.003077581
632	delimit	0.003075111
632	scientist	0.003074136
632	cultur	0.003070703
632	enthusiasm	0.0030701186
632	formid	0.0030642615
632	nearest	0.003059463
632	mal	0.0030551811
632	period	0.0030548559
632	prescrib	0.0030513583
632	fluctuat	0.003050943
632	central	0.0030486241
632	coconut	0.003047908
632	peet	0.0030469503
632	dilut	0.0030462956
632	enact	0.003037674
632	margaret	0.0030375954
632	stack	0.003037211
632	turnip	0.003033438
632	moder	0.00303102
632	indulg	0.0030282454
632	ru	0.0030276335
632	marri	0.003025283
632	flagship	0.0030241783
632	viril	0.0030226414
632	envi	0.0030198412
632	ceil	0.0030193294
632	brent	0.003018019
632	brother	0.0030136032
632	care	0.0030094685
632	p6552	0.003006999
632	counti	0.0030050012
632	condiment	0.002995825
632	prewar	0.0029946105
632	tablecloth	0.0029925471
632	danger	0.002988586
632	244	0.0029862425
632	cauliflow	0.0029853936
632	carmichael	0.00298304
632	meaning	0.0029807186
632	review	0.0029769193
632	nicaragua	0.0029767696
632	recycl	0.0029726261
632	054	0.002969949
632	ladder	0.002968587
632	profound	0.0029664033
632	safeti	0.002965495
632	boil	0.0029552234
632	breezi	0.0029537382
632	substant	0.0029496294
632	hasn	0.0029444906
632	graham	0.0029397306
632	stuf	0.0029396594
632	172	0.0029378983
632	wondrou	0.002936804
632	aromat	0.0029364503
632	thermoplast	0.0029322975
632	pile	0.0029279399
632	upsw	0.0029259361
632	southwest	0.0029258702
632	pane	0.0029206162
632	ago	0.002916312
632	frost	0.0029154336
632	bn	0.0029146553
632	microform	0.0029142082
632	outstand	0.0029121242
632	jogger	0.0029108494
632	moistur	0.0029104324
632	clip	0.002910232
632	1400	0.002909145
632	606	0.002907416
632	164	0.0029073928
632	moist	0.0029060785
632	freez	0.002903456
632	iranian	0.0029016072
632	desorpt	0.002899254
632	thatch	0.0028975988
632	elit	0.0028934646
632	coat	0.002893413
632	stapl	0.002891924
632	allah	0.0028902367
632	translat	0.0028893512
632	143	0.002885232
632	26	0.0028803817
632	fashion	0.0028770738
632	shrimp	0.0028743213
632	philadelphia	0.0028731376
632	inflat	0.0028725795
632	hemispher	0.0028722377
632	ping	0.0028684228
632	slid	0.002866386
632	articl	0.0028655834
632	fei	0.002864513
632	egypt	0.002857959
632	tremend	0.0028563715
632	thunderstorm	0.0028547994
632	trim	0.0028508345
632	motorcyclist	0.0028505467
632	splendor	0.00284729
632	fillet	0.0028456722
632	desulfur	0.002845218
632	la	0.0028446836
632	jonathan	0.002839229
632	cours	0.0028384519
632	dust	0.0028378738
632	outskirt	0.0028372998
632	salvag	0.002835768
632	aziz	0.002830643
632	zi	0.0028278588
632	ymca	0.002826797
632	momentum	0.0028260176
632	franci	0.0028166848
632	170	0.0028158925
632	subdivid	0.00281581
632	158	0.002815287
632	prevail	0.0028150014
632	95	0.0028132484
632	159	0.0028118836
632	pyrophylit	0.002808942
632	calsium	0.002808942
632	niantu	0.002808942
632	decomposit	0.0028073916
632	005	0.0028046358
632	24	0.0027981487
632	rust	0.0027977976
632	miscellan	0.0027975065
632	hold	0.0027971491
632	ascertain	0.002793333
632	lei	0.0027925014
632	public	0.0027914478
632	excel	0.0027898133
632	flew	0.0027878652
632	turquois	0.0027861975
632	dead	0.0027857746
632	belief	0.0027832722
632	equatori	0.002781993
632	absorb	0.0027804526
632	48	0.0027802917
632	briskli	0.0027794535
632	unprofit	0.00277807
632	focu	0.002777212
632	overpass	0.0027770037
632	plain	0.002774266
632	cope	0.0027729466
632	glitzi	0.0027713997
632	knee	0.0027640634
632	1909	0.0027635728
632	nguyen	0.002762779
632	janeiro	0.0027618648
632	alik	0.0027618632
632	petal	0.0027602552
632	avert	0.0027599966
632	ce	0.0027583682
632	opportun	0.002756858
632	arabian	0.0027530885
632	merced	0.002751948
632	sauc	0.0027500142
632	bhp	0.0027485786
632	1873	0.0027481264
632	steam	0.0027439396
632	door	0.0027410102
632	erod	0.0027406279
632	motorola	0.0027405885
632	734	0.0027368309
632	suburb	0.0027365333
632	88	0.0027347887
632	145	0.0027319647
632	quarter	0.0027311458
632	osa	0.002729067
632	clearanc	0.0027283053
632	squat	0.002724433
632	gravel	0.0027232466
632	sept	0.0027217607
632	twenti	0.0027199616
632	reverber	0.002715428
632	702	0.0027143103
632	proud	0.002712725
632	414	0.0027103885
632	birth	0.002708589
632	leather	0.002704719
632	trebl	0.0027036606
632	hitachi	0.002702061
632	realm	0.0026999186
632	technog	0.0026965905
632	floodland	0.0026965905
632	lutetium	0.0026965905
632	cystal	0.0026965905
632	372	0.002696134
632	kenya	0.0026959234
632	roll	0.0026934622
632	savor	0.0026901215
632	ensur	0.0026891946
632	680	0.00268776
632	benchmark	0.002682374
632	71	0.0026738474
632	elder	0.002670539
632	unfavour	0.002669524
632	subtli	0.0026675807
632	banana	0.0026657877
632	du	0.0026643919
632	discont	0.002663862
632	modest	0.002658603
632	undisput	0.0026577443
632	amin	0.0026558589
632	globe	0.002654314
632	andrew	0.0026535578
632	harmoni	0.0026529478
632	sail	0.0026450804
632	drench	0.0026432315
632	prize	0.0026374746
632	fragrant	0.0026369775
632	dusk	0.002636169
632	kwai	0.00263449
632	bang	0.0026338475
632	siemen	0.0026305583
632	request	0.0026288596
632	peat	0.0026238086
632	illit	0.0026225867
632	ampl	0.0026218959
632	brow	0.0026201042
632	plummet	0.0026190039
632	origin	0.0026187385
632	850	0.0026159117
632	viabil	0.0026153638
632	parallel	0.0026138206
632	fli	0.0026119617
632	gather	0.0026091766
632	scurri	0.002608112
632	forg	0.0026077935
632	northbound	0.0026072336
632	hari	0.0025997222
632	sure	0.0025977152
632	tune	0.0025945897
632	fuse	0.002594272
632	deepli	0.002594136
632	76	0.0025925185
632	lean	0.002581097
632	sleek	0.0025804127
632	herbac	0.0025776303
632	lover	0.002577224
632	1896	0.0025766613
632	solitari	0.00257574
632	discothequ	0.002573765
632	adam	0.002572428
632	merril	0.0025711902
632	amus	0.0025681362
632	latitudin	0.0025673122
632	transmiss	0.0025598751
632	cu	0.0025583713
632	stephen	0.00255688
632	flicker	0.0025561512
632	spaghetti	0.002556142
632	fridai	0.0025547266
632	boss	0.0025521682
632	leagu	0.002551706
632	premis	0.00254997
632	feasibl	0.0025478161
632	basic	0.0025443602
632	seminar	0.0025435863
632	resumpt	0.0025433262
632	slowli	0.0025415935
632	drove	0.0025398873
632	erad	0.0025373797
632	deepen	0.002529171
632	tabl	0.0025264258
632	protract	0.0025263713
632	leftov	0.002522041
632	yuppi	0.0025198553
632	saga	0.0025190958
632	rosi	0.0025187165
632	defer	0.0025175563
632	hail	0.0025147186
632	strong	0.0025136895
632	grandios	0.0025059674
632	wasn	0.002501651
632	finalis	0.0024953368
632	answer	0.0024951338
632	feedstock	0.0024940264
632	expir	0.0024888697
632	689	0.0024869198
632	gadolinium	0.0024864345
632	lentil	0.002486293
632	kuwait	0.0024805355
632	plank	0.0024796082
632	experi	0.002478288
632	farawai	0.0024733879
632	palat	0.002472075
632	pastri	0.0024695552
632	47	0.0024692174
632	stori	0.002467539
632	rod	0.002465075
632	grappl	0.0024625433
632	bazaar	0.0024602278
632	protein	0.0024591757
632	reconsider	0.0024576897
632	asleep	0.0024565246
632	holmium	0.002454961
632	scope	0.0024529758
632	languish	0.002451635
632	grant	0.0024495693
632	green	0.0024459607
632	synthet	0.0024451753
632	interven	0.0024434407
632	chapter	0.002440001
632	mint	0.0024372062
632	curtail	0.0024360311
632	jog	0.0024355322
632	medan	0.0024348039
632	nonsens	0.002433752
632	manoeuvr	0.0024319503
632	red	0.0024212578
632	submit	0.0024202333
632	ii	0.0024182247
632	ra	0.0024179462
632	disco	0.0024172969
632	prompt	0.0024151003
632	develop	0.0024138126
632	cram	0.0024098416
632	laser	0.0024093774
632	lobbyist	0.0024073538
632	neighbor	0.0024071229
632	wrong	0.0024040134
632	consecut	0.002403919
632	abort	0.0024015564
632	catalyst	0.0024013598
632	200m	0.0023992218
632	basi	0.0023989803
632	astound	0.0023987296
632	spender	0.0023979498
632	pan	0.0023972695
632	replica	0.0023957316
632	overli	0.002389281
632	impact	0.0023889705
632	remov	0.0023866014
632	spell	0.0023782467
632	533	0.0023765513
632	flush	0.0023756213
632	1931	0.002375191
632	danish	0.0023746844
632	meaningless	0.0023732113
632	morpholog	0.0023726332
632	player	0.0023714136
632	hub	0.0023709603
632	jean	0.002366019
632	303	0.0023643398
632	proven	0.0023639777
632	reson	0.002363187
632	corner	0.0023614522
632	campaign	0.0023614338
632	attent	0.002358677
632	architectur	0.0023417494
632	punish	0.0023405426
632	spring	0.0023401913
632	bother	0.002336226
632	barbecu	0.0023352536
632	sad	0.002334638
632	workout	0.0023340124
632	veil	0.0023268973
632	shikoku	0.0023236696
632	brake	0.0023220563
632	choreograph	0.0023217977
632	secular	0.00232014
632	typic	0.0023193874
632	63	0.0023156486
632	7	0.0023141825
632	fly	0.002309953
632	trap	0.002307483
632	nightli	0.0023056283
632	look	0.0023044946
632	pedestrian	0.0023015656
632	neighborhood	0.0022998003
632	true	0.0022997002
632	allot	0.0022995386
632	foci	0.0022987837
632	playground	0.0022956822
632	sparkl	0.0022949036
632	involv	0.0022930496
632	ash	0.00228946
632	hazard	0.0022890458
632	quarri	0.0022869064
632	pride	0.0022851042
632	township	0.0022849613
632	railroad	0.0022844928
632	head	0.0022833725
632	stringent	0.0022830067
632	p1629	0.0022823154
632	lodg	0.0022817315
632	notori	0.002280139
632	recalcitr	0.0022776728
632	gym	0.0022766364
632	late	0.0022760152
632	distant	0.002273029
632	xi	0.0022714466
632	030	0.0022711873
632	gradual	0.0022700815
632	verifi	0.002268589
632	tungsten	0.0022637087
632	underli	0.002262457
632	northwest	0.0022624114
632	23m	0.0022603008
632	shopkeep	0.0022595043
632	neodymium	0.002255794
632	3bn	0.0022547499
632	blend	0.0022513699
632	whistl	0.002246374
632	legal	0.0022444108
632	dez	0.0022434234
632	475	0.0022427575
632	16m	0.0022411395
632	gravi	0.0022404087
632	protect	0.002239671
632	dizzi	0.0022394862
632	orchard	0.0022389893
632	167	0.0022376142
632	622	0.0022333967
632	da	0.0022313837
632	noodl	0.0022288493
632	shrug	0.0022280877
632	955	0.0022269962
632	conspicu	0.0022245254
632	civil	0.0022233105
632	bustl	0.00222291
632	polici	0.00221871
632	driven	0.002218687
632	warehous	0.0022131
632	treasuri	0.0022121756
632	jr	0.0022119174
632	uganda	0.0022113752
632	90	0.0022107945
632	thunder	0.002208795
632	hawkin	0.0022083342
632	ratio	0.0022070676
632	surpass	0.0022066478
632	bag	0.0022065514
632	caution	0.0022055332
632	caesar	0.0022051048
632	confisc	0.0022040713
632	outpac	0.002203338
632	reassess	0.0022030978
632	bamboo	0.002202698
632	club	0.0022000312
632	place	0.0021930798
632	leaf	0.0021900847
632	unit	0.0021878511
632	context	0.002186716
632	batteri	0.0021860374
632	812	0.0021852409
632	elabor	0.0021845724
632	645	0.002183481
632	recreat	0.0021828774
632	regent	0.0021770569
632	sincer	0.0021742343
632	electromechan	0.0021736994
632	177	0.0021735248
632	bench	0.0021729774
632	assert	0.0021712345
632	chlorin	0.0021646246
632	dividend	0.0021623299
632	urban	0.0021619985
632	beautifulli	0.0021599932
632	undermin	0.0021560672
632	lynch	0.0021554073
632	smith	0.002152491
632	nasion	0.0021523563
632	frankfurt	0.0021491596
632	surpris	0.0021490278
632	equal	0.0021462562
632	peripher	0.0021445402
632	weaker	0.0021369148
632	pertin	0.0021361017
632	snack	0.0021361015
632	meal	0.0021337066
632	gleam	0.0021336034
632	nightclub	0.0021269624
632	crawl	0.0021266793
632	client	0.0021261598
632	forewarn	0.0021252632
632	relationship	0.0021251529
632	part	0.0021248749
632	disguis	0.0021214203
632	bigger	0.0021214015
632	garden	0.0021139737
632	auditorium	0.0021120412
632	991	0.0021119409
632	distinguish	0.0021115593
632	invent	0.0021107723
632	st	0.0021064233
632	diner	0.002103891
632	uniti	0.0020989804
632	courag	0.002098952
632	reassur	0.0020976362
632	preoccup	0.0020940336
632	soul	0.0020876683
632	brig	0.0020873707
632	mecca	0.0020852338
632	robust	0.0020847118
632	mondai	0.0020830857
632	stroll	0.0020827122
632	wolfram	0.0020825951
632	bangladesh	0.0020817113
632	mutton	0.0020813858
632	cite	0.00208102
632	inter	0.002076233
632	faster	0.0020693575
632	dancer	0.0020681473
632	smoke	0.0020668914
632	beryllium	0.0020665186
632	grave	0.0020651377
632	deforest	0.002060678
632	desertif	0.0020532086
632	courtyard	0.0020522776
632	refer	0.002051764
632	awaken	0.0020496019
632	soni	0.0020471236
632	abolit	0.0020404086
632	thoroughfar	0.002037153
632	2	0.002036339
632	lurch	0.0020354253
632	formula	0.002033927
632	lender	0.0020336008
632	kentucki	0.002032796
632	content	0.0020318537
632	nicknam	0.002031373
632	help	0.0020299547
632	2bn	0.002029554
632	065	0.0020285274
632	especi	0.002028433
632	crowd	0.0020264143
632	scale	0.002021473
632	greec	0.0020196124
632	butter	0.0020187735
632	will	0.0020185728
632	1973	0.0020161956
632	rafidah	0.002008092
632	strang	0.0020043678
632	explain	0.0020017491
632	excess	0.0019984625
632	44	0.00199662
632	fabric	0.0019933607
632	arabl	0.0019902242
632	infrastructur	0.0019860214
632	track	0.001985318
632	273	0.0019839252
632	complex	0.0019829671
632	hue	0.0019823683
632	focus	0.001978678
632	mini	0.0019728856
632	enthusiast	0.0019674583
632	come	0.0019674303
632	britain	0.0019666073
632	sophist	0.001965888
632	plung	0.0019617078
632	graduat	0.001955823
632	cobalt	0.0019552666
632	pizza	0.0019543217
632	wealth	0.0019530784
632	nag	0.0019503685
632	love	0.0019488361
632	precipit	0.0019428537
632	loss	0.001941625
632	lunch	0.0019412817
632	09	0.0019399544
632	ocean	0.0019378067
632	154	0.0019375908
632	sharp	0.001932236
632	administr	0.001931986
632	speed	0.0019304921
632	fragment	0.0019272921
632	1900	0.001926219
632	greasi	0.0019257837
632	eaten	0.0019222272
632	geneva	0.0019193325
632	shopper	0.0019169603
632	nectec	0.0019159487
632	thermoharden	0.0019159487
632	photothermomet	0.0019159487
632	nanken	0.0019159487
632	bogoul	0.0019159487
632	lithofaci	0.0019159487
632	upsid	0.0019150281
632	openli	0.0019129316
632	sluggish	0.0019112761
632	algeria	0.0019074151
632	micromet	0.0019061994
632	acid	0.0019058186
632	find	0.0019043058
632	burn	0.0019002117
632	cemeteri	0.0018948786
632	recept	0.0018937867
632	1934	0.0018925059
632	aggrav	0.0018901369
632	advis	0.0018889996
632	instrument	0.0018849317
632	smuggl	0.0018818477
632	unfair	0.0018764313
632	exodu	0.0018725231
632	suddenli	0.0018698252
632	element	0.0018697609
632	1929	0.0018682753
632	blossom	0.0018670158
632	optoelectron	0.0018660626
632	grate	0.0018636918
632	apprais	0.0018613209
632	settl	0.0018602242
632	breed	0.0018577364
632	exclus	0.001857723
632	2005	0.0018546374
632	mound	0.0018496404
632	delic	0.0018490313
632	fishermen	0.0018479864
632	pursuit	0.0018461605
632	like	0.0018457277
632	number	0.0018409967
632	manzara	0.001839315
632	heteroel	0.001839315
632	bandong	0.001839315
632	petrograph	0.001839315
632	tobacco	0.0018384432
632	inform	0.0018342653
632	goos	0.0018317692
632	importantli	0.0018300706
632	temporarili	0.0018248177
632	127	0.001823194
632	stuck	0.0018177155
632	network	0.0018151964
632	backward	0.0018123186
632	cypru	0.0018058125
632	assault	0.0018023319
632	mandat	0.0018000391
632	infrar	0.0017973809
632	630	0.0017955598
632	pitch	0.0017950548
632	simul	0.0017939467
632	rearrang	0.0017928506
632	georgian	0.0017911253
632	hydrogenolysi	0.0017888377
632	first	0.0017842513
632	wobbl	0.0017817947
632	vagu	0.0017798245
632	00	0.0017775884
632	suppos	0.0017691274
632	thousand	0.0017687067
632	tradition	0.0017676803
632	rhythm	0.0017671727
632	trunklin	0.001766537
632	retain	0.0017654953
632	shellfish	0.0017608905
632	254	0.001759989
632	diagnosi	0.0017599731
632	enclos	0.0017599603
632	radiat	0.0017596975
632	tapajo	0.0017511358
632	oleic	0.0017511358
632	bitter	0.0017500817
632	carefulli	0.0017499801
632	235	0.0017488244
632	compound	0.0017484024
632	469	0.0017432928
632	soup	0.0017426274
632	thrown	0.0017386918
632	hill	0.0017344212
632	brothel	0.0017337503
632	resin	0.0017333915
632	entrepreneuri	0.0017300493
632	restraint	0.00172936
632	kaitech	0.0017271022
632	sirim	0.0017210314
632	task	0.0017202882
632	steami	0.0017182123
632	piec	0.0017154278
632	dump	0.0017147268
632	lehman	0.0017113686
632	peopl	0.0017104497
632	entrust	0.001710323
632	vienna	0.0017083987
632	thermodynam	0.0017055327
632	flow	0.0017053818
632	motor	0.0017045103
632	uncultiv	0.001702883
632	drive	0.0017023828
632	putra	0.0017011763
632	hors	0.0017003149
632	break	0.0016910224
632	longitudin	0.0016893784
632	demarc	0.0016861036
632	rever	0.0016780819
632	barren	0.0016779552
632	prime	0.0016761306
632	strategist	0.0016758308
632	lauric	0.0016745022
632	mislead	0.0016575042
632	noteworthi	0.0016529891
632	implic	0.0016504282
632	salad	0.0016488412
632	plasma	0.0016485368
632	exagger	0.0016483126
632	odor	0.0016482405
632	peru	0.0016473134
632	media	0.0016429013
632	subterranean	0.0016427629
632	lineament	0.0016390393
632	superplast	0.001639039
632	emphasis	0.001634179
632	lakesid	0.0016286679
632	promot	0.0016280289
632	biotechnolog	0.0016257411
632	fame	0.0016250582
632	leg	0.0016249637
632	soon	0.001624709
632	cim	0.0016202765
632	torrenti	0.0016201745
632	tender	0.0016181631
632	tertiari	0.0016179254
632	segment	0.0016174989
632	embassi	0.0016174497
632	1147	0.0016164486
632	exposur	0.0016141994
632	outdoor	0.0016140586
632	segreg	0.0016113471
632	row	0.0016095735
632	access	0.0016080163
632	idz	0.0016054185
632	vers	0.0016043286
632	obvious	0.0015972389
632	adher	0.0015969878
632	focuss	0.001594729
632	lightn	0.001593882
632	driver	0.0015853136
632	15th	0.0015843464
632	arrow	0.0015811085
632	legaci	0.001576894
632	lengthi	0.0015744892
632	lessor	0.0015719907
632	acut	0.0015718588
632	forgotten	0.0015696429
632	fbi	0.0015674502
632	king	0.001566334
632	125	0.0015644403
632	art	0.0015638969
632	alan	0.0015631553
632	glitter	0.0015587125
632	worsen	0.001555735
632	chinatown	0.0015557156
632	kiln	0.0015520377
632	delici	0.0015476961
632	fragil	0.0015472673
632	resembl	0.0015466658
632	owner	0.0015460644
632	given	0.0015452354
632	superconduct	0.0015440567
632	rude	0.0015414192
632	bioresourc	0.0015411349
632	pepper	0.0015371428
632	lush	0.001536957
632	microelectron	0.0015365452
632	plai	0.0015349573
632	jewelri	0.0015348148
632	disclosur	0.0015292834
632	boiler	0.0015279636
632	sweat	0.00152794
632	jer	0.0015236543
632	charg	0.0015233293
632	forcibl	0.001519233
632	steak	0.001515113
632	second	0.0015146162
632	mild	0.0015142898
632	52	0.0015093625
632	chart	0.0015070821
632	propylen	0.0015023861
632	classif	0.0014989445
632	pain	0.0014972958
632	pivot	0.0014955241
632	divid	0.0014913768
632	anion	0.0014909119
632	boom	0.0014878645
632	technician	0.001485708
632	lifespan	0.0014838742
632	wide	0.0014837306
632	credibl	0.0014816631
632	oyster	0.0014797323
632	eutroph	0.001479648
632	readili	0.0014785787
632	ibrahim	0.0014780593
632	rudimentari	0.0014744604
632	folk	0.0014703537
632	codelco	0.0014700794
632	affix	0.0014694687
632	memorandum	0.0014670157
632	autumn	0.0014666269
632	vendor	0.0014651971
632	makeup	0.0014647424
632	undoubtedli	0.0014644798
632	fals	0.00146237
632	puriti	0.0014607852
632	membran	0.0014604233
632	tenni	0.0014604073
632	haunt	0.0014597873
632	corrobor	0.0014593661
632	height	0.0014581194
632	jump	0.0014535802
632	predict	0.0014487851
632	disciplinari	0.0014461814
632	hydrophil	0.0014455641
632	everydai	0.0014447757
632	sensor	0.0014443637
632	di	0.0014395815
632	poison	0.0014383403
632	1963	0.0014378056
632	tactic	0.0014332987
632	light	0.001432623
632	plaza	0.0014319161
632	crustal	0.0014283875
632	preoccupi	0.0014283288
632	nomin	0.0014257776
632	underus	0.0014252603
632	halt	0.0014248915
632	biocompat	0.0014182044
632	shirt	0.0014174078
632	trace	0.0014124468
632	ounc	0.0014111758
632	ethnic	0.0014083385
632	bui	0.001405774
632	spice	0.0014012903
632	fan	0.0014010597
632	neil	0.001399486
632	specimen	0.0013990988
632	raini	0.0013990303
632	suburban	0.001394757
632	ministeri	0.0013891269
632	lanc	0.0013872782
632	ambiti	0.0013840833
632	behavior	0.0013796195
632	geodet	0.0013762524
632	constant	0.0013752538
632	renegoti	0.0013736645
632	thermocoupl	0.0013663437
632	wind	0.0013624664
632	pessimist	0.0013587098
632	81	0.0013576212
632	dioxid	0.0013575891
632	revok	0.0013535846
632	infring	0.0013525131
632	theater	0.0013500581
632	sum	0.0013496851
632	specifi	0.0013492424
632	gobi	0.0013476071
632	barium	0.0013470962
632	tap	0.0013463588
632	nile	0.0013456368
632	current	0.0013418229
632	herb	0.0013403987
632	brighter	0.0013400189
632	regen	0.0013383522
632	glassi	0.0013362393
632	inch	0.0013312363
632	odd	0.0013304705
632	riot	0.0013187354
632	locu	0.001316601
632	pocket	0.0013136136
632	twice	0.0013122903
632	scarc	0.0013108847
632	fg	0.001309413
632	205	0.001305805
632	cake	0.0013043635
632	start	0.001297161
632	pai	0.0012960194
632	lipid	0.0012959946
632	leadership	0.00129016
632	7200	0.0012866639
632	agglomer	0.0012785285
632	nitrou	0.0012739205
632	818	0.0012729723
632	213	0.0012683845
632	ignor	0.0012668002
632	golf	0.00126658
632	dissolut	0.001265901
632	conjunct	0.0012656506
632	jpjst010	0.0012647979
632	17m	0.0012643
632	440	0.0012630827
632	studi	0.0012595108
632	ceas	0.0012551945
632	seafood	0.001248241
632	detect	0.0012482125
632	ground	0.0012461711
632	echo	0.001245968
632	brew	0.0012457201
632	section	0.0012437191
632	vapor	0.0012426669
632	greet	0.0012425043
632	partli	0.0012337093
632	systemat	0.0012322685
632	germani	0.0012236463
632	catalysi	0.0012223471
632	minut	0.0012189157
632	unqualifi	0.0012180286
632	paramet	0.0012178303
632	score	0.0012129961
632	yield	0.001210506
632	bore	0.0012102976
632	renew	0.0012102226
632	instruct	0.0012096618
632	tajima	0.0012074756
632	interrupt	0.0012054419
632	precis	0.0012041186
632	halogen	0.001201999
632	czech	0.0011964468
632	hawk	0.0011910304
632	secur	0.0011903789
632	centuri	0.0011888602
632	system	0.001188552
632	luck	0.001188092
632	stiff	0.0011842368
632	seri	0.0011837374
632	wonder	0.0011821075
632	music	0.0011801728
632	displac	0.001175858
632	common	0.0011728612
632	truth	0.0011725037
632	entrepreneur	0.0011718642
632	biochem	0.0011717987
632	carri	0.0011652099
632	recruit	0.0011633143
632	genet	0.0011624987
632	advanc	0.0011622446
632	tide	0.0011592541
632	desert	0.0011561062
632	2010	0.0011552871
632	109	0.0011546618
632	resurg	0.0011526094
632	7th	0.0011419186
632	development	0.0011408258
632	delin	0.0011405594
632	insul	0.0011401946
632	tecton	0.0011396997
632	shown	0.001131548
632	frame	0.0011303228
632	steer	0.0011299857
632	252	0.0011273696
632	uniformli	0.0011235068
632	similar	0.0011222862
632	specif	0.0011218953
632	admit	0.0011198038
632	altern	0.0011100934
632	gasif	0.0011025021
632	internation	0.0010970263
632	yi	0.0010954238
632	grace	0.0010891543
632	immobil	0.0010878355
632	manag	0.0010866071
632	pound	0.0010860484
632	shelter	0.0010849751
632	clear	0.0010849013
632	wisdom	0.0010806579
632	sol	0.0010790356
632	season	0.0010788281
632	captiv	0.0010780247
632	seawe	0.0010758303
632	chu	0.0010730973
632	compat	0.0010694403
632	rosin	0.001068831
632	phosphor	0.001068204
632	pub	0.0010661392
632	prior	0.0010650977
632	invas	0.0010648756
632	summari	0.0010636023
632	tomorrow	0.0010611403
632	speak	0.0010609018
632	1920	0.0010606322
632	comprehens	0.0010580352
632	revers	0.0010557864
632	highlight	0.0010555908
632	broadcast	0.0010554306
632	headlin	0.0010521342
632	gel	0.001051795
632	voltag	0.0010511982
632	passport	0.0010492277
632	pot	0.0010490943
632	victim	0.0010443468
632	absorpt	0.0010423027
632	patient	0.0010422929
632	regim	0.0010412763
632	column	0.0010410018
632	geochemistri	0.0010402264
632	upkeep	0.0010400972
632	spur	0.0010390639
632	upset	0.0010371282
632	quest	0.0010361603
632	seasid	0.0010360953
632	soviet	0.0010330651
632	subtrop	0.0010322252
632	locat	0.0010291815
632	slurri	0.0010253029
632	eleg	0.0010238908
632	interfer	0.0010196588
632	book	0.0010172705
632	olefin	0.001013887
632	occup	0.0010128177
632	arrai	0.0010108988
632	shoot	0.0010106493
632	kimm	0.00100958
632	doesn	0.0010050038
632	unregul	0.0010003886
632	synthes	0.000999915
632	oceanograph	0.0009970139
632	broaden	0.0009963256
632	immin	0.0009929724
632	neighbour	0.0009914594
632	actual	0.0009821588
632	vanguard	0.0009767018
632	89	0.0009765597
632	reagent	0.00097552384
632	tougher	0.00097360247
632	huai	0.0009695931
632	swai	0.00096955406
632	166	0.0009688488
632	athlet	0.0009671624
632	takashi	0.00096185016
632	11m	0.00096112164
632	archiv	0.0009579271
632	martin	0.000957602
632	screen	0.0009567068
632	transduc	0.00095512846
632	ey	0.0009517924
632	christian	0.00094903435
632	mid	0.0009476116
632	differ	0.0009446651
632	tech	0.0009438052
632	dismantl	0.0009421029
632	exactli	0.0009418299
632	prototyp	0.0009411228
632	mill	0.00094107306
632	arena	0.00093946315
632	ji	0.0009390943
632	67	0.0009382207
632	extent	0.0009351105
632	dye	0.00092531665
632	input	0.00092404394
632	eucalyptu	0.0009240072
632	matrix	0.00092381786
632	taxat	0.00092176854
632	resign	0.0009201282
632	emit	0.00091275986
632	step	0.0009096412
632	amalgam	0.00090912014
632	ratif	0.0009049447
632	gener	0.0009043268
632	corros	0.0009006169
632	onion	0.00089918304
632	thongsamak	0.0008978659
632	spatial	0.00089645624
632	linkag	0.00089342234
632	conceal	0.0008918326
632	cry	0.0008893602
632	style	0.0008883144
632	control	0.0008881337
632	poli	0.00088702637
632	respons	0.00088637415
632	deploy	0.00088481506
632	slope	0.00088380656
632	karen	0.0008836211
632	guangxi	0.00087995926
632	dept	0.000878294
632	polypropylen	0.00087700307
632	molybdenum	0.00087623956
632	tackl	0.0008757249
632	scarciti	0.00087512814
632	target	0.00087340904
632	job	0.00086974556
632	sunlight	0.00086864363
632	te	0.0008650836
632	13m	0.00086232024
632	110	0.0008613687
632	best	0.0008548169
632	rudiment	0.0008522601
632	aspir	0.00085189997
632	dealt	0.0008494297
632	mayb	0.00084742124
632	favorit	0.0008418136
632	underwat	0.0008345745
632	rican	0.0008342093
632	53	0.0008310933
632	128	0.00083067676
632	treatment	0.00083042623
632	tea	0.0008298301
632	undertak	0.0008292679
632	bathyscaph	0.0008286905
632	sing	0.0008250579
632	rental	0.0008244347
632	pop	0.00081843155
632	insight	0.00081754016
632	120	0.0008162367
632	approach	0.0008121507
632	arsenid	0.0008092691
632	collis	0.0008090695
632	encroach	0.00080730417
632	purifi	0.00080699625
632	career	0.0008064257
632	made	0.0008042197
632	unlimit	0.00079999754
632	taxpay	0.00079749216
632	outlin	0.0007909231
632	wake	0.00078572385
632	greatest	0.0007850095
632	fairli	0.00078130787
632	strictli	0.0007808311
632	factor	0.00078056345
632	lubric	0.0007805375
632	carrier	0.00077563623
632	earn	0.00077520235
632	certifi	0.00077487034
632	supplementari	0.0007713692
632	xaz	0.0007713274
632	mainland	0.000767989
632	replac	0.0007676445
632	karst	0.0007669842
632	fire	0.00076463586
632	lane	0.00076286873
632	penetr	0.00076089334
632	gaug	0.0007607176
632	univers	0.0007584035
632	david	0.0007541098
632	hat	0.00075303804
632	meterolog	0.0007508603
632	inhabit	0.00074815605
632	shortcom	0.0007415901
632	drchi097	0.00074129616
632	dehydr	0.00073746336
632	casualti	0.00073390634
632	cad	0.00073390314
632	molecular	0.0007320952
632	cassett	0.0007305551
632	plu	0.0007286081
632	delet	0.0007231195
632	prai	0.0007226178
632	henri	0.0007222702
632	mongolian	0.0007210829
632	shamsul	0.00071736303
632	p1311	0.0007166049
632	judgment	0.00071577134
632	41	0.00071535324
632	blank	0.000714751
632	topograph	0.0007126858
632	briefli	0.0007037604
632	spectacular	0.0007030412
632	cornish	0.0007019023
632	weekend	0.00070147315
632	vacuum	0.0006985328
632	shed	0.000696265
632	heavi	0.00069435535
632	photosensit	0.0006928334
632	pest	0.00068690913
632	pastor	0.0006853122
632	steadi	0.000683283
632	invigor	0.0006811472
632	ultraviolet	0.0006809098
632	025	0.00068036973
632	calori	0.00068030437
632	frequenc	0.0006790461
632	parti	0.00067774183
632	shorelin	0.00067663065
632	multipl	0.0006757596
632	hard	0.0006730238
632	stai	0.0006632742
632	58	0.0006626916
632	scatter	0.0006602216
632	scholarli	0.00065915874
632	religion	0.0006586686
632	samphan	0.00065536116
632	symposium	0.00065504725
632	match	0.0006505625
632	concret	0.00065047614
632	keen	0.0006499867
632	feedback	0.00064978324
632	stockbrok	0.00064901344
632	melt	0.0006474801
632	dreg	0.00064659526
632	francisco	0.00064595963
632	experiment	0.00064433384
632	wholesal	0.0006441488
632	oceanographi	0.0006437441
632	shigito	0.0006426249
632	influenti	0.00063929905
632	semiconductor	0.0006392924
632	flash	0.00063838053
632	roadwai	0.0006373006
632	salari	0.0006366823
632	legitim	0.00063548575
632	haruna	0.0006348293
632	jam	0.00063374464
632	jst	0.00063283753
632	shadow	0.00063268177
632	mental	0.0006310916
632	social	0.00062613236
632	efficaci	0.0006192585
632	pragmat	0.0006184348
632	desalin	0.0006164026
632	transplant	0.0006156848
632	ussr	0.00061472773
632	tohoku	0.00061338244
632	electrodialysi	0.0006127656
632	particip	0.0006110821
632	0756	0.0006093156
632	extend	0.000608158
632	resort	0.0006076423
632	fatti	0.00060651073
632	monthli	0.0006048438
632	untreat	0.0006020245
632	dreas077	0.0006016745
632	pneumoconiosi	0.00059953344
632	spain	0.00059942825
632	ph	0.00059491117
632	258	0.0005938509
632	wise	0.0005931944
632	tv	0.0005928245
632	qualiti	0.0005852706
632	school	0.0005846332
632	ipr	0.00058417424
632	femal	0.0005826346
632	inconsist	0.00057729
632	citi	0.00057366875
632	bare	0.00057328556
632	supercrit	0.0005695915
632	culprit	0.0005677454
632	manual	0.0005659057
632	sort	0.0005577076
632	gui	0.0005568707
632	solid	0.0005555675
632	accomplish	0.000554546
632	karni	0.00055433944
632	comp	0.0005537927
632	natur	0.00055104576
632	minerogenet	0.00054957555
632	squeez	0.00054956943
632	thick	0.00054788706
632	203d	0.0005467506
632	creatur	0.0005385706
632	loess	0.00053735974
632	18	0.0005347735
632	237	0.00053203024
632	easi	0.0005318084
632	hip	0.0005302687
632	ahead	0.00052529067
632	oxygen	0.0005248203
632	pictur	0.0005227271
632	yee	0.00052264595
632	adhes	0.00051921525
632	electrolysi	0.00051669666
632	fractur	0.0005163942
632	afforest	0.00051580695
632	peripheri	0.0005151868
632	tiger	0.00051502313
632	dietari	0.00051445497
632	vlsi	0.00051329075
632	stereo	0.0005124458
632	robot	0.00051231246
632	reason	0.0005116127
632	600mw	0.00051007274
632	thin	0.00050655636
632	chanawong	0.0005017841
632	kaolin	0.0005012863
632	physiolog	0.0004974988
632	strike	0.0004926803
632	extrus	0.0004911526
632	220	0.000487366
632	macro	0.00048709495
632	identifi	0.00048146854
632	seal	0.0004804961
632	pursuant	0.00047575825
632	shiyin	0.00047531875
632	xiato	0.00047531875
632	result	0.0004752301
632	religi	0.0004750895
632	microcrystallin	0.00047493234
632	lithospher	0.00047493234
632	heilong	0.00047493234
632	appear	0.00047477186
632	born	0.0004734786
632	deform	0.0004721072
632	languag	0.00047097218
632	abund	0.00047031316
632	magnetohydrodynam	0.00047014613
632	bond	0.00046756078
632	nutriti	0.00046337245
632	krasa	0.00046145005
632	mordechai	0.0004604438
632	rainstorm	0.00045951872
632	brave	0.00045655703
632	tranquil	0.00045622856
632	investig	0.00045605886
632	marshal	0.00045479683
632	dfa	0.00045401294
632	molten	0.00045221468
632	ultrapur	0.00045194977
632	lapa	0.00045169127
632	torch	0.00045130818
632	liquefi	0.00044907577
632	buoi	0.00044859006
632	lamb	0.00044785743
632	ultrafin	0.0004463895
632	arteri	0.00044460577
632	spectral	0.00044408534
632	acoust	0.00044404203
632	memeb	0.00044212528
632	microfin	0.0004414662
632	circuit	0.00044013964
632	mode	0.00043819292
632	credit	0.00043782522
632	propuls	0.00043604654
632	crash	0.00042992528
632	palac	0.00042877893
632	theori	0.0004269996
632	wheat	0.0004253015
632	bidirect	0.00042440768
632	livelihood	0.0004217608
632	event	0.0004217402
632	kyaukpyu	0.00041971117
632	rainfal	0.0004189362
632	photoelectr	0.00041856393
632	dreas114bb	0.0004172718
632	arabia	0.00041481474
632	requisit	0.00041323152
632	880	0.0004120615
632	1974	0.00041194857
632	maw	0.00040915664
632	mathemat	0.00040611142
632	catalogu	0.0004052578
632	monitor	0.00040508524
632	irrig	0.00040381757
632	boast	0.00040301235
632	appeal	0.00040127637
632	dreas030	0.00040076033
632	rodent	0.00040009478
632	jamaludin	0.00039996
632	kei	0.0003987565
632	brush	0.00039627415
632	centrifug	0.0003956631
632	dog	0.0003953436
632	configur	0.000393833
632	cap	0.00039197327
632	spc	0.00039192545
632	synthesi	0.0003917905
632	woodi	0.00039050393
632	osmosi	0.00039047888
632	blower	0.00039002646
632	deepwat	0.00038977346
632	plenipotentiari	0.00038964621
632	strata	0.00038694992
632	kilocalori	0.00038681517
632	exceed	0.00038400426
632	backfil	0.00038269258
632	retread	0.00038269258
632	congression	0.00037812904
632	repres	0.00037746163
632	kyar	0.00037571584
632	shwekyin	0.00037549302
632	impli	0.0003729084
632	sinter	0.00037128854
632	databas	0.0003690669
632	alloy	0.00036826715
632	ludwigit	0.00036826715
632	dephosphor	0.00036826715
632	papermak	0.00036655026
632	dreas001	0.00036603634
632	depress	0.00036441348
632	saitama	0.0003588238
632	fair	0.00035743506
632	variabl	0.00035629264
632	potato	0.00035443486
632	zhinan	0.0003535373
632	grove	0.00035334652
632	asphalt	0.00035259698
632	passagewai	0.00035248525
632	diagram	0.0003510592
632	crystallin	0.00035005083
632	sac	0.00034801225
632	antarctica	0.00034790885
632	treat	0.00034527402
632	perfectli	0.00034462343
632	zhengc	0.00034383498
632	jujub	0.00034383498
632	ds5	0.00034383498
632	cept	0.0003438321
632	quak	0.00034224888
632	permeat	0.00034213648
632	ester	0.00034044855
632	hamayotsu	0.00033869463
632	jing	0.00033824812
632	entertain	0.00033780988
632	anneal	0.0003377326
632	ammonia	0.0003335429
632	karli	0.00033282724
632	rationalis	0.0003301368
632	datum	0.0003299986
632	draft	0.00032899357
632	unwaveringli	0.000328641
632	nantagon	0.00032804764
632	ngasint	0.00032804764
632	aungmingala	0.00032804764
632	saywingaba	0.00032804764
632	arlein	0.00032804764
632	khangon	0.00032804764
632	benzen	0.0003280339
632	hongshui	0.0003259847
632	polyacrylonitril	0.0003259847
632	hole	0.00032379958
632	stabl	0.00032275685
632	filler	0.0003202424
632	vehicular	0.00031767614
632	jiang	0.0003151287
632	incis	0.00031500694
632	dreas047bb	0.0003131565
632	bargain	0.0003128773
632	promptli	0.00031285328
632	toshiko	0.00031005937
632	ablat	0.00030953283
632	document	0.00030884135
632	embank	0.00030819024
632	drchi114	0.0003079848
632	biologi	0.0003078293
632	kenichiro	0.00030756815
632	traction	0.0003073061
632	micropor	0.00030284876
632	bead	0.00030248915
632	reaffirm	0.0003020746
632	occurr	0.00030028602
632	thermoset	0.00029912282
632	jishu	0.00029742616
632	microcomput	0.00029676946
632	semi	0.0002964672
632	massiv	0.00029530062
632	digest	0.00029412596
632	enclosur	0.00029315994
632	fodder	0.00029297074
632	poultri	0.00029284475
632	semiconduct	0.00029149035
632	hirano	0.00029148458
632	cogener	0.0002907152
632	minimum	0.0002890352
632	shenzen	0.0002889468
632	chemistri	0.00028685972
632	diagnost	0.00028623466
632	dau	0.00028558463
632	dreas118	0.0002844933
632	reutil	0.000284393
632	contact	0.0002839803
632	geodesi	0.0002795759
632	enzym	0.00027770246
632	search	0.0002776852
632	vein	0.0002773697
632	fiberboard	0.00027536775
632	impos	0.00027498242
632	stage	0.0002730198
632	pabedan	0.0002714321
632	sedimentari	0.00027116976
632	ammonium	0.0002710783
632	1805	0.00026980162
632	tracer	0.00026940505
632	dimension	0.00026896704
632	epitaxi	0.00026863316
632	ong	0.00026810338
632	mineralog	0.0002680324
632	illustr	0.00026691763
632	sittw	0.00026444063
632	ranan	0.00026434925
632	grand	0.0002634022
632	osi	0.00026213808
632	waterborn	0.00026213808
632	horribl	0.00026137166
632	extinct	0.00026071674
632	wavelength	0.00026039736
632	mall	0.0002601853
632	recommend	0.00026000317
632	kexu	0.00025981138
632	viscou	0.00025936775
632	isdn	0.00025878433
632	saya	0.00025841926
632	winter	0.00025691194
632	mpa	0.0002568404
632	huang	0.0002564798
632	synchron	0.0002549437
632	quantit	0.00025492703
632	tatlulu	0.00025378907
632	khawtaw	0.00025378907
632	shansu	0.00025378907
632	nutrient	0.000253604
632	redoubl	0.00025303022
632	weld	0.0002529774
632	panel	0.00025235192
632	fulli	0.0002519515
632	floodwat	0.00025168408
632	chip	0.00025008465
632	linear	0.00025003395
632	lineup	0.0002499364
632	gw	0.0002497284
632	encrypt	0.00024957382
632	bouppha	0.00024915626
632	legum	0.0002491049
632	kcal	0.00024879814
632	thank	0.0002486542
632	ductil	0.00024849462
632	kanyinchaung	0.0002479309
632	aforeign	0.00024664818
632	broadband	0.00024633046
632	polymer	0.00024589768
632	thongsavat	0.00024552806
632	multidisciplinari	0.00024535102
632	interdenpend	0.00024531953
632	takuhiko	0.00024531953
632	planar	0.00024454272
632	hz	0.0002435154
632	employe	0.00024345118
632	urgenc	0.00024340072
632	nuclei	0.00024251669
632	verif	0.00024232299
632	slag	0.00024183898
632	leakag	0.00024048671
632	dive	0.00023951213
632	permeabl	0.00023840668
632	grout	0.0002376846
632	unitedli	0.00023766604
632	polyvinyl	0.00023615574
632	levit	0.0002331671
632	shorten	0.00023183916
632	1510	0.0002318371
632	waterproof	0.00023178133
632	kideng	0.0002307233
632	guidanc	0.00023040958
632	doppler	0.00023014187
632	abras	0.0002298775
632	diaphragm	0.00022932062
632	cadastr	0.0002290776
632	dna	0.00022893108
632	moei	0.00022746241
632	butadien	0.00022709176
632	container	0.00022510238
632	impur	0.00022489573
632	1653	0.00022480491
632	porou	0.00022423548
632	yasufumi	0.00022421675
632	crust	0.0002237478
632	resettl	0.00022308828
632	quot	0.00022084793
632	farouq	0.00022053896
632	tsuruta	0.00022036216
632	ship	0.0002201404
632	330	0.00022004406
632	coolsaet	0.00021999575
632	136	0.0002189009
632	servo	0.00021875514
632	techniqu	0.00021825118
632	gio	0.00021771912
632	neutron	0.00021752568
632	conveyor	0.0002172211
632	tester	0.00021660935
632	soundli	0.00021641588
632	voa	0.0002158925
632	dreas042	0.00021424651
632	immunolog	0.00021342904
632	chittagong	0.00021310149
632	thammavong	0.00021198422
632	residu	0.00021142421
632	matchup	0.0002110018
632	riverb	0.0002105081
632	pein	0.00021012637
632	metabol	0.00020995167
632	latent	0.00020977965
632	degrad	0.00020892969
632	pahala	0.00020769997
632	woefulli	0.000207252
632	magnific	0.00020697237
632	ethyl	0.00020514395
632	lee	0.00020398594
632	weakli	0.0002039626
632	impound	0.00020006535
632	fingerprint	0.00019932375
632	gunhin	0.00019856829
632	kinet	0.00019785
632	woodcutt	0.00019748817
632	sift	0.00019541623
632	geometr	0.00019430324
632	cup	0.0001939981
632	1320	0.00019005939
632	siahaan	0.00018983327
632	kasman	0.00018983327
632	amelior	0.000189315
632	ds	0.00018919609
632	reduct	0.00018849694
632	unveil	0.00018782234
632	paraguai	0.00018621188
632	oosterwa	0.0001852398
632	375	0.00018523062
632	photofix	0.00018508505
632	multidepart	0.00018508505
632	octoethyl	0.00018508505
632	fcth	0.00018508505
632	petrolog	0.00018508505
632	shadowgraph	0.00018508505
632	sedimentolog	0.00018508505
632	jiaoliu	0.00018508505
632	polybutyl	0.00018508505
632	emblica	0.00018508505
632	uranothorit	0.00018508505
632	190mw	0.00018508505
632	acrylen	0.00018508505
632	nuoyiman	0.00018508505
632	desilicon	0.00018508505
632	dephas	0.00018508505
632	buzhuyuan	0.00018508505
632	dimorphit	0.00018508505
632	paleogeograph	0.00018508505
632	polyphenyleth	0.00018508505
632	mianlun	0.00018508505
632	collophan	0.00018508505
632	xiaox	0.00018508505
632	microdifferenti	0.00018508502
632	geotectolog	0.00018508502
632	feifeng	0.00018508502
632	bacteriorhiza	0.00018508502
632	phenylethylen	0.00018508502
632	xizhung	0.00018508502
632	monoploid	0.00018508502
632	baeyer	0.00018508502
632	moissanit	0.00018508502
632	agrogeolog	0.00018508502
632	officindli	0.00018508502
632	microalloy	0.00018508502
632	daxingan	0.00018508502
632	zhongchao	0.00018508502
632	metabolin	0.00018508502
632	thermosol	0.00018508502
632	micrograin	0.00018508502
632	reflectoscop	0.00018508502
632	polyphenylylenethio	0.00018508502
632	acetoanhydrid	0.00018508502
632	gaertn	0.00018508502
632	ultradeep	0.00018508502
632	diantimoni	0.00018508502
632	avogadro	0.00018508502
632	seismogeolog	0.00018508502
632	qarhan	0.00018508502
632	miyuejiani	0.00018508502
632	reblow	0.00018508502
632	jamesonit	0.00018508502
632	microogran	0.00018508502
632	freshwat	0.00018436114
632	kambawza	0.00018406013
632	tharsehmu	0.00018272125
632	shwepyinyein	0.00018272125
632	mingalar	0.00018272125
632	myetnu	0.00018272125
632	kaweth	0.00018272125
632	gauk	0.00018272125
632	toeyoto	0.00018272125
632	mahawthabin	0.00018272125
632	angel	0.00018220668
632	roller	0.00018218358
632	separ	0.00018124383
632	brought	0.00017928734
632	jpcst005	0.00017768203
632	geothermi	0.00017768203
632	saponin	0.00017768203
632	diphosphor	0.00017768203
632	gibbsit	0.00017768203
632	epigenet	0.00017768203
632	garrison	0.00017746042
632	solubl	0.00017740777
632	grassland	0.0001759093
632	hnin	0.0001754128
632	daung	0.0001754128
632	museum	0.00017527849
632	blade	0.00017459312
632	shar	0.00017437842
632	multiplex	0.00017322718
632	ventil	0.0001729933
632	breeder	0.00017282751
632	dachang	0.00017280583
632	polyamino	0.00017280583
632	hanzhou	0.00017280583
632	geoidal	0.00017280583
632	stratigraphi	0.00017280583
632	geohydrolog	0.00017280583
632	paceset	0.00017280583
632	pyrolyz	0.00017280583
632	polyoxymethylen	0.00017280583
632	songnen	0.00017280583
632	copolymer	0.00017280583
632	arylen	0.00017280583
632	chloropren	0.00017280583
632	basepl	0.00017280583
632	withdrew	0.00017168441
632	cartograph	0.00017141947
632	moth	0.00016921523
632	ultrafilt	0.00016916374
632	vlbi	0.00016916374
632	geotecton	0.00016916374
632	anticlin	0.00016916374
632	kaolinit	0.00016916374
632	petrolifer	0.00016916374
632	photoetch	0.00016916374
632	qinl	0.00016916374
632	overcut	0.00016916374
632	axl	0.00016822551
632	rpg	0.0001673346
632	ghanim	0.00016701256
632	sumo	0.0001669958
632	malleabl	0.00016689296
632	biocatalyst	0.00016625556
632	decentralist	0.00016625556
632	ultrahard	0.00016625554
632	qinghuangdao	0.00016625554
632	steadfastli	0.00016581296
632	distil	0.00016509382
632	wattai	0.00016439841
632	dvb	0.00016413225
632	kuroshio	0.00016383457
632	biocomput	0.00016383457
632	gangu	0.00016383457
632	ternari	0.00016383457
632	pyrolyt	0.00016383457
632	baiyangdian	0.00016383457
632	3mw	0.00016383457
632	qilian	0.00016383457
632	dehydrogen	0.00016383457
632	microassembl	0.00016383457
632	orthograph	0.00016383457
632	optim	0.00016367977
632	physio	0.00016306574
632	butyl	0.00016260827
632	pneumat	0.00016246109
632	inductor	0.00016176075
632	mosfet	0.00016176073
632	moduli	0.00016176073
632	arrestor	0.00016176073
632	nen	0.00016176073
632	mhd	0.00016176073
632	jinchuan	0.00016176073
632	polyacryl	0.00015994685
632	polybutadien	0.00015994685
632	photomet	0.00015994685
632	propeno	0.00015994685
632	dylon	0.00015994685
632	veterinari	0.0001596047
632	metast	0.00015833494
632	photoconduct	0.00015833494
632	photocel	0.00015833494
632	nodular	0.00015833494
632	geomorpholog	0.00015777632
632	tempor	0.00015745712
632	desertifi	0.00015688452
632	anl	0.00015688452
632	tubeless	0.00015688452
632	germplasm	0.00015688452
632	parol	0.00015641945
632	75th	0.0001556598
632	tractiv	0.00015556613
632	icd	0.00015476973
632	photoelectron	0.00015435774
632	changbai	0.00015435774
632	formic	0.00015435774
632	thermophys	0.00015435774
632	electrochemistri	0.0001532424
632	heterocycl	0.0001532424
632	geospher	0.0001532424
632	catalyt	0.00015284616
632	cheong	0.00015272351
632	geodynam	0.0001526273
632	0728	0.00015249687
632	battlelin	0.00015220682
632	zhongyuan	0.00015220682
632	freighter	0.00015205769
632	723	0.0001516363
632	slr	0.00015124031
632	tianshan	0.00015124031
632	crossbreed	0.0001512403
632	piezo	0.00015122918
632	panzhihua	0.00015033424
632	anthraquinon	0.00015033424
632	kunlun	0.00014992025
632	bioengin	0.00014987231
632	laminar	0.00014948151
632	silicid	0.00014948151
632	oxal	0.00014948151
632	asexu	0.00014948151
632	prestress	0.00014948151
632	quantiz	0.00014888322
632	photosynthet	0.00014867619
632	stope	0.00014867619
632	charact	0.00014821939
632	film	0.0001481102
632	wrestler	0.00014803375
632	holographi	0.00014791326
632	cradl	0.00014774337
632	synerget	0.00014771834
632	gtr	0.00014718849
632	interpl	0.00014718849
632	polyimid	0.00014718849
632	chai	0.00014705728
632	biomagnet	0.00014672008
632	radial	0.00014668229
632	unidirect	0.00014649826
632	interpenetr	0.00014649826
632	alkalin	0.00014628461
632	maleic	0.00014583943
632	amyl	0.00014583943
632	integr	0.00014559797
632	determinist	0.00014520923
632	taihang	0.00014520923
632	tunabl	0.00014460528
632	trioxid	0.00014402553
632	ultrahigh	0.00014346806
632	retir	0.0001430338
632	absdf	0.00014296127
632	physicochem	0.00014293124
632	tint	0.00014265817
632	drchi020	0.00014241779
632	bionic	0.00014241361
632	calorif	0.00014143072
632	yue	0.00014118287
632	sideband	0.00014097121
632	dreas006	0.0001402348
632	disast	0.00014013053
632	recombin	0.00014008334
632	unshirk	0.00014007108
632	neopren	0.00014007108
632	shellac	0.0001396448
632	kuti	0.0001396448
632	relativist	0.0001396448
632	wessel	0.0001394742
632	seismograph	0.0001392307
632	node	0.00013905307
632	1044	0.00013845824
632	modulu	0.00013843643
632	piezoelectr	0.00013780336
632	magnetit	0.00013773912
632	0945	0.00013720433
632	waster	0.0001369676
632	photosynthesi	0.0001369676
632	gto	0.00013662253
632	polyamid	0.00013662253
632	atlas	0.00013655875
632	crime	0.000136513
632	extinguish	0.00013645306
632	cytolog	0.00013628548
632	molar	0.00013628548
632	tourist	0.00013613165
632	germicid	0.00013595611
632	tallow	0.00013531899
632	spongi	0.00013531899
632	waveguid	0.00013531899
632	shortwav	0.00013501063
632	valv	0.00013368244
632	sann	0.00013359077
632	silt	0.00013348302
632	insidi	0.00013314618
632	radiomet	0.0001329273
632	gear	0.0001328558
632	microstructur	0.00013249608
632	piggyback	0.00013224182
632	94th	0.00013199194
632	turnoff	0.00013190266
632	gv	0.00013186914
632	drchi099	0.00013182979
632	overarch	0.00013174632
632	borehol	0.0001317463
632	acupunctur	0.00013150477
632	epicentr	0.00013126717
632	josephson	0.00013103343
632	tarim	0.00013080338
632	somat	0.00013035399
632	covert	0.00013011669
632	lignin	0.00012993623
632	useabl	0.0001292879
632	keton	0.0001292879
632	drchi121	0.00012925376
632	anod	0.0001288825
632	curvatur	0.00012868397
632	bedar	0.00012833631
632	bodaw	0.00012833631
632	namsun	0.00012833631
632	minthame	0.00012833631
632	insolai	0.00012833631
632	ether	0.00012822781
632	yongshi	0.00012781766
632	dielectr	0.0001277302
632	chloro	0.00012754675
632	turpentin	0.00012745701
632	cauldron	0.0001273656
632	dimethyl	0.00012683534
632	promin	0.00012667871
632	littor	0.0001266628
632	buse	0.00012628917
632	ergonom	0.00012599252
632	urn	0.00012582968
632	hydroxid	0.0001255094
632	tactil	0.00012519603
632	marrakech	0.00012505785
632	maglev	0.0001248096
632	emuls	0.00012473836
632	afrikaan	0.00012440387
632	ultrasound	0.00012344611
632	1610	0.00012310893
632	pretreat	0.00012290681
632	refract	0.00012277506
632	emitt	0.0001226445
632	cae	0.00012238686
632	rainwat	0.00012225973
632	itar	0.00012217644
632	wood	0.00012176529
632	hydropow	0.00012146148
632	slavophil	0.00012140147
632	triumvir	0.00012104628
632	lenienc	0.000121041354
632	chromatographi	0.000120815326
632	recogn	0.00012073238
632	hermet	0.000120587996
632	tass	0.00012018694
632	expediti	0.00012009999
632	simasakun	0.00011978348
632	stratif	0.000119501936
632	twig	0.000119191376
632	welder	0.00011888732
632	ccd	0.00011888732
632	dew	0.00011868812
632	submicron	0.00011861022
632	hearti	0.00011856552
632	naphthalen	0.000118537995
632	anesthet	0.00011849161
632	calib	0.00011842391
632	monoclon	0.000118408236
632	add	0.000118329765
632	vofa	0.000118219556
632	kakuk	0.0001180584
632	0227	0.00011782312
632	whom	0.000117816955
632	meltdown	0.00011773117
632	spectra	0.00011749122
632	inflect	0.00011727542
632	siev	0.00011683355
632	trunk	0.0001160438
632	oven	0.00011601632
632	microbi	0.00011558345
632	superstit	0.00011495835
632	chromatograph	0.000114517265
632	06	0.00011436729
632	megahertz	0.00011416718
632	psycho	0.00011399677
632	unclassifi	0.000113925395
632	handwrit	0.00011385435
632	persimmon	0.00011378365
632	braid	0.00011371331
632	footprint	0.00011371331
632	brougt	0.00011362571
632	vaccin	0.000113617534
632	govern	0.00011334121
632	unplan	0.000112894704
632	rashidul	0.00011226122
632	amplitud	0.00011190364
632	inflamm	0.00011180888
632	eavesdrop	0.00011132474
632	equp	0.00011097198
632	ostpolitik	0.00011096692
632	innocu	0.0001106276
632	photocatalyst	0.000110449895
632	convalesc	0.00011029121
632	bdm	0.000110143075
632	embryo	0.00010996245
632	minicomput	0.000109482884
632	adunyadet	0.00010941614
632	ablaz	0.00010922315
632	finit	0.00010856888
632	division	0.00010856787
632	spectroscop	0.00010831106
632	stove	0.000108251974
632	therefrom	0.000108228436
632	gb	0.00010813893
632	ranong	0.00010786816
632	slant	0.000107260814
632	prefac	0.00010720777
632	ghent	0.00010720221
632	energ	0.00010702967
632	hog	0.00010670728
632	archaeolog	0.000106550906
632	hotb	0.00010646554
632	finder	0.0001059324
632	gush	0.00010592253
632	aqua	0.000105815605
632	delv	0.000105359664
632	auxiliari	0.000105194864
632	som	0.00010516258
632	forerunn	0.00010500903
632	rik	0.000104566476
632	styren	0.00010452954
632	antioxid	0.000104246064
632	respir	0.00010411347
632	antibodi	0.00010351696
632	blader	0.00010348387
632	philopon	0.00010348387
632	glimmer	0.00010266821
632	skull	0.00010091223
632	cardiovascular	0.00010055786
632	electromagnet	0.00010037118
632	reusabl	9.969071e-05
632	drchi036	9.945515e-05
632	0345	9.917164e-05
632	afonin	9.908634e-05
632	electrostat	9.8903765e-05
632	alleg	9.8636665e-05
632	foresight	9.84996e-05
632	vascular	9.826586e-05
632	incumb	9.8092365e-05
632	specialti	9.799968e-05
632	preced	9.782284e-05
632	embed	9.776861e-05
632	prairi	9.768292e-05
632	immort	9.664549e-05
632	obliqu	9.634536e-05
632	decker	9.632847e-05
632	opportunist	9.5826144e-05
632	monineat	9.516046e-05
632	normalci	9.481552e-05
632	bandoola	9.449491e-05
632	7000	9.432808e-05
632	arbor	9.410622e-05
632	mould	9.3666764e-05
632	binari	9.360571e-05
632	terminolog	9.27073e-05
632	425	9.206204e-05
632	decod	9.1611626e-05
632	sf	9.154476e-05
632	fountainhead	9.152159e-05
632	airworthi	9.102012e-05
632	loosen	9.085396e-05
632	paragaph	9.053773e-05
632	surveyor	9.043116e-05
632	hossain	9.036061e-05
632	granular	9.033896e-05
632	undercov	9.0332964e-05
632	reservoir	8.9874906e-05
632	boft	8.921929e-05
632	damp	8.8823e-05
632	aqueou	8.8652836e-05
632	academician	8.830798e-05
632	akhtar	8.80766e-05
632	filament	8.732319e-05
632	politech	8.7143984e-05
632	toughen	8.679439e-05
632	spacecraft	8.513391e-05
632	dacron	8.370802e-05
632	jiageng	8.3658415e-05
632	yangmingshan	8.345259e-05
632	khruschev	8.3260195e-05
632	mutat	8.3216815e-05
632	sceptic	8.314966e-05
632	caviti	8.289109e-05
632	biomed	8.2833394e-05
632	fiberglass	8.129954e-05
632	decentr	8.095534e-05
632	perpetr	8.094926e-05
632	aerodynam	8.0741724e-05
632	medicin	8.071958e-05
632	chestnut	8.052844e-05
632	upland	7.997628e-05
632	farmland	7.9957514e-05
632	sore	7.936091e-05
632	sqn	7.9354984e-05
632	drsov114	7.913518e-05
632	0240	7.904382e-05
632	monopuls	7.8860474e-05
632	baselin	7.867404e-05
632	hanger	7.861745e-05
632	omnidirect	7.8185e-05
632	complimentar	7.805889e-05
632	defrai	7.787329e-05
632	think	7.771089e-05
632	dreas071	7.761699e-05
632	seepag	7.695445e-05
632	inappropri	7.689654e-05
632	nondisintegr	7.619498e-05
632	jptdd012	7.577243e-05
632	qin	7.565878e-05
632	hydrogeolog	7.51555e-05
632	volatil	7.5025084e-05
632	flammabl	7.496723e-05
632	drag	7.482774e-05
632	colloquium	7.473898e-05
632	10mw	7.386083e-05
632	pramatwinai	7.3566305e-05
632	kennan	7.349531e-05
632	photographi	7.280964e-05
632	0127	7.190926e-05
632	sergeant	7.075144e-05
632	dreas045bb	7.062382e-05
632	fluorin	6.9915186e-05
632	circuitri	6.971153e-05
632	5706	6.9642316e-05
632	nanyang	6.930108e-05
632	jorgen	6.866443e-05
632	electrolyt	6.862662e-05
632	0821	6.825207e-05
632	qinhuangdao	6.817172e-05
632	husni	6.7891146e-05
632	cochair	6.754937e-05
632	1501	6.658875e-05
632	0716	6.656662e-05
632	dreas047aa	6.653401e-05
632	loong	6.6431574e-05
632	gaseou	6.5813736e-05
632	nozzl	6.572402e-05
632	pulver	6.5488806e-05
632	faith	6.483701e-05
632	stabli	6.3982276e-05
632	dreas024	6.360999e-05
632	htut	6.357116e-05
632	law	6.326371e-05
632	moonei	6.295532e-05
632	0654	6.2884435e-05
632	visa	6.286899e-05
632	cloth	6.2302126e-05
632	floodgat	6.195865e-05
632	hsien	6.137713e-05
632	kirillov	6.080013e-05
632	shaharil	5.9552825e-05
632	taliba	5.9552825e-05
632	phanthong	5.9552825e-05
632	rajaretnam	5.9552825e-05
632	phommahaxai	5.9552825e-05
632	dorodjatun	5.9552825e-05
632	spaceflight	5.9421996e-05
632	insein	5.86552e-05
632	talbott	5.8540183e-05
632	corps	5.8509984e-05
632	brandt	5.845708e-05
632	brethren	5.8386628e-05
632	wrongfulli	5.8099242e-05
632	paranoia	5.8054404e-05
632	bolger	5.795519e-05
632	strobe	5.769656e-05
632	krompreah	5.7245525e-05
632	thuggish	5.720927e-05
632	kamarudin	5.717084e-05
632	jakti	5.717084e-05
632	kuntjoro	5.717084e-05
632	sukhumphan	5.717084e-05
632	boriphat	5.717084e-05
632	sirirath	5.717084e-05
632	countertrad	5.684237e-05
632	pyrolysi	5.6752917e-05
632	2582	5.6189707e-05
632	siagian	5.5601868e-05
632	wiraphon	5.5601868e-05
632	jpcar018	5.552783e-05
632	fault	5.5145818e-05
632	sulong	5.4429995e-05
632	strongli	5.4291384e-05
632	dip	5.3183132e-05
632	diamet	5.3122923e-05
632	drchi087	5.3033127e-05
632	1547	5.278312e-05
632	jawhar	5.271529e-05
632	sabam	5.271529e-05
632	horrifi	5.208046e-05
632	sisowath	5.2048013e-05
632	wan	5.153822e-05
632	reascend	5.1484476e-05
632	zainal	5.1464376e-05
632	seamless	5.117877e-05
632	gene	5.0987215e-05
632	drsov116	5.0832346e-05
632	catchword	5.040143e-05
632	0819	4.9839957e-05
632	sot	4.9351485e-05
632	sarasin	4.8973943e-05
632	dreas009	4.8329548e-05
632	outli	4.8137994e-05
632	geoscientif	4.7970258e-05
632	offshor	4.6251942e-05
632	chairnat	4.598438e-05
632	wiyi	4.5879064e-05
632	p6	4.569945e-05
632	brothership	4.559422e-05
632	imageri	4.502596e-05
632	defi	4.4823835e-05
632	drchi027	4.4700548e-05
632	anshan	4.4200813e-05
632	intrus	4.4114644e-05
632	sharpli	4.4090564e-05
632	consol	4.408934e-05
632	impregn	4.4044522e-05
632	monom	4.3999153e-05
632	omen	4.3480544e-05
632	jaffar	4.334377e-05
632	stabili	4.2933607e-05
632	influneti	4.1919895e-05
632	cg3ayabpft	4.1877072e-05
632	entireti	4.178676e-05
632	1601	4.1757383e-05
632	concur	4.142661e-05
632	greas	4.0839233e-05
632	usabl	4.0675797e-05
632	nontrad	4.0597555e-05
632	pearl	4.0426345e-05
632	tsujino	4.024319e-05
632	acet	4.015722e-05
632	087	3.9461585e-05
632	yuanjiao	3.9056176e-05
632	drchi098	3.885992e-05
632	norikazu	3.831388e-05
632	zhishi	3.8005288e-05
632	blanket	3.7734804e-05
632	wreath	3.7700123e-05
632	ja	3.767136e-05
632	regress	3.7571273e-05
632	intransig	3.7298993e-05
632	airlin	3.6725512e-05
632	editori	3.6380778e-05
632	jincan	3.625627e-05
632	conveni	3.541667e-05
632	statur	3.531563e-05
632	pentoxid	3.4995785e-05
632	thermoelectr	3.4567995e-05
632	custodi	3.440794e-05
632	chamber	3.4219505e-05
632	knack	3.4101955e-05
632	occass	3.4049186e-05
632	respon	3.3856057e-05
632	realloc	3.29913e-05
632	drlat033	3.2763935e-05
632	drweu033	3.2704447e-05
632	sp	3.2569293e-05
632	softwar	3.240727e-05
632	gradient	3.2206408e-05
632	cartographi	3.165117e-05
632	027	3.1538504e-05
632	hookup	3.0267816e-05
632	jiyun	3.0160514e-05
632	subvers	2.9909965e-05
632	chlorid	2.9875604e-05
632	sanjiang	2.9494619e-05
632	baijia	2.944671e-05
632	macrotriangular	2.944671e-05
632	gravit	2.9309642e-05
632	paul	2.9149973e-05
632	0234	2.9082967e-05
632	takeo	2.884702e-05
632	wrongdo	2.8827579e-05
632	kennedi	2.8613364e-05
632	loimaw	2.839989e-05
632	toothpast	2.8292274e-05
632	inlet	2.7882057e-05
632	jingong	2.7500799e-05
632	0713	2.741322e-05
632	precursor	2.7346248e-05
632	front	2.7323078e-05
632	nyugen	2.7047286e-05
632	seab	2.701474e-05
632	homeless	2.6806816e-05
632	mongchut	2.6466214e-05
632	jinh	2.640083e-05
632	decontrol	2.6102794e-05
632	cherish	2.5698419e-05
632	bothersom	2.5553007e-05
632	0603	2.5369825e-05
632	assidu	2.5214425e-05
632	apertur	2.5140449e-05
632	yoshihito	2.5135138e-05
632	authorit	2.5079627e-05
632	projectil	2.497473e-05
632	masthead	2.4657566e-05
632	phosphorit	2.3956887e-05
632	primaci	2.379265e-05
632	nonconfront	2.3533708e-05
632	1410	2.2620377e-05
632	opto	2.2612685e-05
632	6678	2.2554994e-05
632	dreas065	2.2428232e-05
632	brillianc	2.2422351e-05
632	bychkov	2.2073375e-05
632	censu	2.1967939e-05
632	castig	2.1847636e-05
632	swerv	2.1792941e-05
632	4102	2.1791311e-05
632	ultrason	2.1728203e-05
632	cascad	2.021037e-05
632	interpos	2.0139383e-05
632	archenemi	2.006051e-05
632	3686	1.9684043e-05
632	4436	1.9466943e-05
632	counterbalanc	1.873839e-05
632	drsov118	1.8519055e-05
632	drchi109	1.836271e-05
632	aipo	1.7609455e-05
632	2448	1.7550528e-05
632	dosag	1.7099557e-05
632	4527	1.6923723e-05
632	drchi010op	1.6702268e-05
632	ivanov	1.6034212e-05
632	fredrick	1.5768555e-05
632	spaciou	1.5651472e-05
632	scrutin	1.5626523e-05
632	give	1.5316185e-05
632	evolutionari	1.492236e-05
632	gp	1.4874263e-05
632	kagyigon	1.4665903e-05
632	gangwegon	1.4665903e-05
632	khagwegon	1.4665903e-05
632	kyauktaung	1.4665903e-05
632	kyaukchuntaung	1.4665902e-05
632	3152	1.4585066e-05
632	cuenco	1.4319389e-05
632	respiratori	1.4272103e-05
632	indonensia	1.40939455e-05
632	homai	1.40793e-05
632	puppet	1.3871337e-05
632	4545	1.3787427e-05
632	deuterium	1.3130631e-05
632	sole	1.2997265e-05
632	hsat	1.2673985e-05
632	drchi010	1.2522674e-05
632	viss	1.2431327e-05
632	analyt	1.2321386e-05
632	zhiquang	1.1736254e-05
632	4410	1.1087048e-05
632	unquot	1.0025703e-05
632	horsepow	9.684296e-06
632	sicharatchanya	9.665508e-06
632	1837	9.244409e-06
632	causal	9.17141e-06
632	phaisan	9.120707e-06
632	sangha	9.083367e-06
632	lastli	8.961498e-06
632	blaze	8.639462e-06
632	oa	8.636634e-06
632	thiha	8.612259e-06
632	handcuff	8.549528e-06
632	handcuf	8.4095245e-06
632	ldr	8.305153e-06
632	ministerr	8.267789e-06
632	khue	8.099461e-06
632	extemporan	7.718722e-06
632	kett	7.1305785e-06
632	unclar	6.3676425e-06
632	earthwork	6.189526e-06
632	hallmark	5.863553e-06
632	gavrilov	5.4168436e-06
632	arithmet	5.318926e-06
632	crippl	5.1690186e-06
632	sleeper	5.109182e-06
632	1445	5.079911e-06
632	panacea	4.6953874e-06
632	aboligo	4.6067526e-06
632	justifi	4.4365024e-06
632	interethn	4.104379e-06
632	azocar	3.788416e-06
632	feat	3.2789549e-06
632	patricio	2.766448e-06
632	cohabit	2.1236538e-06
632	imari	2.1028295e-06
632	kasich	1.9547847e-06
632	yoshikazu	1.9229997e-06
632	isotop	1.4898534e-06
632	dreas112	1.2636797e-06
632	walnut	1.1947806e-06
632	0452	1.0084783e-06
632	drchi074	8.6767375e-07
632	hsiu	3.0346018e-07
632	mongolia	2.569789e-07
632	0734	-4.1528864e-07
632	er	-8.055381e-07
632	0723	-1.0461362e-06
632	substat	-1.0588836e-06
632	mubarak	-1.6128072e-06
632	upright	-2.0804696e-06
632	bio	-2.0844207e-06
632	vollei	-2.1709943e-06
632	rebuff	-2.1771316e-06
632	1850	-2.2055556e-06
632	unsubstanti	-2.2416978e-06
632	noncommiss	-2.2474671e-06
632	labori	-2.249476e-06
632	alloi	-2.2584195e-06
632	kneel	-2.2625595e-06
632	canteen	-2.2985657e-06
632	basebal	-2.3200603e-06
632	cul	-2.3303076e-06
632	perturb	-2.3475245e-06
632	10a	-2.377594e-06
632	serviceman	-2.386766e-06
632	inocul	-2.3962248e-06
632	prefabr	-2.3962248e-06
632	theatr	-2.40169e-06
632	citat	-2.421091e-06
632	armiya	-2.437337e-06
632	airtight	-2.4543222e-06
632	droplet	-2.4806773e-06
632	windward	-2.484944e-06
632	perpendicular	-2.4892724e-06
632	prussia	-2.4958829e-06
632	catwalk	-2.500372e-06
632	brainwash	-2.507233e-06
632	faultless	-2.5238762e-06
632	sod	-2.528805e-06
632	fluiditi	-2.5338154e-06
632	juan	-2.5440065e-06
632	2320	-2.552038e-06
632	uhf	-2.554733e-06
632	volit	-2.557453e-06
632	egress	-2.58014e-06
632	cipher	-2.5860884e-06
632	whatman	-2.5983493e-06
632	stairwel	-2.6177277e-06
632	sledg	-2.6177277e-06
632	peacelov	-2.645667e-06
632	0940	-2.653075e-06
632	okean	-2.684673e-06
632	recheck	-2.693118e-06
632	pk	-2.706245e-06
632	mtu	-2.7107506e-06
632	adjut	-2.7153249e-06
632	midg	-2.7246863e-06
632	tabular	-2.7246863e-06
632	poncho	-2.7294782e-06
632	counterrevolut	-2.7443275e-06
632	stalingrad	-2.7443275e-06
632	nida	-2.7443275e-06
632	stoker	-2.749444e-06
632	jai	-2.760716e-06
632	porthol	-2.770825e-06
632	retarget	-2.770825e-06
632	unconc	-2.7764154e-06
632	latrin	-2.7764154e-06
632	skeet	-2.7821113e-06
632	tricolor	-2.787917e-06
632	multistori	-2.799874e-06
632	preplan	-2.806035e-06
632	krylov	-2.8060354e-06
632	voyennoy	-2.8123245e-06
632	nodal	-2.8187476e-06
632	jpuma010	-2.8253105e-06
632	rancho	-2.8316886e-06
632	gdynia	-2.8320192e-06
632	mitchel	-2.836631e-06
632	workbook	-2.845901e-06
632	leeward	-2.8530892e-06
632	alekseyev	-2.8679997e-06
632	fourthli	-2.8679997e-06
632	swiftest	-2.9002306e-06
632	ramifi	-2.9002306e-06
632	unobserv	-2.9002306e-06
632	alex	-2.9065666e-06
632	agonizingli	-2.9088562e-06
632	escarp	-2.9268842e-06
632	izdatelstvo	-2.9268842e-06
632	ionospher	-2.9363189e-06
632	sandhil	-2.9561213e-06
632	jammer	-2.9561213e-06
632	mlr	-2.9665316e-06
632	sobraniy	-2.9665316e-06
632	ekran	-2.9884964e-06
632	strela	-3.0121853e-06
632	cbi	-3.0173976e-06
632	rpk	-3.024765e-06
632	abbei	-3.0316269e-06
632	catherin	-3.0359063e-06
632	bykov	-3.0378924e-06
632	trio	-3.0378935e-06
632	curti	-3.0435651e-06
632	corpsman	-3.0516167e-06
632	friedman	-3.062694e-06
632	blair	-3.0807466e-06
632	m60	-3.0810913e-06
632	dozer	-3.113759e-06
632	vladimirov	-3.113759e-06
632	geomagnet	-3.1315217e-06
632	multiti	-3.1315217e-06
632	exacting	-3.1315217e-06
632	brad	-3.137773e-06
632	powel	-3.138175e-06
632	corona	-3.1405928e-06
632	severalfold	-3.150395e-06
632	zashchita	-3.150395e-06
632	122nd	-3.1920995e-06
632	brushwood	-3.1920995e-06
632	waterhous	-3.1954771e-06
632	bennett	-3.2036155e-06
632	aden	-3.2045277e-06
632	sharon	-3.2045277e-06
632	milwauke	-3.2068149e-06
632	145th	-3.2153325e-06
632	cinc	-3.2153325e-06
632	fcc	-3.218404e-06
632	lancast	-3.2221674e-06
632	malibu	-3.2254827e-06
632	lawson	-3.2278638e-06
632	bett	-3.2312157e-06
632	tdp	-3.2405035e-06
632	tisza	-3.2405035e-06
632	hank	-3.2414025e-06
632	cherri	-3.2473138e-06
632	wyom	-3.2473138e-06
632	nebraska	-3.2522912e-06
632	bradford	-3.2527919e-06
632	luther	-3.2573166e-06
632	microsoft	-3.2583282e-06
632	mudflow	-3.267966e-06
632	loyola	-3.2779174e-06
632	fougass	-3.2981789e-06
632	151st	-3.2981789e-06
632	voyennaya	-3.2981789e-06
632	unshelt	-3.2981789e-06
632	jerom	-3.304866e-06
632	cv	-3.3126676e-06
632	mead	-3.3171782e-06
632	harper	-3.325743e-06
632	bel	-3.3280503e-06
632	barr	-3.3280503e-06
632	hydrographi	-3.3317558e-06
632	wellington	-3.3421152e-06
632	hobbi	-3.3498943e-06
632	psychiatr	-3.3559588e-06
632	mcfarland	-3.358404e-06
632	lori	-3.3627114e-06
632	relaid	-3.3695396e-06
632	idp	-3.3695396e-06
632	uci	-3.3893286e-06
632	burk	-3.4018303e-06
632	claremont	-3.4119162e-06
632	hummock	-3.4127388e-06
632	gruppa	-3.4127388e-06
632	stepnoy	-3.4127388e-06
632	groza	-3.4127388e-06
632	offroad	-3.4127388e-06
632	copperhead	-3.4127388e-06
632	brighton	-3.4146385e-06
632	saxon	-3.421508e-06
632	merck	-3.4235868e-06
632	tenn	-3.4305758e-06
632	cavali	-3.4383731e-06
632	lockhe	-3.44052e-06
632	norwich	-3.4412374e-06
632	gard	-3.4426755e-06
632	kingfish	-3.4477405e-06
632	carrol	-3.4477405e-06
632	bernstein	-3.4506572e-06
632	rita	-3.454326e-06
632	casei	-3.4617412e-06
632	dart	-3.4669954e-06
632	lind	-3.470022e-06
632	roster	-3.476484e-06
632	guild	-3.4792074e-06
632	floyd	-3.484641e-06
632	procter	-3.489344e-06
632	pam	-3.4996813e-06
632	sureti	-3.5061457e-06
632	albuquerqu	-3.5159953e-06
632	dwight	-3.522666e-06
632	macgregor	-3.523506e-06
632	semiopen	-3.5237472e-06
632	yarvi	-3.5237472e-06
632	shirokaya	-3.5237472e-06
632	boyu	-3.5237472e-06
632	voysk	-3.5237472e-06
632	dkv	-3.5237472e-06
632	715th	-3.5237472e-06
632	obespecheniy	-3.5237472e-06
632	razvedki	-3.5237472e-06
632	ustav	-3.5237472e-06
632	udara	-3.5237472e-06
632	boya	-3.5237472e-06
632	archer	-3.5243474e-06
632	horton	-3.5260334e-06
632	hyster	-3.5302744e-06
632	cellar	-3.5423336e-06
632	liz	-3.5423336e-06
632	simmon	-3.5432056e-06
632	mod	-3.5440794e-06
632	berger	-3.5449543e-06
632	belmont	-3.547589e-06
632	shark	-3.5582593e-06
632	ig	-3.5627709e-06
632	beck	-3.5664082e-06
632	gibb	-3.5849846e-06
632	jackpot	-3.5868793e-06
632	dawson	-3.594527e-06
632	vedeniya	-3.5996131e-06
632	snowslid	-3.5996131e-06
632	dubrovka	-3.5996131e-06
632	x0	-3.5996131e-06
632	karabin	-3.5996131e-06
632	katukov	-3.5996131e-06
632	yedinaya	-3.5996131e-06
632	voinskii	-3.5996131e-06
632	316th	-3.5996131e-06
632	puti	-3.5996131e-06
632	zelenaya	-3.5996131e-06
632	nonstereotyp	-3.5996131e-06
632	callsign	-3.5996131e-06
632	fargo	-3.6013116e-06
632	mogul	-3.6062124e-06
632	catalina	-3.6161537e-06
632	kaplan	-3.6181652e-06
632	alumni	-3.6191736e-06
632	fischer	-3.6232275e-06
632	brandon	-3.6273127e-06
632	gorman	-3.630398e-06
632	nathan	-3.638715e-06
632	oriol	-3.6408153e-06
632	nash	-3.6418685e-06
632	melvin	-3.6439812e-06
632	pi	-3.649301e-06
632	kraft	-3.6503714e-06
632	barrist	-3.656841e-06
632	almond	-3.6579274e-06
632	helena	-3.6622944e-06
632	justin	-3.6689144e-06
632	resuscit	-3.672256e-06
632	charleston	-3.672256e-06
632	fireplac	-3.6756194e-06
632	irwin	-3.6756194e-06
632	carmel	-3.6767453e-06
632	seymour	-3.679004e-06
632	auburn	-3.6801375e-06
632	futurist	-3.6824113e-06
632	spiegel	-3.6858405e-06
632	arco	-3.6939314e-06
632	hyde	-3.6939314e-06
632	panther	-3.6974375e-06
632	newhal	-3.6986114e-06
632	woolworth	-3.7009675e-06
632	podavleniy	-3.7011869e-06
632	figurnaya	-3.7011869e-06
632	siegecraft	-3.7011869e-06
632	353rd	-3.7011869e-06
632	doktrina	-3.7011869e-06
632	firefind	-3.7011869e-06
632	tankovyi	-3.7011869e-06
632	rembass	-3.7011869e-06
632	izbrannyy	-3.7011869e-06
632	proizvedeniya	-3.7011869e-06
632	lazurnaya	-3.7011869e-06
632	razvedka	-3.7011869e-06
632	zadachi	-3.7011869e-06
632	maska	-3.7011869e-06
632	1075th	-3.7011869e-06
632	magnetometr	-3.7011869e-06
632	politizdat	-3.7011869e-06
632	glavnogo	-3.7011869e-06
632	iskhodnaya	-3.7011869e-06
632	nonself	-3.7011869e-06
632	sukhoputnykh	-3.7011869e-06
632	sochinenii	-3.7011869e-06
632	mpq	-3.7011869e-06
632	semiburi	-3.7011869e-06
632	kpvt	-3.7011869e-06
632	kotala	-3.7011869e-06
632	5x1	-3.7011869e-06
632	inzhenernoy	-3.7011869e-06
632	polnoy	-3.7011869e-06
632	476th	-3.7011869e-06
632	vyzhidatelnaya	-3.7011869e-06
632	ogon	-3.7011869e-06
632	safewai	-3.7104983e-06
632	lindsai	-3.7117022e-06
632	watkin	-3.7238942e-06
632	logan	-3.730099e-06
632	assoc	-3.7313484e-06
632	manor	-3.740182e-06
632	greenfield	-3.7427335e-06
632	mateo	-3.7478742e-06
632	bois	-3.7478742e-06
632	dexter	-3.7543718e-06
632	shear	-3.756994e-06
632	chateau	-3.7609514e-06
632	weston	-3.7609514e-06
632	dun	-3.7609514e-06
632	wiser	-3.7609514e-06
632	atkinson	-3.7609514e-06
632	hanna	-3.7609514e-06
632	bon	-3.7622774e-06
632	koenig	-3.7716543e-06
632	tiffani	-3.7716543e-06
632	wichita	-3.7730076e-06
632	usp	-3.7743646e-06
632	preslei	-3.7743646e-06
632	slipperi	-3.7757252e-06
632	woodward	-3.7757252e-06
632	sprinkler	-3.7757252e-06
632	sanderson	-3.7770892e-06
632	we	-3.7784564e-06
632	schere	-3.7798277e-06
632	mcgee	-3.7798277e-06
632	larson	-3.7839632e-06
632	mtl	-3.7867378e-06
632	kati	-3.789528e-06
632	westland	-3.789528e-06
632	tasti	-3.789528e-06
632	barnett	-3.7937411e-06
632	sl	-3.797988e-06
632	whirlpool	-3.797988e-06
632	thoroughbr	-3.7994118e-06
632	genesi	-3.8037056e-06
632	mackenzi	-3.8065878e-06
632	ual	-3.808035e-06
632	middlesex	-3.8094863e-06
632	harrow	-3.813864e-06
632	wholesom	-3.813864e-06
632	msi	-3.816803e-06
632	jacobson	-3.816803e-06
632	kimberli	-3.818279e-06
632	hc	-3.8227313e-06
632	saul	-3.8302373e-06
632	hbo	-3.831751e-06
632	gallagh	-3.8409303e-06
632	northrop	-3.8440257e-06
632	bordeaux	-3.8471403e-06
632	gull	-3.851847e-06
632	fremont	-3.8550083e-06
632	tauru	-3.8550083e-06
632	forsirovaniya	-3.855394e-06
632	posadochnaya	-3.855394e-06
632	selfpropel	-3.855394e-06
632	trucktrail	-3.855394e-06
632	counterscarp	-3.855394e-06
632	ivanovka	-3.855394e-06
632	oborvannaya	-3.855394e-06
632	ozhidaniya	-3.855394e-06
632	okhraneniya	-3.855394e-06
632	uchastok	-3.855394e-06
632	polosa	-3.855394e-06
632	lowcapac	-3.855394e-06
632	sightoper	-3.855394e-06
632	ilino	-3.855394e-06
632	heatemit	-3.855394e-06
632	zavizion	-3.855394e-06
632	allaround	-3.855394e-06
632	komanda	-3.855394e-06
632	kornyugin	-3.855394e-06
632	ostriy	-3.855394e-06
632	voznesenskoy	-3.855394e-06
632	soakag	-3.855394e-06
632	obzornaya	-3.855394e-06
632	kelloselk	-3.855394e-06
632	pryamoi	-3.855394e-06
632	tikhom	-3.855394e-06
632	9x150	-3.855394e-06
632	radioelektronnyi	-3.855394e-06
632	nont	-3.855394e-06
632	shumaki	-3.855394e-06
632	buddyadminist	-3.855394e-06
632	semifil	-3.855394e-06
632	navodkoi	-3.855394e-06
632	tuzhilovo	-3.855394e-06
632	ubezhishch	-3.855394e-06
632	glinki	-3.855394e-06
632	zorkii	-3.855394e-06
632	vysadki	-3.855394e-06
632	chuykov	-3.855394e-06
632	lowtemperatur	-3.855394e-06
632	otkhoda	-3.855394e-06
632	radiotekhnicheskaya	-3.855394e-06
632	strelkovo	-3.855394e-06
632	oskolkom	-3.855394e-06
632	80x0	-3.855394e-06
632	vodozabornyi	-3.855394e-06
632	oboznacheniya	-3.855394e-06
632	rubtsovo	-3.855394e-06
632	kinzhalnyi	-3.855394e-06
632	mehesz	-3.855394e-06
632	prizemleniya	-3.855394e-06
632	klinkovo	-3.855394e-06
632	sineglazovo	-3.8553944e-06
632	nachalo	-3.8553944e-06
632	voinskaya	-3.8553944e-06
632	9x250	-3.8553944e-06
632	dvorovoy	-3.8553944e-06
632	obyekt	-3.8553944e-06
632	ternovskoy	-3.8553944e-06
632	tankovaya	-3.8553944e-06
632	nonlaborintens	-3.8553944e-06
632	luchesa	-3.8553944e-06
632	eshelon	-3.8553944e-06
632	overcompact	-3.8553944e-06
632	blindazh	-3.8553944e-06
632	osinovka	-3.8553944e-06
632	detalnaya	-3.8553944e-06
632	bugri	-3.8553944e-06
632	konechnyi	-3.8553944e-06
632	1147th	-3.8553944e-06
632	gustoi	-3.8553944e-06
632	mg3	-3.8553944e-06
632	fouraxl	-3.8553944e-06
632	timofeyevka	-3.8553944e-06
632	iodzhimyai	-3.8553944e-06
632	795th	-3.8553944e-06
632	followon	-3.8553944e-06
632	kuola	-3.8553944e-06
632	peredovaya	-3.8553944e-06
632	p193m	-3.8553944e-06
632	veselovo	-3.8553944e-06
632	gillett	-3.858189e-06
632	houghton	-3.858189e-06
632	corpu	-3.8597864e-06
632	mepc	-3.861389e-06
632	pathfind	-3.8629964e-06
632	sonoma	-3.8646085e-06
632	nike	-3.8678486e-06
632	iberia	-3.8678486e-06
632	reiner	-3.8727458e-06
632	mcgrath	-3.8727458e-06
632	nuevo	-3.8743888e-06
632	eateri	-3.8793487e-06
632	bankamerica	-3.8793487e-06
632	pfizer	-3.881012e-06
632	harlei	-3.887721e-06
632	dupont	-3.887721e-06
632	wal	-3.891107e-06
632	hutchinson	-3.8911076e-06
632	hogan	-3.8945163e-06
632	canterburi	-3.8945163e-06
632	garb	-3.896229e-06
632	toledo	-3.8979474e-06
632	richfield	-3.8979474e-06
632	unisi	-3.8996723e-06
632	medi	-3.9014017e-06
632	rockefel	-3.901402e-06
632	melvil	-3.903137e-06
632	hercul	-3.9048787e-06
632	ibi	-3.9048787e-06
632	foliag	-3.9048787e-06
632	piccadilli	-3.910138e-06
632	abram	-3.910138e-06
632	nab	-3.9119027e-06
632	willard	-3.919022e-06
632	mortuari	-3.920818e-06
632	squibb	-3.9226197e-06
632	grang	-3.924427e-06
632	hopper	-3.9280612e-06
632	yogurt	-3.9335605e-06
632	pell	-3.9354063e-06
632	goodyear	-3.9391175e-06
632	gelman	-3.939118e-06
632	vitro	-3.939118e-06
632	hooker	-3.9428564e-06
632	bradstreet	-3.9447355e-06
632	qvc	-3.9447355e-06
632	dsp	-3.9466213e-06
632	pw	-3.9466213e-06
632	northampton	-3.9466213e-06
632	arlen	-3.9466213e-06
632	stephan	-3.9466213e-06
632	cobb	-3.948514e-06
632	averi	-3.948514e-06
632	papa	-3.950414e-06
632	merlin	-3.950414e-06
632	meredith	-3.950414e-06
632	waxman	-3.9523206e-06
632	dickinson	-3.9600172e-06
632	beckman	-3.9619595e-06
632	dresser	-3.9619595e-06
632	gladston	-3.9619595e-06
632	tt	-3.9619595e-06
632	ariel	-3.9619595e-06
632	monsanto	-3.9639085e-06
632	meri	-3.9639085e-06
632	grossman	-3.9737656e-06
632	sawyer	-3.977761e-06
632	redman	-3.9838123e-06
632	puritan	-3.9878855e-06
632	kettl	-3.987886e-06
632	argo	-3.994056e-06
632	bergen	-3.998211e-06
632	maci	-4.0003006e-06
632	inequ	-4.0035343e-06
632	easton	-4.008744e-06
632	orthoped	-4.0108757e-06
632	duff	-4.013017e-06
632	alta	-4.013017e-06
632	blyth	-4.0151667e-06
632	honeywel	-4.0238556e-06
632	dol	-4.0326913e-06
632	nl	-4.0326913e-06
632	rpc	-4.034924e-06
632	duplex	-4.034924e-06
632	reebok	-4.0371665e-06
632	vaughn	-4.039418e-06
632	taho	-4.039418e-06
632	chubb	-4.0439504e-06
632	cheyenn	-4.0439504e-06
632	davei	-4.0485234e-06
632	wilei	-4.0485234e-06
632	adag	-4.0508253e-06
632	gc	-4.0531363e-06
632	bandag	-4.0554582e-06
632	aldrich	-4.06485e-06
632	upjohn	-4.06485e-06
632	tci	-4.06485e-06
632	42nd	-4.06485e-06
632	hillcrest	-4.06485e-06
632	lillian	-4.067225e-06
632	pacer	-4.0696104e-06
632	jefferi	-4.072007e-06
632	maynard	-4.074414e-06
632	ff	-4.074414e-06
632	nobil	-4.0792625e-06
632	miramar	-4.0817035e-06
632	halo	-4.0866203e-06
632	vida	-4.089097e-06
632	petrofina	-4.0915843e-06
632	suav	-4.0915843e-06
632	gosh	-4.0940836e-06
632	milner	-4.099119e-06
632	stratton	-4.104203e-06
632	fireman	-4.106764e-06
632	peep	-4.109337e-06
632	1943	-4.1135695e-06
632	hawlei	-4.1145227e-06
632	cyanamid	-4.11976e-06
632	ahmanson	-4.122399e-06
632	hooper	-4.122399e-06
632	racewai	-4.1250505e-06
632	mclennan	-4.1250505e-06
632	esquir	-4.1277162e-06
632	fsi	-4.1277162e-06
632	moorgat	-4.130395e-06
632	ledg	-4.130395e-06
632	margo	-4.133088e-06
632	idb	-4.133088e-06
632	whittak	-4.133088e-06
632	ballard	-4.133088e-06
632	deb	-4.1357944e-06
632	pennzoil	-4.1385156e-06
632	pantheon	-4.1385156e-06
632	coldwel	-4.141251e-06
632	ifr	-4.141251e-06
632	paulson	-4.1467642e-06
632	chalet	-4.1551452e-06
632	biltmor	-4.157969e-06
632	zapata	-4.157969e-06
632	nightingal	-4.157969e-06
632	calhoun	-4.1608087e-06
632	bard	-4.1608087e-06
632	ellison	-4.163663e-06
632	cummin	-4.166534e-06
632	scottsdal	-4.1694198e-06
632	ceron	-4.1694198e-06
632	genu	-4.172322e-06
632	sca	-4.172322e-06
632	vac	-4.175241e-06
632	wriglei	-4.175241e-06
632	robe	-4.1775766e-06
632	discu	-4.178176e-06
632	spec	-4.181127e-06
632	mott	-4.1840954e-06
632	palmol	-4.1900826e-06
632	hondo	-4.193103e-06
632	camelot	-4.1961403e-06
632	topeka	-4.1961403e-06
632	forman	-4.1961403e-06
632	credo	-4.1961403e-06
632	saturn	-4.1961403e-06
632	molin	-4.1991952e-06
632	allstat	-4.202268e-06
632	smurfit	-4.202268e-06
632	petri	-4.2053593e-06
632	leona	-4.208469e-06
632	outboard	-4.2115976e-06
632	dh	-4.2115976e-06
632	harrisburg	-4.214744e-06
632	polaroid	-4.214744e-06
632	imo	-4.214744e-06
632	akron	-4.214744e-06
632	berklei	-4.2179104e-06
632	rowan	-4.2179104e-06
632	donnelli	-4.2179104e-06
632	westin	-4.2179104e-06
632	amdahl	-4.221096e-06
632	seaman	-4.224301e-06
632	atlanti	-4.224301e-06
632	mayflow	-4.224301e-06
632	hertz	-4.227526e-06
632	farr	-4.227526e-06
632	rh	-4.23077e-06
632	helix	-4.23077e-06
632	cotter	-4.23077e-06
632	neiman	-4.2340357e-06
632	brodi	-4.2340357e-06
632	carver	-4.2340357e-06
632	ric	-4.2340357e-06
632	wrt	-4.2340357e-06
632	wyman	-4.2340357e-06
632	wsc	-4.2373213e-06
632	cadenc	-4.2406277e-06
632	signet	-4.243955e-06
632	proctor	-4.247304e-06
632	cramer	-4.247304e-06
632	goodrich	-4.2506745e-06
632	goddard	-4.2540664e-06
632	longhorn	-4.2574807e-06
632	usx	-4.2574807e-06
632	woodsid	-4.2574807e-06
632	cg	-4.2574807e-06
632	asa	-4.2609186e-06
632	borland	-4.2609186e-06
632	olin	-4.2678607e-06
632	syntex	-4.2678607e-06
632	harland	-4.2748966e-06
632	trammel	-4.2748966e-06
632	cranberri	-4.2748966e-06
632	csc	-4.2748966e-06
632	flanigan	-4.2748966e-06
632	ronson	-4.2748966e-06
632	burr	-4.2784504e-06
632	gerber	-4.2856313e-06
632	amgen	-4.2856313e-06
632	ns	-4.2856313e-06
632	sargent	-4.289259e-06
632	sundown	-4.289259e-06
632	stepan	-4.289259e-06
632	lexicon	-4.289259e-06
632	litton	-4.2929123e-06
632	televideo	-4.2929123e-06
632	adolph	-4.300296e-06
632	rigg	-4.300296e-06
632	chalon	-4.304028e-06
632	claiborn	-4.304028e-06
632	annapoli	-4.307786e-06
632	audibl	-4.3080663e-06
632	d1	-4.3115724e-06
632	rubicon	-4.3115724e-06
632	fac	-4.3115724e-06
632	mmi	-4.3115724e-06
632	medallion	-4.3115724e-06
632	genentech	-4.3153855e-06
632	cheesecak	-4.3153855e-06
632	newel	-4.3153855e-06
632	textron	-4.3153855e-06
632	libbi	-4.3153855e-06
632	hasbro	-4.3153855e-06
632	provo	-4.3192267e-06
632	intercar	-4.3192267e-06
632	bassett	-4.3192267e-06
632	monmouth	-4.3192267e-06
632	riser	-4.3192267e-06
632	variti	-4.3192267e-06
632	nemour	-4.3192267e-06
632	kean	-4.3192267e-06
632	loew	-4.3192267e-06
632	psc	-4.323096e-06
632	ramsai	-4.323096e-06
632	btu	-4.323096e-06
632	dewei	-4.326995e-06
632	bryn	-4.326995e-06
632	grumman	-4.326995e-06
632	schwab	-4.326995e-06
632	jb	-4.330923e-06
632	standish	-4.330923e-06
632	bracken	-4.3348805e-06
632	courtland	-4.3348805e-06
632	mbc	-4.3348805e-06
632	galileo	-4.3348805e-06
632	coor	-4.338868e-06
632	57th	-4.338868e-06
632	galveston	-4.3388686e-06
632	haber	-4.342887e-06
632	mattel	-4.3469367e-06
632	tennant	-4.3469367e-06
632	dorchest	-4.3469367e-06
632	ciro	-4.351018e-06
632	lattic	-4.3551313e-06
632	finch	-4.3551313e-06
632	ultramar	-4.3551313e-06
632	presidio	-4.3551313e-06
632	tinslei	-4.3551313e-06
632	pol	-4.358718e-06
632	knowl	-4.3592777e-06
632	loral	-4.3592777e-06
632	cathet	-4.3592777e-06
632	saber	-4.3634573e-06
632	scotsman	-4.3634573e-06
632	butterfield	-4.3676696e-06
632	crocker	-4.3676696e-06
632	karcher	-4.3676696e-06
632	maxi	-4.3676696e-06
632	ralston	-4.3676696e-06
632	loch	-4.371918e-06
632	clanci	-4.371918e-06
632	equin	-4.371918e-06
632	dl	-4.3761993e-06
632	lund	-4.3761993e-06
632	concours	-4.3761993e-06
632	brenner	-4.3805176e-06
632	charlottesvil	-4.3805176e-06
632	bol	-4.3848704e-06
632	lunn	-4.3848704e-06
632	pnp	-4.3848704e-06
632	drexler	-4.3892605e-06
632	doughti	-4.3892605e-06
632	decathlon	-4.3892605e-06
632	sinner	-4.393688e-06
632	curtiss	-4.393688e-06
632	mifflin	-4.393688e-06
632	ringer	-4.393688e-06
632	jukebox	-4.398153e-06
632	coda	-4.398153e-06
632	lazar	-4.398153e-06
632	sei	-4.398153e-06
632	humana	-4.4026565e-06
632	rodman	-4.4026565e-06
632	peas	-4.4026565e-06
632	merrel	-4.4071994e-06
632	swank	-4.4071994e-06
632	zoe	-4.4117824e-06
632	pci	-4.4117824e-06
632	remington	-4.4117824e-06
632	bayou	-4.4117824e-06
632	laughlin	-4.4117824e-06
632	omi	-4.4117824e-06
632	anesthesia	-4.416405e-06
632	rorer	-4.416405e-06
632	bethel	-4.421069e-06
632	zebra	-4.425776e-06
632	erma	-4.425776e-06
632	grainger	-4.425776e-06
632	prentic	-4.430525e-06
632	handyman	-4.430525e-06
632	grist	-4.435318e-06
632	schult	-4.440155e-06
632	fleetwood	-4.440155e-06
632	ridder	-4.440155e-06
632	hauser	-4.4450376e-06
632	chemi	-4.4450376e-06
632	lf	-4.4450376e-06
632	kimbal	-4.4499657e-06
632	lc	-4.4499657e-06
632	crowel	-4.4499657e-06
632	teledyn	-4.4499657e-06
632	knudsen	-4.4549415e-06
632	bala	-4.4549415e-06
632	trill	-4.4549415e-06
632	df	-4.4549415e-06
632	diod	-4.4599647e-06
632	sarasota	-4.4599647e-06
632	je	-4.4599647e-06
632	cip	-4.4599647e-06
632	atwood	-4.4701583e-06
632	ramco	-4.4701583e-06
632	ladd	-4.475331e-06
632	conv	-4.475331e-06
632	nycom	-4.475331e-06
632	mcrae	-4.475331e-06
632	amerada	-4.4805547e-06
632	therm	-4.4805547e-06
632	outback	-4.4805547e-06
632	patti	-4.4838935e-06
632	elsinor	-4.485832e-06
632	moritz	-4.485832e-06
632	oakwood	-4.485832e-06
632	ez	-4.4911626e-06
632	nmc	-4.4911626e-06
632	reddi	-4.496548e-06
632	jlg	-4.496548e-06
632	schuler	-4.496548e-06
632	tss	-4.496548e-06
632	fayett	-4.496548e-06
632	atchison	-4.496548e-06
632	riddel	-4.496548e-06
632	pembrok	-4.50199e-06
632	charlei	-4.5074894e-06
632	trudi	-4.5074894e-06
632	uptick	-4.5130473e-06
632	idi	-4.5186644e-06
632	astec	-4.5186644e-06
632	jermyn	-4.524343e-06
632	mandi	-4.524343e-06
632	fab	-4.524343e-06
632	bg	-4.524343e-06
632	nn	-4.524343e-06
632	medici	-4.530084e-06
632	xtra	-4.530084e-06
632	gannett	-4.530084e-06
632	arista	-4.530084e-06
632	westport	-4.530084e-06
632	ffp	-4.530084e-06
632	seago	-4.530084e-06
632	bwc	-4.535888e-06
632	halliburton	-4.535888e-06
632	westmoreland	-4.5417582e-06
632	newberri	-4.5417582e-06
632	burlingam	-4.5417582e-06
632	seafield	-4.547695e-06
632	dba	-4.547695e-06
632	aon	-4.547695e-06
632	barrington	-4.547695e-06
632	purina	-4.547695e-06
632	cisco	-4.547695e-06
632	ithaca	-4.547695e-06
632	spendthrift	-4.5537e-06
632	dnb	-4.5537e-06
632	mcclatchi	-4.5597744e-06
632	cec	-4.5597744e-06
632	otr	-4.5597744e-06
632	abilen	-4.5659203e-06
632	nugent	-4.5659203e-06
632	lg	-4.5659203e-06
632	peachtre	-4.5659203e-06
632	cupertino	-4.5659203e-06
632	vitess	-4.5721395e-06
632	tf	-4.5721395e-06
632	woodburi	-4.5721395e-06
632	aar	-4.5721395e-06
632	hardwick	-4.578434e-06
632	lbo	-4.578434e-06
632	midtown	-4.578434e-06
632	hawkey	-4.584805e-06
632	salton	-4.584805e-06
632	gupta	-4.5912548e-06
632	lanier	-4.5912548e-06
632	fhp	-4.5912548e-06
632	homef	-4.5912548e-06
632	binocular	-4.597351e-06
632	1140	-4.597351e-06
632	mcclain	-4.597785e-06
632	tallei	-4.597785e-06
632	huron	-4.597785e-06
632	cem	-4.604398e-06
632	leucadia	-4.604398e-06
632	claridg	-4.604398e-06
632	flashlight	-4.6045384e-06
632	biscayn	-4.611096e-06
632	pancho	-4.611096e-06
632	gotham	-4.611096e-06
632	berlitz	-4.611096e-06
632	mh	-4.611096e-06
632	laurentian	-4.611096e-06
632	zachari	-4.6178798e-06
632	quiglei	-4.61788e-06
632	hardi	-4.620766e-06
632	eip	-4.624754e-06
632	maytag	-4.624754e-06
632	huffman	-4.624754e-06
632	gnma	-4.624754e-06
632	feroc	-4.62663e-06
632	vectra	-4.63172e-06
632	gab	-4.63172e-06
632	chiron	-4.63172e-06
632	blount	-4.63172e-06
632	richman	-4.6387795e-06
632	woodhead	-4.6387795e-06
632	pda	-4.6387795e-06
632	chiquita	-4.6387795e-06
632	seneca	-4.6387795e-06
632	lorimar	-4.6387795e-06
632	bonfir	-4.644392e-06
632	loop	-4.645886e-06
632	showbiz	-4.6459354e-06
632	asi	-4.6459354e-06
632	trimbl	-4.6459354e-06
632	illini	-4.6459354e-06
632	echlin	-4.6459354e-06
632	stardust	-4.6459354e-06
632	arkla	-4.6459354e-06
632	imc	-4.653192e-06
632	calumet	-4.653192e-06
632	jcp	-4.653192e-06
632	1715	-4.6600453e-06
632	seagul	-4.6605496e-06
632	transceiv	-4.6605496e-06
632	scat	-4.6605496e-06
632	noell	-4.668013e-06
632	sherwin	-4.675584e-06
632	rosevil	-4.675584e-06
632	mallon	-4.675584e-06
632	easel	-4.6832674e-06
632	clari	-4.6832674e-06
632	callowai	-4.6832674e-06
632	layn	-4.6832674e-06
632	stv	-4.6910645e-06
632	cmi	-4.6910645e-06
632	kappa	-4.6910645e-06
632	sylvan	-4.6910645e-06
632	psb	-4.6910645e-06
632	carom	-4.69898e-06
632	usg	-4.69898e-06
632	schulman	-4.69898e-06
632	halter	-4.69898e-06
632	toreador	-4.69898e-06
632	ivei	-4.69898e-06
632	belo	-4.69898e-06
632	formica	-4.7070166e-06
632	iroquoi	-4.7070166e-06
632	tpc	-4.7070166e-06
632	hovercraft	-4.7070166e-06
632	torchmark	-4.7151802e-06
632	sexton	-4.7151802e-06
632	aerostructur	-4.7151802e-06
632	cbt	-4.7151802e-06
632	tack	-4.718477e-06
632	gish	-4.723472e-06
632	lynton	-4.723472e-06
632	cca	-4.723472e-06
632	americorp	-4.723472e-06
632	chromat	-4.723472e-06
632	aram	-4.723472e-06
632	bausch	-4.723472e-06
632	outburst	-4.730176e-06
632	globu	-4.7318986e-06
632	timken	-4.7318986e-06
632	tca	-4.7318986e-06
632	portag	-4.740463e-06
632	oneida	-4.740463e-06
632	squaw	-4.740463e-06
632	gri	-4.740463e-06
632	allergan	-4.740463e-06
632	hilar	-4.740463e-06
632	autoclav	-4.740463e-06
632	chantal	-4.740463e-06
632	keegan	-4.740463e-06
632	dsc	-4.7491703e-06
632	payless	-4.7491703e-06
632	adc	-4.7491703e-06
632	bic	-4.7491703e-06
632	tideland	-4.7491703e-06
632	eci	-4.7491703e-06
632	seagat	-4.7491703e-06
632	bsb	-4.7491703e-06
632	sentri	-4.754284e-06
632	albertson	-4.7580247e-06
632	hca	-4.7580247e-06
632	eldon	-4.7580247e-06
632	langer	-4.7580247e-06
632	duquesn	-4.7580247e-06
632	ich	-4.7580247e-06
632	pinkerton	-4.7580247e-06
632	sak	-4.7604985e-06
632	gti	-4.767032e-06
632	atari	-4.767032e-06
632	cato	-4.767032e-06
632	mauna	-4.767032e-06
632	bullard	-4.767032e-06
632	cpt	-4.767032e-06
632	fsa	-4.7761973e-06
632	margaux	-4.7761973e-06
632	2230	-4.7827725e-06
632	delmarva	-4.7855265e-06
632	shenandoah	-4.7855265e-06
632	mccomb	-4.7855265e-06
632	penta	-4.7855265e-06
632	utilicorp	-4.7855265e-06
632	desoto	-4.7855265e-06
632	duo	-4.7861504e-06
632	conagra	-4.7950252e-06
632	aileen	-4.7950252e-06
632	fpa	-4.7950252e-06
632	beall	-4.7950252e-06
632	dillard	-4.7950252e-06
632	adia	-4.7950252e-06
632	cramp	-4.795292e-06
632	713	-4.797135e-06
632	quiescent	-4.8046995e-06
632	iverson	-4.8046995e-06
632	holcomb	-4.8046995e-06
632	mckesson	-4.8046995e-06
632	lubi	-4.8046995e-06
632	nona	-4.814557e-06
632	abigail	-4.814557e-06
632	orbi	-4.814557e-06
632	macadamia	-4.814557e-06
632	equifax	-4.814557e-06
632	bj	-4.814557e-06
632	quicksilv	-4.814557e-06
632	cmh	-4.814557e-06
632	kushner	-4.814557e-06
632	ccr	-4.814557e-06
632	timer	-4.820556e-06
632	sav	-4.8246034e-06
632	northfield	-4.8246034e-06
632	enni	-4.8246034e-06
632	caplan	-4.8246034e-06
632	oncogen	-4.8246034e-06
632	scecorp	-4.8348475e-06
632	winnebago	-4.8348475e-06
632	hubbel	-4.8348475e-06
632	s2	-4.8348475e-06
632	dennison	-4.8348475e-06
632	cere	-4.8348475e-06
632	sizzler	-4.8348475e-06
632	pca	-4.8348475e-06
632	pacificar	-4.8348475e-06
632	armco	-4.8348475e-06
632	swab	-4.8348475e-06
632	argonaut	-4.8452953e-06
632	nashua	-4.8452953e-06
632	ero	-4.8452953e-06
632	sanborn	-4.8452953e-06
632	culp	-4.8452953e-06
632	hcw	-4.8452953e-06
632	gradco	-4.8452953e-06
632	odet	-4.8559577e-06
632	bown	-4.8559577e-06
632	sturm	-4.8559577e-06
632	pittston	-4.8559577e-06
632	handlei	-4.8559577e-06
632	mem	-4.8559577e-06
632	lda	-4.8559577e-06
632	bremer	-4.8559577e-06
632	barra	-4.8559577e-06
632	bradenton	-4.8559577e-06
632	krug	-4.8559577e-06
632	cine	-4.8668417e-06
632	cybernet	-4.8668417e-06
632	tootsi	-4.8668417e-06
632	kash	-4.8668417e-06
632	ohm	-4.8668417e-06
632	teleconferenc	-4.8668417e-06
632	celanes	-4.8668417e-06
632	moblei	-4.8668417e-06
632	busei	-4.877957e-06
632	wirelin	-4.877957e-06
632	nac	-4.877957e-06
632	bayli	-4.877957e-06
632	nucor	-4.8893144e-06
632	kroger	-4.8893144e-06
632	nantucket	-4.8893144e-06
632	trimedyn	-4.8893144e-06
632	cvd	-4.8893144e-06
632	susquehanna	-4.8893144e-06
632	collagen	-4.8893144e-06
632	nrp	-4.8893144e-06
632	danielson	-4.8893144e-06
632	mdc	-4.900924e-06
632	sassoon	-4.900924e-06
632	rauch	-4.900924e-06
632	nsa	-4.900924e-06
632	cynwyd	-4.900924e-06
632	spreckel	-4.9127975e-06
632	undergar	-4.9127975e-06
632	microtel	-4.9127975e-06
632	valenc	-4.9127975e-06
632	longview	-4.9127975e-06
632	milacron	-4.9127975e-06
632	moto	-4.9127975e-06
632	littlefield	-4.9127975e-06
632	0330	-4.920612e-06
632	oglethorp	-4.9249475e-06
632	shawmut	-4.9249475e-06
632	mcafe	-4.9249475e-06
632	peebl	-4.9249475e-06
632	viratek	-4.9249475e-06
632	cortex	-4.9249475e-06
632	bagdad	-4.9249475e-06
632	pomeroi	-4.9249475e-06
632	minuteman	-4.9373866e-06
632	genoves	-4.9373866e-06
632	medston	-4.9373866e-06
632	tsunami	-4.9373866e-06
632	emmet	-4.9373866e-06
632	halsei	-4.9373866e-06
632	jaw	-4.937911e-06
632	hailei	-4.9501286e-06
632	brunswig	-4.9501286e-06
632	ingl	-4.9501286e-06
632	judic	-4.9501286e-06
632	lube	-4.9501286e-06
632	ulm	-4.9501286e-06
632	kankake	-4.9501286e-06
632	leggett	-4.9501286e-06
632	synopt	-4.9501286e-06
632	calgen	-4.9501286e-06
632	tidewat	-4.9631894e-06
632	egghead	-4.9631894e-06
632	morelli	-4.9631894e-06
632	diceon	-4.9631894e-06
632	southsid	-4.9631894e-06
632	litchfield	-4.9631894e-06
632	firma	-4.9631894e-06
632	ima	-4.9631894e-06
632	greentre	-4.9631894e-06
632	alcid	-4.9631894e-06
632	cade	-4.9631894e-06
632	centocor	-4.976586e-06
632	narragansett	-4.976586e-06
632	lindberg	-4.9765863e-06
632	maxicar	-4.9765863e-06
632	manvil	-4.9765863e-06
632	galleon	-4.9765863e-06
632	raritan	-4.9765863e-06
632	genese	-4.9765863e-06
632	provena	-4.9765863e-06
632	kleen	-4.9765863e-06
632	informix	-4.9765863e-06
632	eller	-4.9765863e-06
632	moog	-4.9765863e-06
632	anadarko	-4.990334e-06
632	ccp	-4.990334e-06
632	koss	-4.990334e-06
632	gander	-4.990334e-06
632	clorox	-4.990334e-06
632	filenet	-4.990334e-06
632	csm	-4.990334e-06
632	celesta	-4.990334e-06
632	monongahela	-4.990334e-06
632	cami	-4.990334e-06
632	topp	-5.004454e-06
632	prudho	-5.0044546e-06
632	stratu	-5.0044546e-06
632	dreyer	-5.0044546e-06
632	pogo	-5.0044546e-06
632	providenti	-5.0044546e-06
632	clothestim	-5.0044546e-06
632	wellfleet	-5.0044546e-06
632	ccb	-5.0044546e-06
632	bink	-5.0189665e-06
632	doneg	-5.0189665e-06
632	sse	-5.0189665e-06
632	greiner	-5.0189665e-06
632	barnwel	-5.0189665e-06
632	tnc	-5.0189665e-06
632	rcm	-5.0189665e-06
632	avco	-5.033894e-06
632	gottschalk	-5.033894e-06
632	quiksilv	-5.033894e-06
632	wherehous	-5.033894e-06
632	jaclyn	-5.033894e-06
632	crompton	-5.033894e-06
632	modin	-5.033894e-06
632	aydin	-5.033894e-06
632	scor	-5.033894e-06
632	grayston	-5.033894e-06
632	agco	-5.033894e-06
632	gh	-5.033894e-06
632	ropak	-5.033894e-06
632	k2	-5.033894e-06
632	manitowoc	-5.033894e-06
632	centerior	-5.033894e-06
632	guardsman	-5.0492595e-06
632	nch	-5.0492595e-06
632	wabash	-5.0492595e-06
632	valmont	-5.0492595e-06
632	intergraph	-5.0492595e-06
632	tejon	-5.0492595e-06
632	fcb	-5.0492595e-06
632	revco	-5.0492595e-06
632	bridgford	-5.0492595e-06
632	msb	-5.0492595e-06
632	bicoast	-5.0492595e-06
632	cota	-5.04926e-06
632	synergen	-5.04926e-06
632	lptv	-5.04926e-06
632	beloit	-5.04926e-06
632	ku	-5.058079e-06
632	invalu	-5.0601675e-06
632	keycorp	-5.065092e-06
632	brainerd	-5.065092e-06
632	fredericksburg	-5.065092e-06
632	mawr	-5.065092e-06
632	knickerbock	-5.065092e-06
632	dura	-5.065092e-06
632	annandal	-5.065092e-06
632	rawson	-5.065092e-06
632	renshaw	-5.065092e-06
632	guilford	-5.065092e-06
632	optron	-5.065092e-06
632	triumphant	-5.0721105e-06
632	chast	-5.0728986e-06
632	tcc	-5.0814183e-06
632	interlin	-5.0814187e-06
632	hibernia	-5.0814187e-06
632	merrimack	-5.0814187e-06
632	kenilworth	-5.0814187e-06
632	emulex	-5.0814187e-06
632	burnup	-5.0814187e-06
632	sunburst	-5.0814187e-06
632	pismo	-5.0814187e-06
632	pocono	-5.0814187e-06
632	tennei	-5.0814187e-06
632	earthworm	-5.0814187e-06
632	magnifi	-5.0897092e-06
632	conseco	-5.098272e-06
632	frisch	-5.098272e-06
632	omnicom	-5.098272e-06
632	maf	-5.098272e-06
632	enb	-5.098272e-06
632	kimbel	-5.098272e-06
632	computervis	-5.098272e-06
632	telemundo	-5.098272e-06
632	autodesk	-5.098272e-06
632	airship	-5.098272e-06
632	octel	-5.098272e-06
632	brenton	-5.098272e-06
632	bibb	-5.098272e-06
632	waverli	-5.098272e-06
632	chemex	-5.098272e-06
632	mse	-5.115687e-06
632	vanden	-5.115687e-06
632	riedel	-5.115687e-06
632	ludlum	-5.115687e-06
632	mcm	-5.115687e-06
632	toko	-5.115687e-06
632	corest	-5.115687e-06
632	amf	-5.115687e-06
632	cpb	-5.115687e-06
632	thackerai	-5.115687e-06
632	houma	-5.115687e-06
632	pmr	-5.115687e-06
632	eac	-5.115687e-06
632	sump	-5.133634e-06
632	wausau	-5.133703e-06
632	brite	-5.133703e-06
632	krono	-5.133703e-06
632	tubbi	-5.133703e-06
632	cytogenet	-5.133703e-06
632	arvin	-5.133703e-06
632	prn	-5.133703e-06
632	arrhythmia	-5.133703e-06
632	penobscot	-5.133703e-06
632	sela	-5.133703e-06
632	cimco	-5.133703e-06
632	ridgewood	-5.133703e-06
632	lagrang	-5.133703e-06
632	avatar	-5.133703e-06
632	repro	-5.133703e-06
632	foodservic	-5.133703e-06
632	imaginari	-5.1349043e-06
632	juno	-5.1523634e-06
632	kenan	-5.1523634e-06
632	jiffi	-5.1523634e-06
632	wyle	-5.1523634e-06
632	tesoro	-5.1523634e-06
632	rymer	-5.1523634e-06
632	micropoli	-5.1523634e-06
632	joslyn	-5.1523634e-06
632	rocker	-5.166139e-06
632	southdown	-5.171714e-06
632	hdl	-5.171714e-06
632	sarki	-5.171714e-06
632	telcom	-5.171714e-06
632	kla	-5.171714e-06
632	rti	-5.171714e-06
632	helionet	-5.171714e-06
632	nfa	-5.171714e-06
632	boomtown	-5.171714e-06
632	hannifin	-5.171714e-06
632	electromed	-5.171714e-06
632	csp	-5.171714e-06
632	melamin	-5.171714e-06
632	chatwin	-5.171714e-06
632	kewaune	-5.171714e-06
632	morningstar	-5.171714e-06
632	nem	-5.171714e-06
632	ceradyn	-5.171714e-06
632	hickok	-5.1717143e-06
632	eastland	-5.1717143e-06
632	lomb	-5.1717143e-06
632	northsid	-5.1717143e-06
632	betz	-5.1717143e-06
632	fmd	-5.1717143e-06
632	andro	-5.1717143e-06
632	toastmast	-5.191809e-06
632	immunogen	-5.191809e-06
632	interpubl	-5.191809e-06
632	fibreboard	-5.191809e-06
632	healthtrust	-5.191809e-06
632	stryker	-5.191809e-06
632	medusa	-5.191809e-06
632	calcasieu	-5.191809e-06
632	croghan	-5.191809e-06
632	zorba	-5.191809e-06
632	stringfellow	-5.191809e-06
632	ffy	-5.1918096e-06
632	magnetek	-5.1918096e-06
632	furr	-5.1918096e-06
632	aam	-5.2127084e-06
632	sfp	-5.2127084e-06
632	erli	-5.2127084e-06
632	christiana	-5.2127084e-06
632	vedra	-5.2127084e-06
632	porta	-5.2127084e-06
632	sungard	-5.2127084e-06
632	calgon	-5.2127084e-06
632	immunex	-5.2127084e-06
632	crss	-5.2127084e-06
632	cyber	-5.2127084e-06
632	wiggli	-5.2127084e-06
632	frawlei	-5.2127084e-06
632	cordi	-5.2127084e-06
632	sfe	-5.2127084e-06
632	61st	-5.2210257e-06
632	rubbermaid	-5.234479e-06
632	trc	-5.234479e-06
632	boatmen	-5.234479e-06
632	frp	-5.234479e-06
632	baroid	-5.234479e-06
632	aerotech	-5.234479e-06
632	potlatch	-5.234479e-06
632	interco	-5.234479e-06
632	weatherford	-5.234479e-06
632	techn	-5.234479e-06
632	sequent	-5.234479e-06
632	figgi	-5.234479e-06
632	diver	-5.241233e-06
632	2250	-5.2415276e-06
632	forstmann	-5.2571963e-06
632	safeco	-5.2571963e-06
632	ibp	-5.2571963e-06
632	brt	-5.2571963e-06
632	unum	-5.2571963e-06
632	hycor	-5.2571963e-06
632	westwind	-5.2571963e-06
632	isp	-5.2571963e-06
632	comarco	-5.2571963e-06
632	medtron	-5.2571963e-06
632	westcott	-5.2571963e-06
632	metlif	-5.2571963e-06
632	nabor	-5.2571963e-06
632	jaco	-5.2571963e-06
632	winton	-5.2571963e-06
632	mhp	-5.2571963e-06
632	bulova	-5.280946e-06
632	karri	-5.280946e-06
632	avondal	-5.280946e-06
632	umc	-5.280946e-06
632	greif	-5.280946e-06
632	uslif	-5.280946e-06
632	greyston	-5.280946e-06
632	wachovia	-5.280946e-06
632	ccm	-5.280946e-06
632	fabri	-5.280946e-06
632	becklei	-5.280946e-06
632	fishkil	-5.280946e-06
632	accel	-5.280946e-06
632	j2	-5.280946e-06
632	wtc	-5.280946e-06
632	mdt	-5.280946e-06
632	varian	-5.280946e-06
632	smt	-5.280946e-06
632	orthodont	-5.280946e-06
632	k1	-5.280946e-06
632	cozumel	-5.2809464e-06
632	duan	-5.2880937e-06
632	spx	-5.3058275e-06
632	dwi	-5.3058275e-06
632	rma	-5.3058275e-06
632	tig	-5.3058275e-06
632	cragin	-5.3058275e-06
632	zam	-5.3058275e-06
632	efi	-5.3058275e-06
632	servico	-5.3058275e-06
632	ntn	-5.3058275e-06
632	weingarten	-5.3058275e-06
632	ault	-5.3058275e-06
632	rothchild	-5.3058275e-06
632	donnellei	-5.3058275e-06
632	caspen	-5.3058275e-06
632	picturetel	-5.3058275e-06
632	sundstrand	-5.3058275e-06
632	letchworth	-5.3058275e-06
632	864	-5.3062336e-06
632	plexu	-5.331954e-06
632	noland	-5.331954e-06
632	stansburi	-5.331954e-06
632	sanita	-5.331954e-06
632	heusen	-5.331954e-06
632	t2	-5.331954e-06
632	foodmak	-5.331954e-06
632	adina	-5.331954e-06
632	quadrex	-5.331954e-06
632	neutrogena	-5.331954e-06
632	banta	-5.331954e-06
632	tecumseh	-5.331954e-06
632	syncor	-5.331954e-06
632	circadian	-5.331954e-06
632	mcorp	-5.331954e-06
632	mcn	-5.331954e-06
632	tosco	-5.331954e-06
632	ael	-5.331954e-06
632	starbuck	-5.331954e-06
632	highlin	-5.331954e-06
632	machinist	-5.336214e-06
632	hedgehog	-5.3394583e-06
632	1401	-5.3536287e-06
632	ngl	-5.359455e-06
632	advanta	-5.359455e-06
632	genzym	-5.359455e-06
632	markel	-5.359455e-06
632	apl	-5.359455e-06
632	maxu	-5.359455e-06
632	diebold	-5.359455e-06
632	ducommun	-5.359455e-06
632	amplicon	-5.359455e-06
632	thomaston	-5.359455e-06
632	bayfield	-5.359455e-06
632	tari	-5.3594554e-06
632	ajai	-5.3594554e-06
632	tvi	-5.3594554e-06
632	tht	-5.3594554e-06
632	cuc	-5.3594554e-06
632	inert	-5.3634835e-06
632	hypothermia	-5.3645167e-06
632	thicken	-5.377505e-06
632	unr	-5.388486e-06
632	totaliz	-5.388486e-06
632	wheelabr	-5.388486e-06
632	marlton	-5.388486e-06
632	ruger	-5.388486e-06
632	gandalf	-5.388486e-06
632	furon	-5.388486e-06
632	sportsworld	-5.388486e-06
632	tricar	-5.388486e-06
632	jimbo	-5.3884864e-06
632	transnet	-5.3884864e-06
632	wlr	-5.3884864e-06
632	kreisler	-5.3884864e-06
632	bouton	-5.3884864e-06
632	vd	-5.3884864e-06
632	yreka	-5.419225e-06
632	crestar	-5.419225e-06
632	spacelab	-5.419225e-06
632	harken	-5.419225e-06
632	curtic	-5.419225e-06
632	ksb	-5.419225e-06
632	biopharmaceut	-5.419225e-06
632	eastex	-5.419225e-06
632	pocahonta	-5.419225e-06
632	fingerhut	-5.419225e-06
632	terex	-5.419225e-06
632	wackenhut	-5.419225e-06
632	premark	-5.419225e-06
632	zoll	-5.419225e-06
632	fibergla	-5.419225e-06
632	salick	-5.419225e-06
632	bankorp	-5.419225e-06
632	hjelm	-5.419225e-06
632	worthen	-5.419225e-06
632	advest	-5.419225e-06
632	caci	-5.419225e-06
632	danah	-5.419225e-06
632	amwest	-5.419225e-06
632	gilead	-5.419225e-06
632	nuveen	-5.419225e-06
632	genta	-5.419225e-06
632	addington	-5.419225e-06
632	kirschner	-5.419225e-06
632	eckerd	-5.419225e-06
632	overdos	-5.436414e-06
632	alliant	-5.4518864e-06
632	bradle	-5.4518864e-06
632	raychem	-5.4518864e-06
632	daedalu	-5.4518864e-06
632	hoh	-5.4518864e-06
632	mycogen	-5.4518864e-06
632	ecogen	-5.4518864e-06
632	terrano	-5.4518864e-06
632	nalco	-5.4518864e-06
632	bachman	-5.4518864e-06
632	ixc	-5.4518864e-06
632	fretter	-5.4518864e-06
632	agouron	-5.4518864e-06
632	synbiot	-5.4518864e-06
632	ffb	-5.4518864e-06
632	kfc	-5.4518864e-06
632	juniata	-5.4518864e-06
632	hdr	-5.4518864e-06
632	hemacar	-5.4518864e-06
632	musicland	-5.4518864e-06
632	destec	-5.4518864e-06
632	jeffersonvil	-5.4518864e-06
632	gencorp	-5.4518864e-06
632	tekelec	-5.4518864e-06
632	jamar	-5.4518864e-06
632	stowag	-5.4565003e-06
632	crate	-5.463173e-06
632	7555	-5.4838974e-06
632	ilc	-5.486727e-06
632	fone	-5.486727e-06
632	wegen	-5.486727e-06
632	seibel	-5.486727e-06
632	caer	-5.486727e-06
632	vse	-5.486727e-06
632	rittenhous	-5.486727e-06
632	montauk	-5.486727e-06
632	mylan	-5.486727e-06
632	symantec	-5.486727e-06
632	sono	-5.486727e-06
632	gensia	-5.486727e-06
632	infrason	-5.486727e-06
632	readicar	-5.486727e-06
632	sbe	-5.486727e-06
632	cablecast	-5.486727e-06
632	stac	-5.486727e-06
632	doak	-5.486727e-06
632	biom	-5.486727e-06
632	1group	-5.486727e-06
632	krystal	-5.486727e-06
632	pharmchem	-5.486727e-06
632	trinova	-5.486727e-06
632	tambrand	-5.486727e-06
632	tektronix	-5.486727e-06
632	oversaw	-5.4885822e-06
632	cosmic	-5.4885822e-06
632	0540	-5.508371e-06
632	unharm	-5.5222386e-06
632	comerica	-5.5240575e-06
632	ltc	-5.5240575e-06
632	geon	-5.5240575e-06
632	trak	-5.5240575e-06
632	flournoi	-5.5240575e-06
632	chugach	-5.5240575e-06
632	ticonderoga	-5.5240575e-06
632	fnc	-5.5240575e-06
632	comshar	-5.5240575e-06
632	transtechnolog	-5.5240575e-06
632	promu	-5.5240575e-06
632	conston	-5.5240575e-06
632	lojack	-5.5240575e-06
632	calmat	-5.5240575e-06
632	dex	-5.5240575e-06
632	chittenden	-5.5240575e-06
632	tcf	-5.5240575e-06
632	cagl	-5.5240575e-06
632	piemont	-5.5240575e-06
632	beeba	-5.5240575e-06
632	witco	-5.5240575e-06
632	hinsdal	-5.5240575e-06
632	unitrin	-5.5240575e-06
632	scioto	-5.5240575e-06
632	mosine	-5.5240575e-06
632	heilig	-5.5240575e-06
632	evro	-5.5240575e-06
632	mdu	-5.5240575e-06
632	equ	-5.5240575e-06
632	kulick	-5.5240575e-06
632	isco	-5.5240575e-06
632	flamemast	-5.5240575e-06
632	selfless	-5.5346404e-06
632	nonspecif	-5.5533505e-06
632	sapper	-5.5533505e-06
632	fbc	-5.5642627e-06
632	harnischfeg	-5.5642627e-06
632	logitek	-5.5642627e-06
632	ilslei	-5.5642627e-06
632	pitcairn	-5.5642627e-06
632	millipor	-5.5642627e-06
632	midlant	-5.5642627e-06
632	geico	-5.5642627e-06
632	datametr	-5.5642627e-06
632	bmf	-5.5642627e-06
632	micel	-5.5642627e-06
632	appian	-5.5642627e-06
632	avnet	-5.5642627e-06
632	lightwav	-5.5642627e-06
632	qm	-5.5642627e-06
632	nbi	-5.5642627e-06
632	asha	-5.5642627e-06
632	brinker	-5.5642627e-06
632	cognex	-5.5642627e-06
632	gnb	-5.5642627e-06
632	skywest	-5.5642627e-06
632	alc	-5.5642627e-06
632	opta	-5.5642627e-06
632	atria	-5.5642627e-06
632	microsemi	-5.5642627e-06
632	mcminnvil	-5.5642627e-06
632	centra	-5.5642627e-06
632	ibt	-5.5642627e-06
632	landauer	-5.5642627e-06
632	xoma	-5.5642627e-06
632	tcby	-5.5642627e-06
632	doggedli	-5.6054464e-06
632	geotek	-5.6078234e-06
632	itel	-5.6078234e-06
632	candela	-5.6078234e-06
632	idec	-5.6078234e-06
632	huffi	-5.6078234e-06
632	cygnu	-5.6078234e-06
632	kaman	-5.6078234e-06
632	cytogen	-5.6078234e-06
632	oshman	-5.6078234e-06
632	becton	-5.6078234e-06
632	meda	-5.6078234e-06
632	walgreen	-5.6078234e-06
632	rexon	-5.6078234e-06
632	ipl	-5.6078234e-06
632	techsystem	-5.6078234e-06
632	ugi	-5.6078234e-06
632	praxair	-5.6078234e-06
632	frankford	-5.6078234e-06
632	chipcom	-5.6078234e-06
632	rykoff	-5.6078234e-06
632	mpsi	-5.6078234e-06
632	intec	-5.6078234e-06
632	xytronyx	-5.6078234e-06
632	tgc	-5.6078234e-06
632	ceridian	-5.6078234e-06
632	margaretten	-5.6078234e-06
632	boddi	-5.6078234e-06
632	nde	-5.6078234e-06
632	avoca	-5.6078234e-06
632	merrimac	-5.6078234e-06
632	hillhaven	-5.6078234e-06
632	tjx	-5.6078234e-06
632	tnp	-5.6078234e-06
632	oea	-5.6078234e-06
632	tredegar	-5.6078234e-06
632	calmark	-5.6078234e-06
632	lif	-5.6078234e-06
632	spm	-5.6078234e-06
632	hugoton	-5.6078234e-06
632	slh	-5.6078234e-06
632	epitop	-5.6078234e-06
632	esk	-5.6078234e-06
632	wn	-5.6078234e-06
632	energen	-5.6078234e-06
632	aic	-5.6078234e-06
632	thrower	-5.619355e-06
632	ecm	-5.627837e-06
632	1355	-5.6306612e-06
632	fm	-5.6308218e-06
632	proffitt	-5.655347e-06
632	shorewood	-5.655347e-06
632	bemi	-5.655347e-06
632	macneal	-5.655347e-06
632	coupe	-5.655347e-06
632	ackerlei	-5.655347e-06
632	genelab	-5.655347e-06
632	scheib	-5.655347e-06
632	pdg	-5.655347e-06
632	skolnik	-5.655347e-06
632	acqua	-5.655347e-06
632	yager	-5.655347e-06
632	hecla	-5.655347e-06
632	westbank	-5.655347e-06
632	nbb	-5.655347e-06
632	adac	-5.655347e-06
632	iko	-5.655347e-06
632	eljer	-5.655347e-06
632	mikro	-5.655347e-06
632	teknekron	-5.655347e-06
632	drusilla	-5.655347e-06
632	suntrust	-5.655347e-06
632	catellu	-5.655347e-06
632	corpo	-5.655347e-06
632	questa	-5.655347e-06
632	bha	-5.655347e-06
632	ecolab	-5.655347e-06
632	lss	-5.655347e-06
632	vallen	-5.655347e-06
632	andal	-5.655347e-06
632	intertech	-5.655347e-06
632	sensormat	-5.655347e-06
632	cumulu	-5.655347e-06
632	tvc	-5.655347e-06
632	hach	-5.655347e-06
632	scana	-5.655347e-06
632	insta	-5.655347e-06
632	kuhlman	-5.655347e-06
632	zurn	-5.655347e-06
632	pubco	-5.655347e-06
632	teco	-5.655347e-06
632	sibonei	-5.655347e-06
632	vestar	-5.655347e-06
632	horrigan	-5.655347e-06
632	huntwai	-5.655347e-06
632	wesco	-5.655347e-06
632	westcorp	-5.655347e-06
632	microcar	-5.655347e-06
632	valhi	-5.655347e-06
632	cvb	-5.655347e-06
632	stead	-5.6597073e-06
632	1835	-5.665656e-06
632	cristina	-5.6733293e-06
632	foxhol	-5.6831695e-06
632	saint	-5.6834524e-06
632	gnd	-5.707632e-06
632	microcom	-5.707632e-06
632	amsouth	-5.707632e-06
632	acuson	-5.707632e-06
632	bool	-5.707632e-06
632	labon	-5.707632e-06
632	cohu	-5.707632e-06
632	alico	-5.707632e-06
632	grc	-5.707632e-06
632	suprema	-5.707632e-06
632	kleinert	-5.707632e-06
632	softsel	-5.707632e-06
632	roto	-5.707632e-06
632	petrolan	-5.707632e-06
632	bnr	-5.707632e-06
632	transtech	-5.707632e-06
632	riverwood	-5.707632e-06
632	mimbr	-5.707632e-06
632	synovu	-5.707632e-06
632	psicor	-5.707632e-06
632	chemung	-5.707632e-06
632	refac	-5.707632e-06
632	otsego	-5.707632e-06
632	gerriti	-5.707632e-06
632	acap	-5.707632e-06
632	kaydon	-5.707632e-06
632	hexcel	-5.707632e-06
632	coastland	-5.707632e-06
632	larizza	-5.707632e-06
632	ambac	-5.707632e-06
632	dyna	-5.707632e-06
632	westvaco	-5.707632e-06
632	perfectdata	-5.707632e-06
632	gradin	-5.707632e-06
632	mascott	-5.707632e-06
632	tasa	-5.707632e-06
632	minex	-5.707632e-06
632	consilium	-5.707632e-06
632	labarg	-5.707632e-06
632	usb	-5.707632e-06
632	bowlin	-5.707632e-06
632	broadsid	-5.7150514e-06
632	isolationist	-5.73965e-06
632	attenu	-5.7443604e-06
632	drover	-5.7657385e-06
632	legent	-5.7657385e-06
632	datapoint	-5.7657385e-06
632	stanhom	-5.7657385e-06
632	biomolecul	-5.7657385e-06
632	dyansen	-5.7657385e-06
632	benihana	-5.7657385e-06
632	molex	-5.7657385e-06
632	compusa	-5.7657385e-06
632	picher	-5.7657385e-06
632	matewan	-5.7657385e-06
632	tracor	-5.7657385e-06
632	irex	-5.7657385e-06
632	utilit	-5.7657385e-06
632	cabletron	-5.7657385e-06
632	sysco	-5.7657385e-06
632	bestwai	-5.7657385e-06
632	esco	-5.7657385e-06
632	goodheart	-5.7657385e-06
632	jsl	-5.7657385e-06
632	southtrust	-5.7657385e-06
632	sprous	-5.7657385e-06
632	biosi	-5.7657385e-06
632	qume	-5.7657385e-06
632	aceto	-5.7657385e-06
632	atalanta	-5.7657385e-06
632	intermedia	-5.7657385e-06
632	hoenig	-5.7657385e-06
632	publix	-5.7657385e-06
632	dynatech	-5.7657385e-06
632	matlack	-5.7657385e-06
632	belcor	-5.7657385e-06
632	espei	-5.7657385e-06
632	dewolf	-5.7657385e-06
632	abex	-5.7657385e-06
632	lubrizol	-5.7657385e-06
632	auric	-5.7657385e-06
632	tbc	-5.7657385e-06
632	airga	-5.7657385e-06
632	lorillard	-5.7657385e-06
632	greenman	-5.7657385e-06
632	mbia	-5.7657385e-06
632	welbilt	-5.7657385e-06
632	croff	-5.7657385e-06
632	audr	-5.7657385e-06
632	commercebancorp	-5.7657385e-06
632	astron	-5.7657385e-06
632	vha	-5.7657385e-06
632	phc	-5.7657385e-06
632	genesco	-5.7657385e-06
632	interdigit	-5.7657385e-06
632	zebu	-5.7657385e-06
632	bradlei	-5.7673656e-06
632	improvis	-5.7710345e-06
632	mont	-5.774503e-06
632	pompou	-5.821312e-06
632	ironton	-5.8311252e-06
632	firstar	-5.8311252e-06
632	cbl	-5.8311252e-06
632	hubco	-5.8311252e-06
632	medicu	-5.8311252e-06
632	jwp	-5.8311252e-06
632	westco	-5.8311252e-06
632	fruehauf	-5.8311252e-06
632	cellpro	-5.8311252e-06
632	nanometr	-5.8311252e-06
632	ndl	-5.8311252e-06
632	pab	-5.8311252e-06
632	hornbeck	-5.8311252e-06
632	fedder	-5.8311252e-06
632	calprop	-5.8311252e-06
632	coastcast	-5.8311252e-06
632	cfw	-5.8311252e-06
632	poinsett	-5.8311252e-06
632	wavetek	-5.8311252e-06
632	systemix	-5.8311252e-06
632	sportmart	-5.8311252e-06
632	dataflex	-5.8311252e-06
632	retix	-5.8311252e-06
632	ciatti	-5.8311252e-06
632	pikevil	-5.8311252e-06
632	pgi	-5.8311252e-06
632	emcon	-5.8311252e-06
632	publick	-5.8311252e-06
632	qmc	-5.8311252e-06
632	ekco	-5.8311252e-06
632	rander	-5.8311252e-06
632	expeditor	-5.8311252e-06
632	plasti	-5.8311252e-06
632	macdermid	-5.8311252e-06
632	chalco	-5.8311252e-06
632	solectron	-5.8311252e-06
632	cryo	-5.8311252e-06
632	baybank	-5.8311252e-06
632	herbalif	-5.8311252e-06
632	altera	-5.8311252e-06
632	gehl	-5.8311252e-06
632	interphas	-5.8311252e-06
632	gfc	-5.8311252e-06
632	piggli	-5.8311252e-06
632	nbt	-5.8311252e-06
632	toltec	-5.8311252e-06
632	lifeco	-5.8311252e-06
632	cantel	-5.8311252e-06
632	haverti	-5.8311252e-06
632	salant	-5.8311252e-06
632	espero	-5.8311252e-06
632	hormel	-5.8311252e-06
632	nyer	-5.8311252e-06
632	syntech	-5.8311252e-06
632	harsco	-5.8311252e-06
632	alpharel	-5.8311252e-06
632	sonesta	-5.8311252e-06
632	zeo	-5.8311252e-06
632	gage	-5.832455e-06
632	turner	-5.850922e-06
632	shunt	-5.882781e-06
632	loudli	-5.8845494e-06
632	farthest	-5.8948976e-06
632	unionf	-5.9058825e-06
632	caprock	-5.9058825e-06
632	nwnl	-5.9058825e-06
632	imco	-5.9058825e-06
632	medisi	-5.9058825e-06
632	galei	-5.9058825e-06
632	meret	-5.9058825e-06
632	premi	-5.9058825e-06
632	neurogen	-5.9058825e-06
632	fgic	-5.9058825e-06
632	trinzic	-5.9058825e-06
632	strawbridg	-5.9058825e-06
632	lyondel	-5.9058825e-06
632	telenet	-5.9058825e-06
632	superx	-5.9058825e-06
632	marifarm	-5.9058825e-06
632	tokheim	-5.9058825e-06
632	beranek	-5.9058825e-06
632	kimmin	-5.9058825e-06
632	mesabi	-5.9058825e-06
632	ampex	-5.9058825e-06
632	hia	-5.9058825e-06
632	helmerich	-5.9058825e-06
632	tsr	-5.9058825e-06
632	kollmorgen	-5.9058825e-06
632	licon	-5.9058825e-06
632	interlak	-5.9058825e-06
632	stratacom	-5.9058825e-06
632	dnx	-5.9058825e-06
632	showscan	-5.9058825e-06
632	patlex	-5.9058825e-06
632	datavis	-5.9058825e-06
632	healthsouth	-5.9058825e-06
632	bucyru	-5.9058825e-06
632	novellu	-5.9058825e-06
632	sonoco	-5.9058825e-06
632	ruddick	-5.9058825e-06
632	saddlebrook	-5.9058825e-06
632	gnc	-5.9058825e-06
632	gencar	-5.9058825e-06
632	centigram	-5.9058825e-06
632	vestro	-5.9058825e-06
632	possi	-5.9058825e-06
632	altron	-5.9058825e-06
632	ameriquest	-5.9058825e-06
632	kober	-5.9058825e-06
632	schwendler	-5.9058825e-06
632	igi	-5.9058825e-06
632	interleaf	-5.9058825e-06
632	repligen	-5.9058825e-06
632	dyne	-5.9058825e-06
632	freymil	-5.9058825e-06
632	cagi	-5.9058825e-06
632	alltel	-5.9058825e-06
632	immunotherapeut	-5.9058825e-06
632	harding	-5.9058825e-06
632	westford	-5.9058825e-06
632	lowranc	-5.9058825e-06
632	conair	-5.9058825e-06
632	ragan	-5.9058825e-06
632	manistiqu	-5.9058825e-06
632	nipsco	-5.9058825e-06
632	holson	-5.9058825e-06
632	sequa	-5.9058825e-06
632	dravo	-5.9058825e-06
632	sbarro	-5.9058825e-06
632	semtech	-5.9058825e-06
632	exabyt	-5.9058825e-06
632	stifel	-5.9058825e-06
632	teletron	-5.9058825e-06
632	incandesc	-5.919744e-06
632	pyin	-5.9310482e-06
632	misfir	-5.945455e-06
632	salomon	-5.954495e-06
632	persev	-5.9586546e-06
632	marina	-5.963049e-06
632	1059	-5.9720937e-06
632	rugged	-5.976022e-06
632	radiotechn	-5.976022e-06
632	skf	-5.98119e-06
632	1635	-5.985781e-06
632	sanfilippo	-5.9931535e-06
632	tlm	-5.9931535e-06
632	fibron	-5.9931535e-06
632	iomega	-5.9931535e-06
632	selectron	-5.9931535e-06
632	microtek	-5.9931535e-06
632	luria	-5.9931535e-06
632	sadlier	-5.9931535e-06
632	schottenstein	-5.9931535e-06
632	kinlaw	-5.9931535e-06
632	lakehead	-5.9931535e-06
632	immunochem	-5.9931535e-06
632	ametek	-5.9931535e-06
632	namic	-5.9931535e-06
632	healthsourc	-5.9931535e-06
632	teltron	-5.9931535e-06
632	affymax	-5.9931535e-06
632	roundi	-5.9931535e-06
632	zond	-5.9931535e-06
632	celtrix	-5.9931535e-06
632	watsco	-5.9931535e-06
632	athei	-5.9931535e-06
632	dpl	-5.9931535e-06
632	handleman	-5.9931535e-06
632	ujb	-5.9931535e-06
632	southshor	-5.9931535e-06
632	itex	-5.9931535e-06
632	holnam	-5.9931535e-06
632	xscribe	-5.9931535e-06
632	oneok	-5.9931535e-06
632	chern	-5.9931535e-06
632	metrobank	-5.9931535e-06
632	comair	-5.9931535e-06
632	latshaw	-5.9931535e-06
632	ramapo	-5.9931535e-06
632	ameron	-5.9931535e-06
632	cephalon	-5.9931535e-06
632	raytech	-5.9931535e-06
632	knowledgewar	-5.9931535e-06
632	cmj	-5.9931535e-06
632	bioplasti	-5.9931535e-06
632	unitil	-5.9931535e-06
632	komag	-5.9931535e-06
632	roadmast	-5.9931535e-06
632	shenango	-5.9931535e-06
632	fluidic	-5.9931535e-06
632	ecosci	-5.9931535e-06
632	tristat	-5.9931535e-06
632	mlx	-5.9931535e-06
632	ketema	-5.9931535e-06
632	coachmen	-5.9931535e-06
632	mediko	-5.9931535e-06
632	cadmu	-5.9931535e-06
632	dionex	-5.9931535e-06
632	cezar	-5.9931535e-06
632	boonton	-5.9931535e-06
632	weldotron	-5.9931535e-06
632	dynamark	-5.9931535e-06
632	bmj	-5.9931535e-06
632	texon	-5.9931535e-06
632	adaptec	-5.9931535e-06
632	applebe	-5.9931535e-06
632	sgi	-5.9931535e-06
632	softech	-5.9931535e-06
632	firstier	-5.9931535e-06
632	equita	-5.9931535e-06
632	exten	-5.9931535e-06
632	syntro	-5.9931535e-06
632	fibertek	-5.9931535e-06
632	spindletop	-5.9931535e-06
632	loctit	-5.9931535e-06
632	kirksvil	-5.9931535e-06
632	allmerica	-5.9931535e-06
632	filmstar	-5.9931535e-06
632	incomnet	-5.9931535e-06
632	integon	-5.9931535e-06
632	murex	-5.9931535e-06
632	inacom	-5.9931535e-06
632	metcom	-5.9931535e-06
632	hannaford	-5.9931535e-06
632	codoru	-5.9931535e-06
632	jacor	-5.9931535e-06
632	akal	-5.9931535e-06
632	ald	-5.9931535e-06
632	digi	-5.9931535e-06
632	glatfelt	-5.9931535e-06
632	amylin	-5.9931535e-06
632	measurex	-5.9931535e-06
632	amerco	-5.9931535e-06
632	kurzweil	-5.9931535e-06
632	olsten	-5.9931535e-06
632	lydal	-5.9931535e-06
632	1issuer	-5.9931535e-06
632	lnb	-5.9931535e-06
632	0005	-5.9950494e-06
632	space	-6.0025773e-06
632	dreas108	-6.017639e-06
632	dewar	-6.038257e-06
632	2019	-6.0532393e-06
632	6900	-6.0532393e-06
632	sieg	-6.0544185e-06
632	weil	-6.0583025e-06
632	hohhot	-6.0633993e-06
632	manger	-6.0685325e-06
632	easterli	-6.0737007e-06
632	sounder	-6.0737007e-06
632	tucker	-6.097109e-06
632	petrominer	-6.097987e-06
632	perrigo	-6.097987e-06
632	anergen	-6.097987e-06
632	microlog	-6.097987e-06
632	dcx	-6.097987e-06
632	neogen	-6.097987e-06
632	ampco	-6.097987e-06
632	lennar	-6.097987e-06
632	metricom	-6.097987e-06
632	vacu	-6.097987e-06
632	enzon	-6.097987e-06
632	ffe	-6.097987e-06
632	amstar	-6.097987e-06
632	cinemark	-6.097987e-06
632	aeromot	-6.097987e-06
632	duram	-6.097987e-06
632	kcr	-6.097987e-06
632	waban	-6.097987e-06
632	hcb	-6.097987e-06
632	delchamp	-6.097987e-06
632	josten	-6.097987e-06
632	caldor	-6.097987e-06
632	sulcu	-6.097987e-06
632	hytek	-6.097987e-06
632	vinland	-6.097987e-06
632	homedco	-6.097987e-06
632	knogo	-6.097987e-06
632	neuromed	-6.097987e-06
632	qcb	-6.097987e-06
632	graco	-6.097987e-06
632	vanzetti	-6.097987e-06
632	minstar	-6.097987e-06
632	cuco	-6.097987e-06
632	viagen	-6.097987e-06
632	gulfsid	-6.097987e-06
632	gmx	-6.097987e-06
632	buffton	-6.097987e-06
632	tmbr	-6.097987e-06
632	neorx	-6.097987e-06
632	aztar	-6.097987e-06
632	salvatori	-6.097987e-06
632	immunomed	-6.097987e-06
632	marcum	-6.097987e-06
632	edisto	-6.097987e-06
632	jako	-6.097987e-06
632	kuester	-6.097987e-06
632	marcam	-6.097987e-06
632	fonar	-6.097987e-06
632	naco	-6.097987e-06
632	univar	-6.097987e-06
632	penwest	-6.097987e-06
632	spartech	-6.097987e-06
632	teleflex	-6.097987e-06
632	urt	-6.097987e-06
632	optiqu	-6.097987e-06
632	wtd	-6.097987e-06
632	servicemast	-6.097987e-06
632	upsilon	-6.097987e-06
632	supermac	-6.097987e-06
632	hnb	-6.097987e-06
632	uslico	-6.097987e-06
632	syntrex	-6.097987e-06
632	multifood	-6.097987e-06
632	arix	-6.097987e-06
632	ccair	-6.097987e-06
632	admar	-6.097987e-06
632	agwai	-6.097987e-06
632	nacco	-6.097987e-06
632	optimumcar	-6.097987e-06
632	havenwood	-6.097987e-06
632	sdnb	-6.097987e-06
632	atmel	-6.097987e-06
632	staar	-6.097987e-06
632	autofin	-6.097987e-06
632	wahlco	-6.097987e-06
632	tii	-6.097987e-06
632	digicon	-6.097987e-06
632	wpl	-6.097987e-06
632	buttrei	-6.097987e-06
632	citytrust	-6.097987e-06
632	xebec	-6.097987e-06
632	helian	-6.097987e-06
632	mego	-6.097987e-06
632	communicaton	-6.097987e-06
632	shonei	-6.097987e-06
632	banctexa	-6.097987e-06
632	filtrona	-6.097987e-06
632	rmed	-6.097987e-06
632	crescott	-6.097987e-06
632	keithlei	-6.097987e-06
632	innovet	-6.097987e-06
632	toxxic	-6.097987e-06
632	comtech	-6.097987e-06
632	unb	-6.097987e-06
632	oglebai	-6.097987e-06
632	adelphia	-6.097987e-06
632	alfin	-6.097987e-06
632	mapco	-6.097987e-06
632	sixx	-6.097987e-06
632	matec	-6.097987e-06
632	akorn	-6.097987e-06
632	apertu	-6.097987e-06
632	calnet	-6.097987e-06
632	procyt	-6.097987e-06
632	wismer	-6.097987e-06
632	envirit	-6.097987e-06
632	ampal	-6.097987e-06
632	jetform	-6.097987e-06
632	meldon	-6.097987e-06
632	dyncorp	-6.097987e-06
632	nortek	-6.097987e-06
632	questex	-6.097987e-06
632	autodi	-6.097987e-06
632	synet	-6.097987e-06
632	datacomm	-6.097987e-06
632	comdial	-6.097987e-06
632	radix	-6.097987e-06
632	exar	-6.097987e-06
632	hurco	-6.097987e-06
632	lesco	-6.097987e-06
632	drx	-6.097987e-06
632	vernitron	-6.097987e-06
632	medicorp	-6.097987e-06
632	seragen	-6.097987e-06
632	carmik	-6.097987e-06
632	zila	-6.097987e-06
632	unifirst	-6.097987e-06
632	versar	-6.097987e-06
632	1709	-6.100101e-06
632	afir	-6.1109313e-06
632	reload	-6.116406e-06
632	northerli	-6.1219216e-06
632	prep	-6.126131e-06
632	overcoat	-6.127479e-06
632	perspir	-6.1387204e-06
632	0251	-6.1444066e-06
632	haifa	-6.150136e-06
632	vortex	-6.150136e-06
632	1767	-6.167597e-06
632	3768	-6.167597e-06
632	0006	-6.1735095e-06
632	jacob	-6.1783903e-06
632	steamrol	-6.1794694e-06
632	troubleshoot	-6.185479e-06
632	fraudul	-6.200788e-06
632	messeng	-6.213313e-06
632	1753	-6.2162803e-06
632	uo	-6.2225968e-06
632	chyron	-6.229277e-06
632	ldi	-6.229277e-06
632	empi	-6.229277e-06
632	winland	-6.229277e-06
632	omnicorp	-6.229277e-06
632	starstream	-6.229277e-06
632	sfm	-6.229277e-06
632	lmr	-6.229277e-06
632	investmen	-6.229277e-06
632	cdx	-6.229277e-06
632	nastech	-6.229277e-06
632	megam	-6.229277e-06
632	sirco	-6.229277e-06
632	rax	-6.229277e-06
632	tomoka	-6.229277e-06
632	herlei	-6.229277e-06
632	tidemark	-6.229277e-06
632	penril	-6.229277e-06
632	exolon	-6.229277e-06
632	ameriana	-6.229277e-06
632	82a	-6.229277e-06
632	rightchoic	-6.229277e-06
632	atmo	-6.229277e-06
632	xyplex	-6.229277e-06
632	neco	-6.229277e-06
632	hillenbrand	-6.229277e-06
632	centura	-6.229277e-06
632	firstcorp	-6.229277e-06
632	circon	-6.229277e-06
632	inmac	-6.229277e-06
632	osmon	-6.229277e-06
632	synfuel	-6.229277e-06
632	usbancorp	-6.229277e-06
632	ilio	-6.229277e-06
632	autozon	-6.229277e-06
632	verdix	-6.229277e-06
632	seeq	-6.229277e-06
632	datamap	-6.229277e-06
632	corken	-6.229277e-06
632	enco	-6.229277e-06
632	masstor	-6.229277e-06
632	ltx	-6.229277e-06
632	lidak	-6.229277e-06
632	sparton	-6.229277e-06
632	weagant	-6.229277e-06
632	foreland	-6.229277e-06
632	marquest	-6.229277e-06
632	lindal	-6.229277e-06
632	gulledg	-6.229277e-06
632	celgen	-6.229277e-06
632	unimar	-6.229277e-06
632	decar	-6.229277e-06
632	electrocom	-6.229277e-06
632	weitek	-6.229277e-06
632	medarex	-6.229277e-06
632	nahama	-6.229277e-06
632	progra	-6.229277e-06
632	amdura	-6.229277e-06
632	unicomp	-6.229277e-06
632	cencor	-6.229277e-06
632	healthdyn	-6.229277e-06
632	vitalink	-6.229277e-06
632	designatron	-6.229277e-06
632	genrad	-6.229277e-06
632	flightsafeti	-6.229277e-06
632	logicon	-6.229277e-06
632	microdyn	-6.229277e-06
632	techniclon	-6.229277e-06
632	brendl	-6.229277e-06
632	bowmar	-6.229277e-06
632	medquist	-6.229277e-06
632	heftel	-6.229277e-06
632	intermagnet	-6.229277e-06
632	eastpoint	-6.229277e-06
632	aircoa	-6.229277e-06
632	winco	-6.229277e-06
632	hartmarx	-6.229277e-06
632	ffo	-6.229277e-06
632	itron	-6.229277e-06
632	bellbrook	-6.229277e-06
632	middlebi	-6.229277e-06
632	takecar	-6.229277e-06
632	richton	-6.229277e-06
632	executon	-6.229277e-06
632	regeneron	-6.229277e-06
632	smithtown	-6.229277e-06
632	radyn	-6.229277e-06
632	intermet	-6.229277e-06
632	killearn	-6.229277e-06
632	reflecton	-6.229277e-06
632	biocontrol	-6.229277e-06
632	wsb	-6.229277e-06
632	smucker	-6.229277e-06
632	syquest	-6.229277e-06
632	simula	-6.229277e-06
632	instron	-6.229277e-06
632	thermed	-6.229277e-06
632	procept	-6.229277e-06
632	lancit	-6.229277e-06
632	aril	-6.229277e-06
632	riverchas	-6.229277e-06
632	duckwal	-6.229277e-06
632	furia	-6.229277e-06
632	ncf	-6.229277e-06
632	ribi	-6.229277e-06
632	uniforc	-6.229277e-06
632	teletim	-6.229277e-06
632	teradyn	-6.229277e-06
632	napco	-6.229277e-06
632	equicredit	-6.229277e-06
632	medstat	-6.229277e-06
632	rogal	-6.229277e-06
632	canoni	-6.229277e-06
632	destron	-6.229277e-06
632	osb	-6.229277e-06
632	jsb	-6.229277e-06
632	metalclad	-6.229277e-06
632	virco	-6.229277e-06
632	californ	-6.229277e-06
632	cmci	-6.229277e-06
632	shopsmith	-6.229277e-06
632	ocg	-6.229277e-06
632	tellab	-6.229277e-06
632	corcom	-6.229277e-06
632	filmwork	-6.229277e-06
632	varlen	-6.229277e-06
632	novacar	-6.229277e-06
632	aztech	-6.229277e-06
632	midnit	-6.229277e-06
632	handex	-6.229277e-06
632	termiflex	-6.229277e-06
632	sepracor	-6.229277e-06
632	schwitzer	-6.229277e-06
632	gvc	-6.229277e-06
632	abraxa	-6.229277e-06
632	woodmark	-6.229277e-06
632	kustom	-6.229277e-06
632	castpart	-6.229277e-06
632	sunair	-6.229277e-06
632	trustmark	-6.229277e-06
632	hovnanian	-6.229277e-06
632	microsci	-6.229277e-06
632	comnet	-6.229277e-06
632	unim	-6.229277e-06
632	tufco	-6.229277e-06
632	firstsouth	-6.229277e-06
632	banctec	-6.229277e-06
632	bertucci	-6.229277e-06
632	unioil	-6.229277e-06
632	valspar	-6.229277e-06
632	ipalco	-6.229277e-06
632	rli	-6.229277e-06
632	enterra	-6.229277e-06
632	bindlei	-6.229277e-06
632	holog	-6.229277e-06
632	seacor	-6.229277e-06
632	kemet	-6.229277e-06
632	lifewai	-6.229277e-06
632	genicom	-6.229277e-06
632	questech	-6.229277e-06
632	clucker	-6.229277e-06
632	mome	-6.229277e-06
632	videocart	-6.229277e-06
632	robec	-6.229277e-06
632	diagnostek	-6.229277e-06
632	cypro	-6.229277e-06
632	nellcor	-6.229277e-06
632	megafood	-6.229277e-06
632	eastov	-6.229277e-06
632	univest	-6.229277e-06
632	worldcorp	-6.229277e-06
632	thq	-6.229277e-06
632	centraplex	-6.229277e-06
632	kellwood	-6.229277e-06
632	envirosourc	-6.229277e-06
632	modtech	-6.229277e-06
632	ieh	-6.229277e-06
632	poolmart	-6.229277e-06
632	viewlog	-6.229277e-06
632	wearhous	-6.229277e-06
632	curbston	-6.229277e-06
632	actv	-6.229277e-06
632	zygo	-6.229277e-06
632	microtech	-6.229277e-06
632	portec	-6.229277e-06
632	kysor	-6.229277e-06
632	internaiton	-6.229277e-06
632	nameless	-6.248421e-06
632	undamag	-6.261679e-06
632	wend	-6.2820227e-06
632	5200	-6.295904e-06
632	pulsat	-6.3100497e-06
632	2733	-6.3100497e-06
632	1656	-6.3317902e-06
632	mildew	-6.346647e-06
632	octagon	-6.3541893e-06
632	pkt	-6.358457e-06
632	nonstandard	-6.377289e-06
632	qiu	-6.377289e-06
632	truss	-6.3851517e-06
632	axial	-6.4011338e-06
632	boyevoi	-6.404735e-06
632	bitwis	-6.405054e-06
632	kislak	-6.405054e-06
632	intertran	-6.405054e-06
632	metrobancorp	-6.405054e-06
632	mgic	-6.405054e-06
632	invitro	-6.405054e-06
632	intelog	-6.405054e-06
632	puroflow	-6.405054e-06
632	fansteel	-6.405054e-06
632	northbai	-6.405054e-06
632	mizner	-6.405054e-06
632	amistar	-6.405054e-06
632	walbro	-6.405054e-06
632	wellco	-6.405054e-06
632	xicor	-6.405054e-06
632	comvers	-6.405054e-06
632	ndsi	-6.405054e-06
632	norstan	-6.405054e-06
632	aequitron	-6.405054e-06
632	noven	-6.405054e-06
632	amerif	-6.405054e-06
632	epigen	-6.405054e-06
632	metrovis	-6.405054e-06
632	kinark	-6.405054e-06
632	synalloi	-6.405054e-06
632	eqk	-6.405054e-06
632	amerihost	-6.405054e-06
632	electrograph	-6.405054e-06
632	eldec	-6.405054e-06
632	verex	-6.405054e-06
632	electrosourc	-6.405054e-06
632	devcon	-6.405054e-06
632	rexen	-6.405054e-06
632	afn	-6.405054e-06
632	polydyn	-6.405054e-06
632	lomak	-6.405054e-06
632	videoact	-6.405054e-06
632	doehler	-6.405054e-06
632	gexa	-6.405054e-06
632	rastra	-6.405054e-06
632	wicor	-6.405054e-06
632	southwal	-6.405054e-06
632	sayett	-6.405054e-06
632	uniflex	-6.405054e-06
632	bkla	-6.405054e-06
632	astrotech	-6.405054e-06
632	microtouch	-6.405054e-06
632	deucalion	-6.405054e-06
632	monitrend	-6.405054e-06
632	pavichevich	-6.405054e-06
632	banknorth	-6.405054e-06
632	tultex	-6.405054e-06
632	metalin	-6.405054e-06
632	celerex	-6.405054e-06
632	wurltech	-6.405054e-06
632	bancstock	-6.405054e-06
632	phycor	-6.405054e-06
632	eastgroup	-6.405054e-06
632	vicorp	-6.405054e-06
632	comptronix	-6.405054e-06
632	bresler	-6.405054e-06
632	nbsc	-6.405054e-06
632	jamco	-6.405054e-06
632	theragen	-6.405054e-06
632	zemex	-6.405054e-06
632	vitron	-6.405054e-06
632	capucino	-6.405054e-06
632	okc	-6.405054e-06
632	doskocil	-6.405054e-06
632	hfb	-6.405054e-06
632	telepad	-6.405054e-06
632	intercomp	-6.405054e-06
632	intellical	-6.405054e-06
632	mtx	-6.405054e-06
632	hadco	-6.405054e-06
632	venturian	-6.405054e-06
632	interneuron	-6.405054e-06
632	medex	-6.405054e-06
632	heching	-6.405054e-06
632	commnet	-6.405054e-06
632	palf	-6.405054e-06
632	idexx	-6.405054e-06
632	servotron	-6.405054e-06
632	vtx	-6.405054e-06
632	megadata	-6.405054e-06
632	quadrax	-6.405054e-06
632	optek	-6.405054e-06
632	mammatech	-6.405054e-06
632	lasermast	-6.405054e-06
632	besicorp	-6.405054e-06
632	temtex	-6.405054e-06
632	glycom	-6.405054e-06
632	immulog	-6.405054e-06
632	invacar	-6.405054e-06
632	oncor	-6.405054e-06
632	tridex	-6.405054e-06
632	cerprob	-6.405054e-06
632	innovex	-6.405054e-06
632	techteam	-6.405054e-06
632	cxr	-6.405054e-06
632	addvantag	-6.405054e-06
632	ownrship	-6.405054e-06
632	soffa	-6.405054e-06
632	intersolv	-6.405054e-06
632	anacomp	-6.405054e-06
632	envirodyn	-6.405054e-06
632	aerovox	-6.405054e-06
632	pharmakinet	-6.405054e-06
632	daka	-6.405054e-06
632	thermotrex	-6.405054e-06
632	lomason	-6.405054e-06
632	alantec	-6.405054e-06
632	rentcorp	-6.405054e-06
632	printron	-6.405054e-06
632	anaren	-6.405054e-06
632	symetr	-6.405054e-06
632	airtran	-6.405054e-06
632	compum	-6.405054e-06
632	redf	-6.405054e-06
632	proler	-6.405054e-06
632	cashwai	-6.405054e-06
632	polifli	-6.405054e-06
632	newmil	-6.405054e-06
632	eastco	-6.405054e-06
632	telescan	-6.405054e-06
632	vwr	-6.405054e-06
632	igen	-6.405054e-06
632	consuli	-6.405054e-06
632	digitran	-6.405054e-06
632	keptel	-6.405054e-06
632	persept	-6.405054e-06
632	parlux	-6.405054e-06
632	lawter	-6.405054e-06
632	conm	-6.405054e-06
632	magainin	-6.405054e-06
632	recoton	-6.405054e-06
632	newpark	-6.405054e-06
632	energynorth	-6.405054e-06
632	balchem	-6.405054e-06
632	lumex	-6.405054e-06
632	paxar	-6.405054e-06
632	ormand	-6.405054e-06
632	poci	-6.405054e-06
632	gnf	-6.405054e-06
632	cilcorp	-6.405054e-06
632	avitar	-6.405054e-06
632	cytotherapeut	-6.405054e-06
632	telxon	-6.405054e-06
632	vipont	-6.405054e-06
632	realest	-6.405054e-06
632	clarcor	-6.405054e-06
632	euroamerican	-6.405054e-06
632	sevenson	-6.405054e-06
632	payco	-6.405054e-06
632	crestmont	-6.405054e-06
632	meditrust	-6.405054e-06
632	nesb	-6.405054e-06
632	haverfield	-6.405054e-06
632	comtex	-6.405054e-06
632	comtrex	-6.405054e-06
632	relif	-6.405054e-06
632	innovo	-6.405054e-06
632	healthwatch	-6.405054e-06
632	augat	-6.405054e-06
632	nycal	-6.405054e-06
632	carenetwork	-6.405054e-06
632	certron	-6.405054e-06
632	arval	-6.405054e-06
632	daisytek	-6.405054e-06
632	liquida	-6.405054e-06
632	waldensian	-6.405054e-06
632	infu	-6.405054e-06
632	amsco	-6.405054e-06
632	ionix	-6.405054e-06
632	kennamet	-6.405054e-06
632	cellcom	-6.405054e-06
632	mfb	-6.405054e-06
632	ixd	-6.405054e-06
632	gyrodyn	-6.405054e-06
632	texfi	-6.405054e-06
632	genisco	-6.405054e-06
632	miltop	-6.405054e-06
632	saztec	-6.405054e-06
632	comptek	-6.405054e-06
632	malrit	-6.405054e-06
632	geotel	-6.405054e-06
632	enviromint	-6.405054e-06
632	paychex	-6.405054e-06
632	intermetr	-6.405054e-06
632	younker	-6.405054e-06
632	rexhal	-6.405054e-06
632	megacard	-6.405054e-06
632	suburbf	-6.405054e-06
632	damark	-6.405054e-06
632	alkerm	-6.405054e-06
632	procyon	-6.405054e-06
632	minntech	-6.405054e-06
632	allwast	-6.405054e-06
632	zycad	-6.405054e-06
632	teleproduct	-6.405054e-06
632	computec	-6.405054e-06
632	interpool	-6.405054e-06
632	interspec	-6.405054e-06
632	chemtrak	-6.405054e-06
632	pricor	-6.405054e-06
632	cytrx	-6.405054e-06
632	corva	-6.405054e-06
632	laserscop	-6.405054e-06
632	bancalabama	-6.405054e-06
632	chipwich	-6.405054e-06
632	sjw	-6.405054e-06
632	mickelberri	-6.405054e-06
632	inam	-6.405054e-06
632	numex	-6.405054e-06
632	buscaglia	-6.405054e-06
632	harcor	-6.405054e-06
632	daxor	-6.405054e-06
632	rabasca	-6.405054e-06
632	proteon	-6.405054e-06
632	pyxi	-6.405054e-06
632	icot	-6.405054e-06
632	crosscomm	-6.405054e-06
632	mestek	-6.405054e-06
632	artisoft	-6.405054e-06
632	intercargo	-6.405054e-06
632	gascard	-6.405054e-06
632	ivc	-6.405054e-06
632	conesco	-6.405054e-06
632	safecard	-6.405054e-06
632	devlieg	-6.405054e-06
632	vidcom	-6.405054e-06
632	detrex	-6.405054e-06
632	geonex	-6.405054e-06
632	cheme	-6.405054e-06
632	acxiom	-6.405054e-06
632	vivra	-6.405054e-06
632	aquasearch	-6.405054e-06
632	raycomm	-6.405054e-06
632	esterlin	-6.405054e-06
632	gentex	-6.405054e-06
632	hosoi	-6.405054e-06
632	oreilli	-6.405054e-06
632	banponc	-6.405054e-06
632	zentec	-6.405054e-06
632	medimmun	-6.405054e-06
632	fcft	-6.405054e-06
632	intek	-6.405054e-06
632	oneita	-6.405054e-06
632	rurban	-6.405054e-06
632	ramtron	-6.405054e-06
632	zitel	-6.405054e-06
632	fingermatrix	-6.405054e-06
632	shopko	-6.405054e-06
632	vencor	-6.405054e-06
632	siliconix	-6.405054e-06
632	kleer	-6.405054e-06
632	cfx	-6.405054e-06
632	hilb	-6.405054e-06
632	maxco	-6.405054e-06
632	edac	-6.405054e-06
632	ultrak	-6.405054e-06
632	nycor	-6.405054e-06
632	telecard	-6.405054e-06
632	goodmark	-6.405054e-06
632	sealright	-6.405054e-06
632	heico	-6.405054e-06
632	sonex	-6.405054e-06
632	escagenet	-6.405054e-06
632	dqe	-6.405054e-06
632	indresco	-6.405054e-06
632	kbf	-6.405054e-06
632	cavco	-6.405054e-06
632	embrex	-6.405054e-06
632	dynatem	-6.405054e-06
632	petrolit	-6.405054e-06
632	danning	-6.405054e-06
632	biosearch	-6.405054e-06
632	transcisco	-6.405054e-06
632	chemfix	-6.405054e-06
632	fcnb	-6.405054e-06
632	codenol	-6.405054e-06
632	newvis	-6.405054e-06
632	numerex	-6.405054e-06
632	baylak	-6.405054e-06
632	darox	-6.405054e-06
632	lechter	-6.405054e-06
632	celltron	-6.405054e-06
632	kinnard	-6.405054e-06
632	leesport	-6.405054e-06
632	armatron	-6.405054e-06
632	statef	-6.405054e-06
632	filtertek	-6.405054e-06
632	osteotech	-6.405054e-06
632	isomedix	-6.405054e-06
632	cattleguard	-6.405054e-06
632	homasot	-6.405054e-06
632	vigoro	-6.405054e-06
632	wedgeston	-6.405054e-06
632	veritec	-6.405054e-06
632	ambanc	-6.405054e-06
632	blazo	-6.405054e-06
632	chattem	-6.405054e-06
632	selfix	-6.405054e-06
632	incstar	-6.405054e-06
632	hotelecopi	-6.405054e-06
632	cryomed	-6.405054e-06
632	vallicorp	-6.405054e-06
632	protech	-6.405054e-06
632	marcu	-6.4090523e-06
632	6760	-6.4092555e-06
632	0917	-6.451263e-06
632	anita	-6.45433e-06
632	taiyuan	-6.459958e-06
632	2502	-6.468758e-06
632	speedomet	-6.477663e-06
632	detour	-6.4835594e-06
632	3008	-6.4866763e-06
632	coaxial	-6.4866763e-06
632	submunit	-6.509577e-06
632	selflessli	-6.5143972e-06
632	2254	-6.5143972e-06
632	4110	-6.5143972e-06
632	airspac	-6.520997e-06
632	3013	-6.5238733e-06
632	5514	-6.533472e-06
632	decompress	-6.533472e-06
632	perkin	-6.5588733e-06
632	hydrostat	-6.5630406e-06
632	0112	-6.5630406e-06
632	klen	-6.56976e-06
632	revet	-6.56976e-06
632	godi	-6.56976e-06
632	5115	-6.583431e-06
632	qun	-6.583431e-06
632	brooklyn	-6.586461e-06
632	0035	-6.593841e-06
632	fiction	-6.6016178e-06
632	circu	-6.6125062e-06
632	0207	-6.6151124e-06
632	marion	-6.6171033e-06
632	poem	-6.6224297e-06
632	talu	-6.636643e-06
632	understrength	-6.636643e-06
632	norfolk	-6.664228e-06
632	2480	-6.6711336e-06
632	waterlin	-6.6711336e-06
632	septima	-6.671916e-06
632	magnapl	-6.671916e-06
632	algorex	-6.671916e-06
632	nacoma	-6.671916e-06
632	biowhittak	-6.671916e-06
632	photonix	-6.671916e-06
632	ultimap	-6.671916e-06
632	astrex	-6.671916e-06
632	jenczyn	-6.671916e-06
632	paraho	-6.671916e-06
632	menlei	-6.671916e-06
632	keldon	-6.671916e-06
632	parlex	-6.671916e-06
632	elcor	-6.671916e-06
632	technitrol	-6.671916e-06
632	glenborough	-6.671916e-06
632	supertex	-6.671916e-06
632	mendik	-6.671916e-06
632	cerbco	-6.671916e-06
632	ohsl	-6.671916e-06
632	wavemat	-6.671916e-06
632	deerbank	-6.671916e-06
632	xircom	-6.671916e-06
632	compucom	-6.671916e-06
632	luxtec	-6.671916e-06
632	comcentr	-6.671916e-06
632	beauticontrol	-6.671916e-06
632	unsl	-6.671916e-06
632	computerwar	-6.671916e-06
632	authenticolor	-6.671916e-06
632	liquidatin	-6.671916e-06
632	stylex	-6.671916e-06
632	unigen	-6.671916e-06
632	rentech	-6.671916e-06
632	celcor	-6.671916e-06
632	vibratech	-6.671916e-06
632	biospecif	-6.671916e-06
632	milgrai	-6.671916e-06
632	atlanf	-6.671916e-06
632	macland	-6.671916e-06
632	wavetech	-6.671916e-06
632	hipoint	-6.671916e-06
632	comsouth	-6.671916e-06
632	bwip	-6.671916e-06
632	trenwick	-6.671916e-06
632	neozym	-6.671916e-06
632	simetco	-6.671916e-06
632	cambrex	-6.671916e-06
632	intervisu	-6.671916e-06
632	megatest	-6.671916e-06
632	cryotech	-6.671916e-06
632	allciti	-6.671916e-06
632	amcast	-6.671916e-06
632	hallador	-6.671916e-06
632	softpoint	-6.671916e-06
632	netrix	-6.671916e-06
632	dreamcar	-6.671916e-06
632	paylin	-6.671916e-06
632	organogenesi	-6.671916e-06
632	adven	-6.671916e-06
632	derand	-6.671916e-06
632	datamag	-6.671916e-06
632	tierco	-6.671916e-06
632	isomet	-6.671916e-06
632	sjnb	-6.671916e-06
632	ixb	-6.671916e-06
632	playorena	-6.671916e-06
632	quantronix	-6.671916e-06
632	vimrx	-6.671916e-06
632	westerf	-6.671916e-06
632	jewelmast	-6.671916e-06
632	genlyt	-6.671916e-06
632	healthsystem	-6.671916e-06
632	lubriquip	-6.671916e-06
632	eselco	-6.671916e-06
632	oesi	-6.671916e-06
632	bonrai	-6.671916e-06
632	cytorad	-6.671916e-06
632	adacorp	-6.671916e-06
632	surgidyn	-6.671916e-06
632	alfacel	-6.671916e-06
632	foodarama	-6.671916e-06
632	forschner	-6.671916e-06
632	realamerica	-6.671916e-06
632	3net	-6.671916e-06
632	zenox	-6.671916e-06
632	accugraph	-6.671916e-06
632	gza	-6.671916e-06
632	krisch	-6.671916e-06
632	medchem	-6.671916e-06
632	bokum	-6.671916e-06
632	firstfeder	-6.671916e-06
632	teeco	-6.671916e-06
632	chromcraft	-6.671916e-06
632	panaco	-6.671916e-06
632	baltek	-6.671916e-06
632	ameralia	-6.671916e-06
632	selvac	-6.671916e-06
632	infopag	-6.671916e-06
632	adesa	-6.671916e-06
632	cenvest	-6.671916e-06
632	profutur	-6.671916e-06
632	basix	-6.671916e-06
632	cmca	-6.671916e-06
632	panatech	-6.671916e-06
632	telicon	-6.671916e-06
632	garan	-6.671916e-06
632	goldriv	-6.671916e-06
632	tnr	-6.671916e-06
632	spectran	-6.671916e-06
632	medar	-6.671916e-06
632	phonetel	-6.671916e-06
632	seitel	-6.671916e-06
632	ryka	-6.671916e-06
632	ixa	-6.671916e-06
632	biltrit	-6.671916e-06
632	dataram	-6.671916e-06
632	pyramidwest	-6.671916e-06
632	potentialist	-6.671916e-06
632	biomerica	-6.671916e-06
632	amerihealth	-6.671916e-06
632	pi2	-6.671916e-06
632	amerinst	-6.671916e-06
632	revotek	-6.671916e-06
632	firstmiss	-6.671916e-06
632	cellcor	-6.671916e-06
632	jayark	-6.671916e-06
632	audiovox	-6.671916e-06
632	mexco	-6.671916e-06
632	spectex	-6.671916e-06
632	avesi	-6.671916e-06
632	pharmet	-6.671916e-06
632	vetlin	-6.671916e-06
632	techscienc	-6.671916e-06
632	linium	-6.671916e-06
632	tecfin	-6.671916e-06
632	fastcomm	-6.671916e-06
632	micropac	-6.671916e-06
632	zevex	-6.671916e-06
632	dionic	-6.671916e-06
632	dynacq	-6.671916e-06
632	dbsi	-6.671916e-06
632	xxsy	-6.671916e-06
632	dateq	-6.671916e-06
632	transtector	-6.671916e-06
632	unitog	-6.671916e-06
632	cashtek	-6.671916e-06
632	athanor	-6.671916e-06
632	hiko	-6.671916e-06
632	cenf	-6.671916e-06
632	advatex	-6.671916e-06
632	amrep	-6.671916e-06
632	aeroson	-6.671916e-06
632	accelr8	-6.671916e-06
632	comcoa	-6.671916e-06
632	wainoco	-6.671916e-06
632	ramtek	-6.671916e-06
632	northco	-6.671916e-06
632	hospos	-6.671916e-06
632	cyberopt	-6.671916e-06
632	biotim	-6.671916e-06
632	supermail	-6.671916e-06
632	conceptron	-6.671916e-06
632	holopak	-6.671916e-06
632	inrad	-6.671916e-06
632	3ci	-6.671916e-06
632	cardiotron	-6.671916e-06
632	gainsco	-6.671916e-06
632	knape	-6.671916e-06
632	tradux	-6.671916e-06
632	holometrix	-6.671916e-06
632	rotech	-6.671916e-06
632	envirogen	-6.671916e-06
632	actek	-6.671916e-06
632	funco	-6.671916e-06
632	bfd	-6.671916e-06
632	metatec	-6.671916e-06
632	tandycraft	-6.671916e-06
632	univax	-6.671916e-06
632	philson	-6.671916e-06
632	angeion	-6.671916e-06
632	nuvis	-6.671916e-06
632	firstrock	-6.671916e-06
632	mediwar	-6.671916e-06
632	audiosci	-6.671916e-06
632	tanknolog	-6.671916e-06
632	regenex	-6.671916e-06
632	exovir	-6.671916e-06
632	medrad	-6.671916e-06
632	talcon	-6.671916e-06
632	electrosound	-6.671916e-06
632	imatron	-6.671916e-06
632	pennrock	-6.671916e-06
632	interdyn	-6.671916e-06
632	dibrel	-6.671916e-06
632	altara	-6.671916e-06
632	biopool	-6.671916e-06
632	lescarden	-6.671916e-06
632	tranzon	-6.671916e-06
632	lvi	-6.671916e-06
632	visitel	-6.671916e-06
632	rehabclin	-6.671916e-06
632	azco	-6.671916e-06
632	sandata	-6.671916e-06
632	conolog	-6.671916e-06
632	airleas	-6.671916e-06
632	criticar	-6.671916e-06
632	agristar	-6.671916e-06
632	fiberchem	-6.671916e-06
632	balvern	-6.671916e-06
632	parkval	-6.671916e-06
632	pharmagen	-6.671916e-06
632	eico	-6.671916e-06
632	firecom	-6.671916e-06
632	incorp	-6.671916e-06
632	unitronix	-6.671916e-06
632	krelitz	-6.671916e-06
632	ereim	-6.671916e-06
632	danzar	-6.671916e-06
632	fedcorp	-6.671916e-06
632	rwb	-6.671916e-06
632	nruc	-6.671916e-06
632	howtek	-6.671916e-06
632	alpnet	-6.671916e-06
632	arico	-6.671916e-06
632	dycom	-6.671916e-06
632	thermacor	-6.671916e-06
632	advantist	-6.671916e-06
632	electroga	-6.671916e-06
632	dimark	-6.671916e-06
632	servtex	-6.671916e-06
632	dynascan	-6.671916e-06
632	datasouth	-6.671916e-06
632	medisci	-6.671916e-06
632	alleco	-6.671916e-06
632	adienc	-6.671916e-06
632	expertellig	-6.671916e-06
632	oilgear	-6.671916e-06
632	paracelsian	-6.671916e-06
632	omnitec	-6.671916e-06
632	microenergi	-6.671916e-06
632	neurotech	-6.671916e-06
632	healthtek	-6.671916e-06
632	delcott	-6.671916e-06
632	eskei	-6.671916e-06
632	moscom	-6.671916e-06
632	charterton	-6.671916e-06
632	cerner	-6.671916e-06
632	cfsb	-6.671916e-06
632	datakei	-6.671916e-06
632	teletek	-6.671916e-06
632	dencor	-6.671916e-06
632	datatab	-6.671916e-06
632	youngwood	-6.671916e-06
632	duriron	-6.671916e-06
632	sunstyl	-6.671916e-06
632	infodata	-6.671916e-06
632	viragen	-6.671916e-06
632	harlyn	-6.671916e-06
632	zonic	-6.671916e-06
632	viic	-6.671916e-06
632	zfax	-6.671916e-06
632	aaon	-6.671916e-06
632	tigera	-6.671916e-06
632	abiom	-6.671916e-06
632	improcom	-6.671916e-06
632	datamarin	-6.671916e-06
632	jetborn	-6.671916e-06
632	pi1	-6.671916e-06
632	geokinet	-6.671916e-06
632	ragar	-6.671916e-06
632	southnet	-6.671916e-06
632	maritran	-6.671916e-06
632	indspec	-6.671916e-06
632	belmac	-6.671916e-06
632	arinco	-6.671916e-06
632	qnb	-6.671916e-06
632	acnb	-6.671916e-06
632	medmast	-6.671916e-06
632	xylog	-6.671916e-06
632	albank	-6.671916e-06
632	westerbek	-6.671916e-06
632	identix	-6.671916e-06
632	wesbanco	-6.671916e-06
632	agripost	-6.671916e-06
632	amelco	-6.671916e-06
632	docugraphix	-6.671916e-06
632	celox	-6.671916e-06
632	switchco	-6.671916e-06
632	ffw	-6.671916e-06
632	imreg	-6.671916e-06
632	aloett	-6.671916e-06
632	bnh	-6.671916e-06
632	pengo	-6.671916e-06
632	theratech	-6.671916e-06
632	aquasci	-6.671916e-06
632	pi5	-6.671916e-06
632	medgroup	-6.671916e-06
632	stevia	-6.671916e-06
632	diapuls	-6.671916e-06
632	abatix	-6.671916e-06
632	endoson	-6.671916e-06
632	twiste	-6.671916e-06
632	mnx	-6.671916e-06
632	polymedica	-6.671916e-06
632	medicor	-6.671916e-06
632	lannett	-6.671916e-06
632	westam	-6.671916e-06
632	benefund	-6.671916e-06
632	customedix	-6.671916e-06
632	respiron	-6.671916e-06
632	ankap	-6.671916e-06
632	vitafort	-6.671916e-06
632	brenco	-6.671916e-06
632	ezconi	-6.671916e-06
632	asdar	-6.671916e-06
632	sffed	-6.671916e-06
632	laserg	-6.671916e-06
632	walshir	-6.671916e-06
632	acunet	-6.671916e-06
632	artra	-6.671916e-06
632	biosynergi	-6.671916e-06
632	florafax	-6.671916e-06
632	tyrex	-6.671916e-06
632	summagraph	-6.671916e-06
632	cenit	-6.671916e-06
632	infonow	-6.671916e-06
632	cognitron	-6.671916e-06
632	consumat	-6.671916e-06
632	solarco	-6.671916e-06
632	craftmad	-6.671916e-06
632	tdindustri	-6.671916e-06
632	inteleplex	-6.671916e-06
632	perfumania	-6.671916e-06
632	clevetrust	-6.671916e-06
632	solitron	-6.671916e-06
632	panaero	-6.671916e-06
632	probac	-6.671916e-06
632	careercom	-6.671916e-06
632	insteel	-6.671916e-06
632	execufirst	-6.671916e-06
632	ametech	-6.671916e-06
632	novatek	-6.671916e-06
632	confertech	-6.671916e-06
632	atratech	-6.671916e-06
632	cardiosystem	-6.671916e-06
632	transmat	-6.671916e-06
632	diagnon	-6.671916e-06
632	gamogen	-6.671916e-06
632	procom	-6.671916e-06
632	sholodg	-6.671916e-06
632	fronteer	-6.671916e-06
632	telor	-6.671916e-06
632	isramco	-6.671916e-06
632	maxum	-6.671916e-06
632	ezcorp	-6.671916e-06
632	spectrasci	-6.671916e-06
632	durakon	-6.671916e-06
632	structofab	-6.671916e-06
632	avemco	-6.671916e-06
632	trakit	-6.671916e-06
632	sungrowth	-6.671916e-06
632	cardtel	-6.671916e-06
632	nocopi	-6.671916e-06
632	birdsboro	-6.671916e-06
632	culbro	-6.671916e-06
632	banchold	-6.671916e-06
632	milastar	-6.671916e-06
632	pentech	-6.671916e-06
632	teknowledg	-6.671916e-06
632	intercim	-6.671916e-06
632	jegeroil	-6.671916e-06
632	holobeam	-6.671916e-06
632	bellatrix	-6.671916e-06
632	rimag	-6.671916e-06
632	datacomput	-6.671916e-06
632	leaservic	-6.671916e-06
632	orbitron	-6.671916e-06
632	citf	-6.671916e-06
632	sutron	-6.671916e-06
632	lisco	-6.671916e-06
632	winjak	-6.671916e-06
632	grason	-6.671916e-06
632	polymerix	-6.671916e-06
632	wolohan	-6.671916e-06
632	diacrin	-6.671916e-06
632	daltex	-6.671916e-06
632	nommun	-6.671916e-06
632	flowmol	-6.671916e-06
632	quikbyt	-6.671916e-06
632	photocomm	-6.671916e-06
632	osicom	-6.671916e-06
632	rosecap	-6.671916e-06
632	topro	-6.671916e-06
632	mylex	-6.671916e-06
632	knusaga	-6.671916e-06
632	telid	-6.671916e-06
632	geoenvironment	-6.671916e-06
632	telvu	-6.671916e-06
632	waldock	-6.671916e-06
632	pamida	-6.671916e-06
632	docucon	-6.671916e-06
632	leibston	-6.671916e-06
632	capfilm	-6.671916e-06
632	numerica	-6.671916e-06
632	amserv	-6.671916e-06
632	interamerica	-6.671916e-06
632	pamrapo	-6.671916e-06
632	gentner	-6.671916e-06
632	hearx	-6.671916e-06
632	cenvil	-6.671916e-06
632	biocraft	-6.671916e-06
632	sheldahl	-6.671916e-06
632	centerscop	-6.671916e-06
632	finacorp	-6.671916e-06
632	maritek	-6.671916e-06
632	copytel	-6.671916e-06
632	essef	-6.671916e-06
632	plastigon	-6.671916e-06
632	neosport	-6.671916e-06
632	tpex	-6.671916e-06
632	flexwatt	-6.671916e-06
632	drilex	-6.671916e-06
632	satcon	-6.671916e-06
632	comf	-6.671916e-06
632	rovac	-6.671916e-06
632	enercap	-6.671916e-06
632	exaltist	-6.671916e-06
632	fedtrust	-6.671916e-06
632	unitrod	-6.671916e-06
632	pemi	-6.671916e-06
632	amdl	-6.671916e-06
632	psh	-6.671916e-06
632	solarcel	-6.671916e-06
632	medenta	-6.671916e-06
632	telebyt	-6.671916e-06
632	arx	-6.671916e-06
632	ozit	-6.671916e-06
632	verazzana	-6.671916e-06
632	sentex	-6.671916e-06
632	infoamerica	-6.671916e-06
632	nutramax	-6.671916e-06
632	trima	-6.671916e-06
632	microbyx	-6.671916e-06
632	lifequest	-6.671916e-06
632	cycar	-6.671916e-06
632	lasermax	-6.671916e-06
632	pentair	-6.671916e-06
632	wedco	-6.671916e-06
632	instructivis	-6.671916e-06
632	oxboro	-6.671916e-06
632	faircom	-6.671916e-06
632	softguard	-6.671916e-06
632	buttercrem	-6.671916e-06
632	presstek	-6.671916e-06
632	yahw	-6.671916e-06
632	gracecar	-6.671916e-06
632	glassmast	-6.671916e-06
632	uspn	-6.671916e-06
632	altex	-6.671916e-06
632	platron	-6.671916e-06
632	marsam	-6.671916e-06
632	medcross	-6.671916e-06
632	equitrac	-6.671916e-06
632	safetec	-6.671916e-06
632	lexico	-6.671916e-06
632	radva	-6.671916e-06
632	primesourc	-6.671916e-06
632	schwerman	-6.671916e-06
632	compudyn	-6.671916e-06
632	intellicorp	-6.671916e-06
632	allou	-6.671916e-06
632	harmonei	-6.671916e-06
632	dataimag	-6.671916e-06
632	microag	-6.671916e-06
632	homecorp	-6.671916e-06
632	rymac	-6.671916e-06
632	bestop	-6.671916e-06
632	jetron	-6.671916e-06
632	oldbridg	-6.671916e-06
632	globesat	-6.671916e-06
632	progroup	-6.671916e-06
632	seconn	-6.671916e-06
632	davstar	-6.671916e-06
632	ciprico	-6.671916e-06
632	chronodynam	-6.671916e-06
632	clinicorp	-6.671916e-06
632	rexwork	-6.671916e-06
632	nvf	-6.671916e-06
632	imageamerica	-6.671916e-06
632	rentrak	-6.671916e-06
632	sciclon	-6.671916e-06
632	biopor	-6.671916e-06
632	fwb	-6.671916e-06
632	davox	-6.671916e-06
632	xplor	-6.671916e-06
632	agridyn	-6.671916e-06
632	adecor	-6.671916e-06
632	rasterop	-6.671916e-06
632	astrosystem	-6.671916e-06
632	infisi	-6.671916e-06
632	immucel	-6.671916e-06
632	rheometr	-6.671916e-06
632	moyco	-6.671916e-06
632	oxidyn	-6.671916e-06
632	jansko	-6.671916e-06
632	nursecar	-6.671916e-06
632	photron	-6.671916e-06
632	homepati	-6.671916e-06
632	autocam	-6.671916e-06
632	bankunit	-6.671916e-06
632	nemdaco	-6.671916e-06
632	osullivan	-6.671916e-06
632	abaxi	-6.671916e-06
632	hpsc	-6.671916e-06
632	chronim	-6.671916e-06
632	xyvis	-6.671916e-06
632	dixcom	-6.671916e-06
632	pennfirst	-6.671916e-06
632	hytk	-6.671916e-06
632	gratta	-6.671916e-06
632	compuflight	-6.671916e-06
632	sizel	-6.671916e-06
632	vishai	-6.671916e-06
632	centercor	-6.671916e-06
632	larchdal	-6.671916e-06
632	epolin	-6.671916e-06
632	newcor	-6.671916e-06
632	linkon	-6.671916e-06
632	ambar	-6.671916e-06
632	kranzco	-6.671916e-06
632	primag	-6.671916e-06
632	xedar	-6.671916e-06
632	neti	-6.671916e-06
632	pittwai	-6.671916e-06
632	videotelecom	-6.671916e-06
632	grayhound	-6.671916e-06
632	pharmhous	-6.671916e-06
632	psychemed	-6.671916e-06
632	poloron	-6.671916e-06
632	kenwin	-6.671916e-06
632	littlefus	-6.671916e-06
632	malex	-6.671916e-06
632	transcolor	-6.671916e-06
632	firetector	-6.671916e-06
632	neolen	-6.671916e-06
632	miltex	-6.671916e-06
632	homeplex	-6.671916e-06
632	telm	-6.671916e-06
632	xelex	-6.671916e-06
632	noxso	-6.671916e-06
632	krantor	-6.671916e-06
632	assix	-6.671916e-06
632	monitek	-6.671916e-06
632	oroamerica	-6.671916e-06
632	foxmoor	-6.671916e-06
632	xeta	-6.671916e-06
632	alteon	-6.671916e-06
632	quatech	-6.671916e-06
632	hydrom	-6.671916e-06
632	firstshar	-6.671916e-06
632	fafco	-6.671916e-06
632	airsensor	-6.671916e-06
632	daig	-6.671916e-06
632	computrac	-6.671916e-06
632	telecalc	-6.671916e-06
632	bancinsur	-6.671916e-06
632	sportstown	-6.671916e-06
632	baldor	-6.671916e-06
632	quipp	-6.671916e-06
632	edmark	-6.671916e-06
632	symix	-6.671916e-06
632	accuhealth	-6.671916e-06
632	masland	-6.671916e-06
632	lwai	-6.671916e-06
632	lincam	-6.671916e-06
632	mccticip	-6.671916e-06
632	rhnb	-6.671916e-06
632	kllm	-6.671916e-06
632	vestex	-6.671916e-06
632	edudata	-6.671916e-06
632	cholestech	-6.671916e-06
632	natec	-6.671916e-06
632	usmx	-6.671916e-06
632	prab	-6.671916e-06
632	interand	-6.671916e-06
632	neoprob	-6.671916e-06
632	xiox	-6.671916e-06
632	carc	-6.671916e-06
632	nview	-6.671916e-06
632	amerifax	-6.671916e-06
632	captec	-6.671916e-06
632	medaphi	-6.671916e-06
632	learon	-6.671916e-06
632	onbancorp	-6.671916e-06
632	synercom	-6.671916e-06
632	shepaug	-6.671916e-06
632	instaff	-6.671916e-06
632	staodyn	-6.671916e-06
632	numericom	-6.671916e-06
632	scanform	-6.671916e-06
632	securnet	-6.671916e-06
632	clinicom	-6.671916e-06
632	mechanik	-6.671916e-06
632	partech	-6.671916e-06
632	conchord	-6.671916e-06
632	microfram	-6.671916e-06
632	matritech	-6.671916e-06
632	banctrust	-6.671916e-06
632	technalysi	-6.671916e-06
632	frenchtex	-6.671916e-06
632	silvar	-6.671916e-06
632	luminal	-6.671916e-06
632	strober	-6.671916e-06
632	cmsf	-6.671916e-06
632	tenera	-6.671916e-06
632	windsystem	-6.671916e-06
632	liuski	-6.671916e-06
632	corvel	-6.671916e-06
632	pulsafeed	-6.671916e-06
632	siskon	-6.671916e-06
632	chempow	-6.671916e-06
632	alatenn	-6.671916e-06
632	jpe	-6.671916e-06
632	munsingwear	-6.671916e-06
632	cutco	-6.671916e-06
632	infergen	-6.671916e-06
632	etown	-6.671916e-06
632	imtec	-6.671916e-06
632	standex	-6.671916e-06
632	synthetech	-6.671916e-06
632	cimetrix	-6.671916e-06
632	macrochem	-6.671916e-06
632	nhd	-6.671916e-06
632	hemokinet	-6.671916e-06
632	seatrain	-6.671916e-06
632	hitox	-6.671916e-06
632	flexsteel	-6.671916e-06
632	valcor	-6.671916e-06
632	optifund	-6.671916e-06
632	americold	-6.671916e-06
632	inmedica	-6.671916e-06
632	westech	-6.671916e-06
632	drca	-6.671916e-06
632	russco	-6.671916e-06
632	medizon	-6.671916e-06
632	citicert	-6.671916e-06
632	acmat	-6.671916e-06
632	healthplex	-6.671916e-06
632	escalad	-6.671916e-06
632	azatech	-6.671916e-06
632	lincar	-6.671916e-06
632	alpart	-6.671916e-06
632	nytest	-6.671916e-06
632	wiltek	-6.671916e-06
632	varitron	-6.671916e-06
632	aphton	-6.671916e-06
632	cyanotech	-6.671916e-06
632	purecycl	-6.671916e-06
632	viib	-6.671916e-06
632	trustcompani	-6.671916e-06
632	gundl	-6.671916e-06
632	amacan	-6.671916e-06
632	enviropact	-6.671916e-06
632	intervoic	-6.671916e-06
632	combancorp	-6.671916e-06
632	magnetech	-6.671916e-06
632	qsr	-6.671916e-06
632	trizak	-6.671916e-06
632	lifecor	-6.671916e-06
632	upbancorp	-6.671916e-06
632	idora	-6.671916e-06
632	torotel	-6.671916e-06
632	warrantech	-6.671916e-06
632	ramex	-6.671916e-06
632	automedix	-6.671916e-06
632	dynatec	-6.671916e-06
632	datascop	-6.671916e-06
632	alafirst	-6.671916e-06
632	lasersight	-6.671916e-06
632	cambex	-6.671916e-06
632	ferrofluid	-6.671916e-06
632	usasia	-6.671916e-06
632	pronet	-6.671916e-06
632	spantel	-6.671916e-06
632	wilkow	-6.671916e-06
632	ccfnb	-6.671916e-06
632	aristar	-6.671916e-06
632	sevcon	-6.671916e-06
632	ozo	-6.671916e-06
632	lamcor	-6.671916e-06
632	techknit	-6.671916e-06
632	scigen	-6.671916e-06
632	opticorp	-6.671916e-06
632	massbank	-6.671916e-06
632	intram	-6.671916e-06
632	amvestor	-6.671916e-06
632	tescorp	-6.671916e-06
632	cadema	-6.671916e-06
632	omnicar	-6.671916e-06
632	zynaxi	-6.671916e-06
632	wsmp	-6.671916e-06
632	kevlin	-6.671916e-06
632	alamco	-6.671916e-06
632	componentguard	-6.671916e-06
632	lectec	-6.671916e-06
632	immucor	-6.671916e-06
632	bairnco	-6.671916e-06
632	intrenet	-6.671916e-06
632	manatron	-6.671916e-06
632	liqui	-6.671916e-06
632	crestek	-6.671916e-06
632	vikon	-6.671916e-06
632	texland	-6.671916e-06
632	americomm	-6.671916e-06
632	pamet	-6.671916e-06
632	teletrak	-6.671916e-06
632	sifco	-6.671916e-06
632	civista	-6.671916e-06
632	lxe	-6.671916e-06
632	georesourc	-6.671916e-06
632	telton	-6.671916e-06
632	eco2	-6.671916e-06
632	supradur	-6.671916e-06
632	xtramed	-6.671916e-06
632	resec	-6.671916e-06
632	biomet	-6.671916e-06
632	orthomet	-6.671916e-06
632	corcap	-6.671916e-06
632	mercom	-6.671916e-06
632	avecor	-6.671916e-06
632	tencor	-6.671916e-06
632	thermwood	-6.671916e-06
632	drillstar	-6.671916e-06
632	duckback	-6.671916e-06
632	speizman	-6.671916e-06
632	corfact	-6.671916e-06
632	richfood	-6.671916e-06
632	geminex	-6.671916e-06
632	grancar	-6.671916e-06
632	nordson	-6.671916e-06
632	pxre	-6.671916e-06
632	logimetr	-6.671916e-06
632	medivix	-6.671916e-06
632	memri	-6.671916e-06
632	optelecom	-6.671916e-06
632	sungroup	-6.671916e-06
632	netcor	-6.671916e-06
632	cistron	-6.671916e-06
632	ldb	-6.671916e-06
632	tround	-6.671916e-06
632	dbiomed	-6.671916e-06
632	nitizen	-6.671916e-06
632	novametrix	-6.671916e-06
632	atcorp	-6.671916e-06
632	intertechnolog	-6.671916e-06
632	astrocom	-6.671916e-06
632	valuevis	-6.671916e-06
632	namsco	-6.671916e-06
632	autoinfo	-6.671916e-06
632	tofutti	-6.671916e-06
632	hre	-6.671916e-06
632	paudan	-6.671916e-06
632	dotronix	-6.671916e-06
632	rapitech	-6.671916e-06
632	francor	-6.671916e-06
632	interpoint	-6.671916e-06
632	sosnoff	-6.671916e-06
632	elcotel	-6.671916e-06
632	biotechnica	-6.671916e-06
632	orrstown	-6.671916e-06
632	revington	-6.671916e-06
632	sanmark	-6.671916e-06
632	sobank	-6.671916e-06
632	exotech	-6.671916e-06
632	westernworld	-6.671916e-06
632	webcor	-6.671916e-06
632	thoratec	-6.671916e-06
632	bisi	-6.671916e-06
632	lasertechn	-6.671916e-06
632	thermodynet	-6.671916e-06
632	treadco	-6.671916e-06
632	mentor	-6.6763514e-06
632	1694	-6.6828657e-06
632	attende	-6.687841e-06
632	implos	-6.6947873e-06
632	2075	-6.6947873e-06
632	6343	-6.6947873e-06
632	1788	-6.6947873e-06
632	1783	-6.6947873e-06
632	roosevelt	-6.70228e-06
632	tropospher	-6.706904e-06
632	0829	-6.7069045e-06
632	webster	-6.7186625e-06
632	amr	-6.719933e-06
632	curs	-6.7392025e-06
632	0340	-6.744495e-06
632	7230	-6.744495e-06
632	7118	-6.744495e-06
632	7030	-6.744495e-06
632	6540	-6.744495e-06
632	5065	-6.7574624e-06
632	hartford	-6.760123e-06
632	0110	-6.7706615e-06
632	1565	-6.7706615e-06
632	0858	-6.7706615e-06
632	geng	-6.7841e-06
632	0108	-6.7841e-06
632	riskiest	-6.7841e-06
632	5110	-6.7841e-06
632	2128	-6.7841e-06
632	4675	-6.7977885e-06
632	2212	-6.7977885e-06
632	4440	-6.7977885e-06
632	semiact	-6.7979554e-06
632	razvitiy	-6.7979554e-06
632	nonexplos	-6.7979554e-06
632	airdrop	-6.8117342e-06
632	3444	-6.825949e-06
632	hydroxi	-6.825949e-06
632	jianguo	-6.825949e-06
632	symposia	-6.825949e-06
632	niu	-6.825949e-06
632	2398	-6.840441e-06
632	cantilev	-6.840441e-06
632	3838	-6.8552245e-06
632	0356	-6.8552245e-06
632	0657	-6.8552245e-06
632	3306	-6.8552245e-06
632	4141	-6.8552245e-06
632	7535	-6.8552245e-06
632	6735	-6.870309e-06
632	7301	-6.870309e-06
632	4885	-6.8857075e-06
632	5028	-6.8857075e-06
632	0051	-6.8857075e-06
632	polozheniy	-6.8984086e-06
632	sovetskoi	-6.8984086e-06
632	voyni	-6.8984086e-06
632	antiradi	-6.8984086e-06
632	5591	-6.9014345e-06
632	outgrew	-6.917503e-06
632	5450	-6.917503e-06
632	2867	-6.917503e-06
632	aileron	-6.917503e-06
632	6104	-6.917503e-06
632	mgm	-6.919854e-06
632	7458	-6.933928e-06
632	7627	-6.933928e-06
632	1693	-6.9507278e-06
632	stubbi	-6.9507278e-06
632	0951	-6.9507278e-06
632	5592	-6.9507278e-06
632	robbin	-6.9527455e-06
632	gorazd	-6.9529387e-06
632	5384	-6.9679168e-06
632	yanan	-6.9679168e-06
632	sextant	-6.9679168e-06
632	rumbl	-6.970303e-06
632	0124	-6.985516e-06
632	7013	-6.985516e-06
632	4805	-6.985516e-06
632	3320	-6.985516e-06
632	4382	-6.985516e-06
632	anorexia	-6.985516e-06
632	5069	-6.985516e-06
632	1782	-6.985516e-06
632	2496	-6.985516e-06
632	unoccupi	-6.998257e-06
632	yaw	-7.003544e-06
632	pozitsiya	-7.0190767e-06
632	sukhaya	-7.0190767e-06
632	otechestvennoi	-7.0190767e-06
632	burster	-7.0190767e-06
632	velikoi	-7.0190767e-06
632	ofth	-7.0220235e-06
632	3562	-7.0220235e-06
632	luan	-7.0220235e-06
632	magnolia	-7.0235315e-06
632	russ	-7.0303686e-06
632	transcript	-7.032438e-06
632	guoguang	-7.0409756e-06
632	antiship	-7.0409756e-06
632	6333	-7.0409756e-06
632	5002	-7.0409756e-06
632	3521	-7.040976e-06
632	6975	-7.040976e-06
632	kaufman	-7.059938e-06
632	4176	-7.060428e-06
632	4522	-7.060428e-06
632	angela	-7.066326e-06
632	5913	-7.0804053e-06
632	mansion	-7.085695e-06
632	usurp	-7.0917545e-06
632	microsecond	-7.1009376e-06
632	5256	-7.1009376e-06
632	6424	-7.1009376e-06
632	2769	-7.1009376e-06
632	2806	-7.1009376e-06
632	5116	-7.122057e-06
632	zuo	-7.122057e-06
632	edema	-7.1437976e-06
632	2831	-7.1437976e-06
632	6726	-7.1437976e-06
632	subsum	-7.1441696e-06
632	barbar	-7.147904e-06
632	rave	-7.1530035e-06
632	skip	-7.160784e-06
632	roentgen	-7.1661966e-06
632	2890	-7.1661966e-06
632	6306	-7.1661966e-06
632	3990	-7.1661966e-06
632	enfilad	-7.170197e-06
632	armii	-7.170197e-06
632	embrasur	-7.170197e-06
632	taktiki	-7.170197e-06
632	shtorm	-7.170197e-06
632	tucson	-7.1834515e-06
632	5346	-7.189296e-06
632	5493	-7.189296e-06
632	0094	-7.189296e-06
632	hydroxyl	-7.189296e-06
632	hoar	-7.198776e-06
632	fourier	-7.21314e-06
632	0796	-7.21314e-06
632	guoq	-7.21314e-06
632	guoliang	-7.21314e-06
632	6874	-7.21314e-06
632	mev	-7.21314e-06
632	sabil	-7.21314e-06
632	0080	-7.21314e-06
632	5174	-7.21314e-06
632	portsmouth	-7.2239764e-06
632	crimean	-7.224138e-06
632	reiniti	-7.23778e-06
632	3052	-7.23778e-06
632	4872	-7.23778e-06
632	6223	-7.23778e-06
632	mz	-7.23778e-06
632	6390	-7.23778e-06
632	encor	-7.2385437e-06
632	rivet	-7.2385437e-06
632	sherwood	-7.2597127e-06
632	3061	-7.2632693e-06
632	5062	-7.2632693e-06
632	3425	-7.2632693e-06
632	reanalyz	-7.2632693e-06
632	radom	-7.2632693e-06
632	warwick	-7.2747926e-06
632	3551	-7.289669e-06
632	3662	-7.289669e-06
632	amber	-7.2967227e-06
632	replai	-7.3048036e-06
632	ls	-7.310719e-06
632	5049	-7.317047e-06
632	0772	-7.317047e-06
632	5114	-7.317047e-06
632	3127	-7.317047e-06
632	2940	-7.317047e-06
632	2946	-7.3170477e-06
632	6s	-7.3170477e-06
632	2980	-7.3170477e-06
632	roebuck	-7.3282235e-06
632	changyi	-7.345478e-06
632	6197	-7.345478e-06
632	aveng	-7.3592673e-06
632	ark	-7.3607116e-06
632	skylin	-7.367807e-06
632	m0	-7.367807e-06
632	radioelektronnaya	-7.3725246e-06
632	vtoraya	-7.3725246e-06
632	ploshchadka	-7.3725246e-06
632	729th	-7.3725246e-06
632	podrazdelenii	-7.3725246e-06
632	radziyevskii	-7.3725246e-06
632	starlit	-7.3750475e-06
632	3574	-7.3750475e-06
632	7364	-7.3750475e-06
632	2812	-7.3750475e-06
632	gou	-7.3750475e-06
632	7637	-7.3750475e-06
632	scripp	-7.377345e-06
632	alaskan	-7.3801693e-06
632	4426	-7.405849e-06
632	wenbin	-7.405849e-06
632	0361	-7.405849e-06
632	3972	-7.405849e-06
632	7511	-7.405849e-06
632	3022	-7.405849e-06
632	zhenyan	-7.405849e-06
632	6015	-7.405849e-06
632	telescop	-7.4082914e-06
632	l4	-7.4210575e-06
632	fabl	-7.423254e-06
632	1927	-7.4254544e-06
632	tempera	-7.4343043e-06
632	worcest	-7.436483e-06
632	3808	-7.437989e-06
632	radian	-7.437989e-06
632	5631	-7.437989e-06
632	5899	-7.437989e-06
632	5347	-7.437989e-06
632	8113	-7.437989e-06
632	insert	-7.4552927e-06
632	stratford	-7.456969e-06
632	zhipe	-7.4715913e-06
632	6357	-7.4715913e-06
632	fusheng	-7.4715913e-06
632	dosimetri	-7.4715913e-06
632	5593	-7.4715913e-06
632	5148	-7.4715913e-06
632	2748	-7.4715913e-06
632	vilniu	-7.4770032e-06
632	l3	-7.4773766e-06
632	carlisl	-7.4805093e-06
632	renqiong	-7.506794e-06
632	0671	-7.506794e-06
632	3883	-7.506794e-06
632	0385	-7.506794e-06
632	2627	-7.506794e-06
632	4389	-7.506794e-06
632	3144	-7.506794e-06
632	weathermen	-7.506794e-06
632	3664	-7.506794e-06
632	6064	-7.506794e-06
632	leaflet	-7.5111748e-06
632	haystack	-7.521681e-06
632	oscar	-7.525415e-06
632	sandbag	-7.5329044e-06
632	zhiyuan	-7.543758e-06
632	fuchang	-7.543758e-06
632	0375	-7.543758e-06
632	3184	-7.543758e-06
632	ht	-7.5541225e-06
632	wynn	-7.554512e-06
632	dniester	-7.5616103e-06
632	haiyan	-7.582668e-06
632	2719	-7.582668e-06
632	iic	-7.582668e-06
632	5603	-7.582668e-06
632	4098	-7.582668e-06
632	magnetron	-7.582668e-06
632	guodong	-7.582668e-06
632	2679	-7.582668e-06
632	collid	-7.60301e-06
632	softer	-7.60301e-06
632	notic	-7.6063225e-06
632	antiaircraft	-7.614494e-06
632	7486	-7.6237407e-06
632	styx	-7.6237407e-06
632	3174	-7.6237407e-06
632	120mm	-7.6237407e-06
632	5119	-7.6237407e-06
632	6963	-7.6237407e-06
632	3508	-7.6237407e-06
632	3222	-7.6237407e-06
632	4249	-7.6237407e-06
632	psi	-7.631134e-06
632	viacom	-7.634197e-06
632	brock	-7.64035e-06
632	silo	-7.642248e-06
632	7209	-7.667231e-06
632	huabei	-7.667231e-06
632	storabl	-7.667231e-06
632	6995	-7.667231e-06
632	4471	-7.667231e-06
632	changcheng	-7.667231e-06
632	3588	-7.667231e-06
632	telemetr	-7.667231e-06
632	acrobat	-7.669625e-06
632	strelkovykh	-7.679697e-06
632	sbora	-7.679697e-06
632	iskhodnoy	-7.679697e-06
632	smokepot	-7.679697e-06
632	loadingunload	-7.679697e-06
632	okunevo	-7.679697e-06
632	desantirovaniya	-7.679697e-06
632	nonamphibi	-7.679697e-06
632	solonchak	-7.679697e-06
632	perekat	-7.679697e-06
632	temnyi	-7.679697e-06
632	radioelektronnoy	-7.679697e-06
632	redkii	-7.679697e-06
632	batalon	-7.679697e-06
632	sosnovaya	-7.679697e-06
632	protivodeystviy	-7.679697e-06
632	semibas	-7.679697e-06
632	sapozhnikovo	-7.679697e-06
632	regulirovaniya	-7.679697e-06
632	konyayevo	-7.679697e-06
632	sosredotocheniya	-7.679697e-06
632	militarytechn	-7.679697e-06
632	garland	-7.692047e-06
632	seahawk	-7.694179e-06
632	gibraltar	-7.703974e-06
632	0178	-7.713441e-06
632	2698	-7.713441e-06
632	5679	-7.713441e-06
632	60mm	-7.713441e-06
632	wenjun	-7.713441e-06
632	c0	-7.713441e-06
632	shuang	-7.713441e-06
632	gunsight	-7.713441e-06
632	guozhong	-7.713441e-06
632	6877	-7.713441e-06
632	truman	-7.726594e-06
632	unforgett	-7.73541e-06
632	sinist	-7.740941e-06
632	yukio	-7.752797e-06
632	tyrant	-7.762305e-06
632	shifa	-7.762734e-06
632	hie	-7.762734e-06
632	4108	-7.762734e-06
632	lepton	-7.762734e-06
632	3886	-7.762734e-06
632	0362	-7.762734e-06
632	7451	-7.762734e-06
632	qingh	-7.762734e-06
632	changq	-7.762734e-06
632	6342	-7.762734e-06
632	fulbright	-7.805185e-06
632	971	-7.811869e-06
632	3968	-7.815551e-06
632	4569	-7.815551e-06
632	3818	-7.815551e-06
632	subcompon	-7.815551e-06
632	gauss	-7.815551e-06
632	chengd	-7.815551e-06
632	3642	-7.815551e-06
632	5686	-7.815551e-06
632	anat	-7.815551e-06
632	5952	-7.815551e-06
632	4149	-7.815551e-06
632	30th	-7.82621e-06
632	ostankino	-7.829478e-06
632	musa	-7.832766e-06
632	pennei	-7.836783e-06
632	screw	-7.836903e-06
632	3169	-7.872433e-06
632	5363	-7.872434e-06
632	jincheng	-7.872434e-06
632	sjc	-7.872434e-06
632	6856	-7.872434e-06
632	7910	-7.872434e-06
632	4394	-7.872434e-06
632	goddess	-7.87727e-06
632	3a	-7.89427e-06
632	blip	-7.901147e-06
632	aaa	-7.902182e-06
632	chimprapha	-7.928893e-06
632	intercom	-7.929415e-06
632	l6	-7.932658e-06
632	4442	-7.934063e-06
632	fude	-7.934063e-06
632	xijiao	-7.934063e-06
632	liaodong	-7.934063e-06
632	yongkang	-7.934063e-06
632	l958	-7.934063e-06
632	4306	-7.934063e-06
632	smartli	-7.93979e-06
632	gobbl	-7.954198e-06
632	plume	-7.9651345e-06
632	mimic	-7.9651345e-06
632	greenwood	-7.967741e-06
632	ogden	-7.971978e-06
632	overstep	-7.972488e-06
632	undetect	-7.98735e-06
632	weinberg	-7.99486e-06
632	1849	-7.998636e-06
632	lianzhong	-8.001302e-06
632	jinquan	-8.001302e-06
632	weinan	-8.001302e-06
632	0971	-8.001302e-06
632	6870	-8.001302e-06
632	sharif	-8.004233e-06
632	carmen	-8.006135e-06
632	1152	-8.017716e-06
632	0440	-8.027293e-06
632	insignia	-8.06059e-06
632	triad	-8.069883e-06
632	yongchang	-8.075276e-06
632	zhixin	-8.075276e-06
632	honghua	-8.075276e-06
632	yongq	-8.075276e-06
632	lianq	-8.075276e-06
632	youm	-8.075276e-06
632	pili	-8.075276e-06
632	usf	-8.083977e-06
632	hamstr	-8.084879e-06
632	nr	-8.10409e-06
632	1122	-8.105997e-06
632	unconcern	-8.114401e-06
632	surveil	-8.132198e-06
632	crowlei	-8.137362e-06
632	fuchun	-8.157485e-06
632	yanlin	-8.157485e-06
632	iid	-8.157485e-06
632	enmao	-8.157485e-06
632	wolverin	-8.162566e-06
632	rota	-8.166853e-06
632	hmo	-8.167681e-06
632	raven	-8.167682e-06
632	quagmir	-8.170701e-06
632	boundless	-8.179634e-06
632	chauvin	-8.188643e-06
632	transcontinent	-8.1936405e-06
632	aetna	-8.198912e-06
632	enquir	-8.209534e-06
632	reprimand	-8.211476e-06
632	louver	-8.213331e-06
632	nf	-8.214886e-06
632	0550	-8.229374e-06
632	jude	-8.242069e-06
632	aikman	-8.247593e-06
632	guofu	-8.249996e-06
632	141st	-8.249996e-06
632	guanzhong	-8.249996e-06
632	huadong	-8.249996e-06
632	8693	-8.249996e-06
632	jiaji	-8.249996e-06
632	coder	-8.249996e-06
632	youmin	-8.249996e-06
632	7784	-8.249996e-06
632	jund	-8.249996e-06
632	nanjiang	-8.249996e-06
632	jingwen	-8.249996e-06
632	6989	-8.249996e-06
632	jingtang	-8.249996e-06
632	csx	-8.2587285e-06
632	rpr	-8.271855e-06
632	flashback	-8.283208e-06
632	grubb	-8.287099e-06
632	citadel	-8.287099e-06
632	westem	-8.291759e-06
632	harman	-8.292868e-06
632	whitman	-8.310369e-06
632	arden	-8.334172e-06
632	raf	-8.3481045e-06
632	202nd	-8.355765e-06
632	baozhen	-8.355765e-06
632	yukun	-8.355765e-06
632	shengyang	-8.355765e-06
632	yian	-8.355765e-06
632	fuli	-8.355765e-06
632	qime	-8.355765e-06
632	qiuli	-8.355765e-06
632	hailar	-8.355765e-06
632	xichun	-8.355765e-06
632	mich	-8.381568e-06
632	drweu082	-8.424879e-06
632	taj	-8.42863e-06
632	soskovet	-8.432308e-06
632	tomkin	-8.436609e-06
632	sentinel	-8.437294e-06
632	kelli	-8.460083e-06
632	derbi	-8.460884e-06
632	extant	-8.472172e-06
632	renhua	-8.479238e-06
632	xuelin	-8.479238e-06
632	youyu	-8.479238e-06
632	shusheng	-8.479238e-06
632	42a	-8.479238e-06
632	shangrao	-8.479238e-06
632	mishan	-8.479238e-06
632	postprocess	-8.479238e-06
632	hongyi	-8.479238e-06
632	changh	-8.479238e-06
632	yongnian	-8.479238e-06
632	fushan	-8.479238e-06
632	zuwu	-8.479238e-06
632	yongzh	-8.479238e-06
632	guoyi	-8.479238e-06
632	dahua	-8.479238e-06
632	borden	-8.496743e-06
632	bl	-8.496743e-06
632	summat	-8.526739e-06
632	gratefulli	-8.531099e-06
632	154m	-8.53298e-06
632	magna	-8.539864e-06
632	elyse	-8.543728e-06
632	velayati	-8.546727e-06
632	housewar	-8.554645e-06
632	criss	-8.558313e-06
632	wasp	-8.564742e-06
632	chetnik	-8.564882e-06
632	dorothi	-8.5673755e-06
632	cigna	-8.569639e-06
632	surreptiti	-8.57121e-06
632	hathawai	-8.57722e-06
632	undersid	-8.584267e-06
632	lockerbi	-8.598903e-06
632	srebrenica	-8.605196e-06
632	stan	-8.613578e-06
632	shime	-8.627558e-06
632	xingzhou	-8.627558e-06
632	rongjun	-8.627558e-06
632	dexu	-8.627558e-06
632	shangqiu	-8.627558e-06
632	zizhen	-8.627558e-06
632	wenhong	-8.627558e-06
632	yonghui	-8.627558e-06
632	sqc	-8.627558e-06
632	yutang	-8.627558e-06
632	jinfu	-8.627558e-06
632	xixia	-8.627558e-06
632	sond	-8.627558e-06
632	qingshan	-8.627558e-06
632	shiyu	-8.627558e-06
632	guolin	-8.627558e-06
632	chunsheng	-8.627558e-06
632	vita	-8.630703e-06
632	dearborn	-8.631881e-06
632	2007	-8.637166e-06
632	mahal	-8.639931e-06
632	monkei	-8.645729e-06
632	oi	-8.656219e-06
632	2400	-8.660473e-06
632	prei	-8.667516e-06
632	1471	-8.673288e-06
632	agent	-8.673908e-06
632	asil	-8.6766995e-06
632	madman	-8.680456e-06
632	insol	-8.680456e-06
632	thor	-8.689582e-06
632	zion	-8.698094e-06
632	mx	-8.702254e-06
632	1626	-8.7096205e-06
632	bei	-8.715328e-06
632	dismember	-8.717037e-06
632	cardiff	-8.737392e-06
632	backup	-8.753231e-06
632	1624	-8.754928e-06
632	2700	-8.754928e-06
632	bangalor	-8.770471e-06
632	summon	-8.772608e-06
632	presto	-8.787276e-06
632	comanch	-8.794222e-06
632	scamper	-8.794222e-06
632	hellfir	-8.797132e-06
632	outdon	-8.802257e-06
632	l9	-8.810356e-06
632	sanxiang	-8.81331e-06
632	wenzhao	-8.81331e-06
632	peisheng	-8.81331e-06
632	wenfa	-8.81331e-06
632	tianxiang	-8.81331e-06
632	jiali	-8.81331e-06
632	lichun	-8.81331e-06
632	peizhi	-8.81331e-06
632	yixin	-8.81331e-06
632	zichang	-8.81331e-06
632	jiqian	-8.81331e-06
632	62mm	-8.81331e-06
632	504th	-8.81331e-06
632	chunlian	-8.81331e-06
632	zigang	-8.81331e-06
632	zhibin	-8.81331e-06
632	fengxian	-8.81331e-06
632	jianshi	-8.81331e-06
632	weihan	-8.81331e-06
632	jingquan	-8.81331e-06
632	dianlong	-8.81331e-06
632	jingcheng	-8.81331e-06
632	shijin	-8.81331e-06
632	jiashu	-8.81331e-06
632	longtan	-8.81331e-06
632	peil	-8.81331e-06
632	fuzhong	-8.81331e-06
632	wenren	-8.81331e-06
632	changeabl	-8.818515e-06
632	mack	-8.819465e-06
632	ulaanbaatar	-8.8264605e-06
632	neurosci	-8.834915e-06
632	clyde	-8.84537e-06
632	uruguayan	-8.849484e-06
632	qc	-8.851537e-06
632	gaylord	-8.8545985e-06
632	resubordin	-8.8602e-06
632	brcko	-8.861166e-06
632	pacificorp	-8.864584e-06
632	armistic	-8.865085e-06
632	savimbi	-8.865085e-06
632	spano	-8.915998e-06
632	brazenli	-8.92167e-06
632	infanc	-8.928649e-06
632	shangkun	-8.939881e-06
632	roanok	-8.948114e-06
632	persh	-8.948114e-06
632	gonzalez	-8.959049e-06
632	sacrifici	-8.967798e-06
632	legg	-8.981256e-06
632	preston	-8.987797e-06
632	pretrial	-8.989122e-06
632	armada	-9.006202e-06
632	majl	-9.006683e-06
632	unicorn	-9.016025e-06
632	qadhdhafi	-9.0200265e-06
632	mpla	-9.0245085e-06
632	exclam	-9.025939e-06
632	avow	-9.051758e-06
632	6b	-9.056249e-06
632	itu	-9.056249e-06
632	yaowen	-9.062003e-06
632	721st	-9.062003e-06
632	hongxin	-9.062003e-06
632	xiancheng	-9.062003e-06
632	612th	-9.062003e-06
632	shengyao	-9.062003e-06
632	zhishun	-9.062003e-06
632	eschelon	-9.062003e-06
632	342nd	-9.062003e-06
632	xizhimen	-9.062003e-06
632	mingliang	-9.062003e-06
632	yuanshu	-9.062003e-06
632	naiwen	-9.062003e-06
632	hongchun	-9.062003e-06
632	zhizhang	-9.062003e-06
632	chengy	-9.062003e-06
632	tongx	-9.062003e-06
632	anjia	-9.062003e-06
632	107mm	-9.062003e-06
632	368th	-9.062003e-06
632	guijiang	-9.062003e-06
632	daixian	-9.062003e-06
632	boliang	-9.062003e-06
632	qingmei	-9.062003e-06
632	jianqiu	-9.062003e-06
632	thecentr	-9.062003e-06
632	bingsen	-9.062003e-06
632	yichuan	-9.062003e-06
632	weiren	-9.062003e-06
632	jiefu	-9.062003e-06
632	yanliang	-9.062003e-06
632	dazhao	-9.062003e-06
632	yuanjiu	-9.062003e-06
632	liangp	-9.062003e-06
632	725th	-9.062003e-06
632	dimin	-9.062003e-06
632	boluo	-9.062003e-06
632	jiah	-9.062003e-06
632	jinlin	-9.062003e-06
632	662nd	-9.062003e-06
632	xiantan	-9.062003e-06
632	fuliang	-9.062003e-06
632	xiaowei	-9.062003e-06
632	speechless	-9.087451e-06
632	revlon	-9.087542e-06
632	dominguez	-9.095865e-06
632	fantas	-9.098059e-06
632	deactiv	-9.098612e-06
632	smithfield	-9.112716e-06
632	gordi	-9.119599e-06
632	usuri	-9.119599e-06
632	rueh	-9.122752e-06
632	reich	-9.1294305e-06
632	fpl	-9.151658e-06
632	nonaggress	-9.152752e-06
632	dixon	-9.157342e-06
632	wold	-9.164037e-06
632	unflinch	-9.175442e-06
632	technologist	-9.193685e-06
632	tj	-9.219993e-06
632	pulaski	-9.234218e-06
632	supertank	-9.234392e-06
632	ungrat	-9.234392e-06
632	intl	-9.251489e-06
632	carolyn	-9.262028e-06
632	mladic	-9.262325e-06
632	jordanian	-9.286426e-06
632	gatx	-9.293147e-06
632	preemption	-9.293685e-06
632	rollback	-9.30704e-06
632	icn	-9.308416e-06
632	shubei	-9.309745e-06
632	arcadian	-9.323915e-06
632	cypress	-9.330917e-06
632	2950	-9.336102e-06
632	interferon	-9.3396475e-06
632	reenact	-9.349529e-06
632	seesaw	-9.349529e-06
632	unitel	-9.371847e-06
632	agni	-9.390865e-06
632	107m	-9.420293e-06
632	amcor	-9.4220995e-06
632	johnstown	-9.439405e-06
632	fenglou	-9.439564e-06
632	qingtang	-9.439564e-06
632	pureeconom	-9.439564e-06
632	3ii	-9.439564e-06
632	wangyuan	-9.439564e-06
632	linfang	-9.439564e-06
632	rongtian	-9.439564e-06
632	shoulun	-9.439564e-06
632	peihua	-9.439564e-06
632	972nd	-9.439564e-06
632	riheng	-9.439564e-06
632	laizhi	-9.439564e-06
632	jinkui	-9.439564e-06
632	xihan	-9.439564e-06
632	forchina	-9.439564e-06
632	juzheng	-9.439564e-06
632	shanchang	-9.439564e-06
632	chenxian	-9.439564e-06
632	tingdeng	-9.439564e-06
632	xixiong	-9.439564e-06
632	gongpu	-9.439564e-06
632	renyu	-9.439564e-06
632	shengd	-9.439564e-06
632	hydroballist	-9.439564e-06
632	xhenqi	-9.439564e-06
632	sanqiong	-9.439564e-06
632	daotong	-9.439564e-06
632	zhengdong	-9.439564e-06
632	movementwa	-9.439564e-06
632	fmcw	-9.439564e-06
632	yungwen	-9.439564e-06
632	werecomplet	-9.439564e-06
632	359th	-9.439564e-06
632	baichengzi	-9.439564e-06
632	yuqiu	-9.439564e-06
632	zucong	-9.439564e-06
632	lainfang	-9.439564e-06
632	luoxueshan	-9.439564e-06
632	workersstudi	-9.439564e-06
632	yalou	-9.439564e-06
632	nosecon	-9.439564e-06
632	pingtao	-9.439564e-06
632	shaobin	-9.439564e-06
632	longyun	-9.439564e-06
632	jinpu	-9.439564e-06
632	tostrengthen	-9.439564e-06
632	graphpap	-9.439564e-06
632	jinyintan	-9.439564e-06
632	septemberand	-9.439564e-06
632	884th	-9.439564e-06
632	781st	-9.439564e-06
632	defan	-9.439564e-06
632	propelledair	-9.439564e-06
632	jiab	-9.439564e-06
632	youxun	-9.439564e-06
632	theconstruct	-9.439564e-06
632	liansen	-9.439564e-06
632	zpj	-9.439564e-06
632	yizao	-9.439564e-06
632	847th	-9.439564e-06
632	nanru	-9.439564e-06
632	theoreticaldesign	-9.439564e-06
632	songgui	-9.439564e-06
632	keijiang	-9.439564e-06
632	jianti	-9.439564e-06
632	ruexia	-9.439564e-06
632	dingzeng	-9.439564e-06
632	dengjiang	-9.439564e-06
632	ruisong	-9.439564e-06
632	benxin	-9.439564e-06
632	jilu	-9.439564e-06
632	jinmiao	-9.439564e-06
632	zuqia	-9.439564e-06
632	honglu	-9.439564e-06
632	kejiang	-9.439564e-06
632	shaochi	-9.439564e-06
632	zuoq	-9.439564e-06
632	defensetechnolog	-9.439564e-06
632	yuanxun	-9.439564e-06
632	donesimultan	-9.439564e-06
632	zipe	-9.439564e-06
632	zhongxi	-9.439564e-06
632	qiru	-9.439564e-06
632	qiuchuan	-9.439564e-06
632	zunli	-9.439564e-06
632	1418th	-9.439564e-06
632	zhaoqi	-9.439564e-06
632	congzhi	-9.439564e-06
632	shaozhong	-9.439564e-06
632	lianyou	-9.439564e-06
632	605th	-9.439564e-06
632	ruoxia	-9.439564e-06
632	zhenq	-9.439564e-06
632	bochang	-9.439564e-06
632	yinghui	-9.439564e-06
632	taiqinggong	-9.439564e-06
632	282nd	-9.439564e-06
632	binghan	-9.439564e-06
632	chaofan	-9.439564e-06
632	guanyi	-9.439564e-06
632	toevalu	-9.439564e-06
632	zhishang	-9.439564e-06
632	deyuan	-9.439564e-06
632	zuquan	-9.439564e-06
632	sjk	-9.439564e-06
632	huik	-9.439564e-06
632	aheadof	-9.439564e-06
632	ruiyuan	-9.439564e-06
632	chuxu	-9.439564e-06
632	630th	-9.439564e-06
632	yueren	-9.439564e-06
632	havingmast	-9.439564e-06
632	basedmodel	-9.439564e-06
632	zuochen	-9.439564e-06
632	shipan	-9.439564e-06
632	andtechn	-9.439564e-06
632	shoushen	-9.439564e-06
632	banglin	-9.439564e-06
632	bombwer	-9.439564e-06
632	chengshu	-9.439564e-06
632	prongedapproach	-9.439564e-06
632	hongliuyuan	-9.439564e-06
632	xingqian	-9.439564e-06
632	xianzhag	-9.439564e-06
632	yifei	-9.439564e-06
632	yuecong	-9.439564e-06
632	youj	-9.439564e-06
632	changqiong	-9.439564e-06
632	xuekai	-9.439564e-06
632	chunchiao	-9.439564e-06
632	gaojun	-9.439564e-06
632	shunchang	-9.439564e-06
632	zuchia	-9.439564e-06
632	nnss	-9.439564e-06
632	qiongi	-9.439564e-06
632	ronzheng	-9.439564e-06
632	xiyai	-9.439564e-06
632	youshan	-9.439564e-06
632	720nd	-9.439564e-06
632	xumin	-9.439564e-06
632	shipcoordin	-9.439564e-06
632	765th	-9.439564e-06
632	jpcst009	-9.439564e-06
632	micropressur	-9.439564e-06
632	zhenzong	-9.439564e-06
632	tuoli	-9.439564e-06
632	siyao	-9.439564e-06
632	yinshan	-9.439564e-06
632	thedesign	-9.439564e-06
632	shangguan	-9.439564e-06
632	sciencemad	-9.439564e-06
632	residualreact	-9.439564e-06
632	laboratoryof	-9.439564e-06
632	zaishan	-9.439564e-06
632	tingguo	-9.439564e-06
632	yankang	-9.439564e-06
632	lianfang	-9.439564e-06
632	sqw	-9.439564e-06
632	whilekeep	-9.439564e-06
632	chuanliu	-9.439564e-06
632	juyuan	-9.439564e-06
632	712nd	-9.439564e-06
632	xianzheng	-9.439564e-06
632	largeshould	-9.439564e-06
632	rightwing	-9.445851e-06
632	gale	-9.469207e-06
632	nrg	-9.4749075e-06
632	abf	-9.4749075e-06
632	engl	-9.4749075e-06
632	0689	-9.478704e-06
632	0823	-9.478704e-06
632	ioc	-9.484899e-06
632	bf	-9.493125e-06
632	curvilinear	-9.499381e-06
632	bronco	-9.509123e-06
632	tsi	-9.5116675e-06
632	pac	-9.512702e-06
632	rockland	-9.530547e-06
632	olson	-9.541759e-06
632	comstock	-9.549776e-06
632	1572	-9.557905e-06
632	pandora	-9.560002e-06
632	shopp	-9.569368e-06
632	2139	-9.57448e-06
632	123m	-9.575703e-06
632	amer	-9.58301e-06
632	kharkov	-9.588533e-06
632	midget	-9.588533e-06
632	nuri	-9.588533e-06
632	entrap	-9.588533e-06
632	sunbelt	-9.5893365e-06
632	telco	-9.5893365e-06
632	5e	-9.591317e-06
632	6708	-9.591317e-06
632	l22	-9.608428e-06
632	insuffer	-9.608428e-06
632	deced	-9.608428e-06
632	sunlit	-9.6096965e-06
632	prod	-9.618847e-06
632	artesian	-9.630464e-06
632	kwik	-9.630931e-06
632	p36	-9.6477415e-06
632	forgon	-9.6614785e-06
632	damocl	-9.661479e-06
632	tranship	-9.661479e-06
632	satchel	-9.661479e-06
632	machiavelli	-9.661479e-06
632	3907	-9.661479e-06
632	vhf	-9.669179e-06
632	cel	-9.673288e-06
632	tog	-9.673288e-06
632	junk	-9.689271e-06
632	p28	-9.694168e-06
632	luken	-9.695382e-06
632	sz	-9.6983795e-06
632	shimla	-9.6983795e-06
632	calvin	-9.7003585e-06
632	debunk	-9.710056e-06
632	genghi	-9.717322e-06
632	oshkosh	-9.717955e-06
632	randolph	-9.73788e-06
632	0441	-9.756255e-06
632	stepashin	-9.775821e-06
632	azusa	-9.785499e-06
632	biomechan	-9.78878e-06
632	gromov	-9.792849e-06
632	tore	-9.796502e-06
632	thunderbolt	-9.796671e-06
632	fsb	-9.813502e-06
632	questar	-9.813502e-06
632	haotian	-9.818855e-06
632	showdown	-9.832763e-06
632	pilfer	-9.836514e-06
632	maxxam	-9.838829e-06
632	teja	-9.838829e-06
632	pugilist	-9.860339e-06
632	0253	-9.860339e-06
632	taft	-9.863335e-06
632	valero	-9.864789e-06
632	rupp	-9.86479e-06
632	biometr	-9.86479e-06
632	shahal	-9.872641e-06
632	desperado	-9.882439e-06
632	westwood	-9.893916e-06
632	antiepidem	-9.914983e-06
632	fagot	-9.914983e-06
632	trig	-9.914983e-06
632	dosimet	-9.916716e-06
632	dlj	-9.918741e-06
632	contel	-9.918741e-06
632	passabl	-9.927011e-06
632	n3	-9.928071e-06
632	estonian	-9.943212e-06
632	straggler	-9.951646e-06
632	4430	-9.975755e-06
632	nateq	-9.978063e-06
632	iota	-9.978063e-06
632	skim	-9.984863e-06
632	piddl	-1.0000427e-05
632	intermountain	-1.0005319e-05
632	fissil	-1.0008515e-05
632	rockfal	-1.0027426e-05
632	spg	-1.0027426e-05
632	punkt	-1.0027426e-05
632	zaporozhy	-1.0039769e-05
632	pen	-1.0044729e-05
632	lobov	-1.0050374e-05
632	cfe	-1.0050374e-05
632	paccar	-1.0067329e-05
632	babil	-1.0071869e-05
632	massandra	-1.0071869e-05
632	tomcat	-1.007808e-05
632	riversid	-1.0081294e-05
632	algier	-1.0092563e-05
632	beryl	-1.00937605e-05
632	lamont	-1.00955085e-05
632	centex	-1.00997795e-05
632	lacled	-1.00997795e-05
632	kyle	-1.0104007e-05
632	enserch	-1.0133279e-05
632	unarmor	-1.0155983e-05
632	tpq	-1.0155983e-05
632	kiloton	-1.016187e-05
632	hydroplan	-1.016187e-05
632	windhoek	-1.0161966e-05
632	calf	-1.01623455e-05
632	redwood	-1.0183679e-05
632	waldo	-1.0185601e-05
632	0679	-1.0191338e-05
632	salud	-1.0191338e-05
632	prog	-1.02037e-05
632	willcox	-1.02037e-05
632	193m	-1.0220221e-05
632	cruelest	-1.0221649e-05
632	yanji	-1.0221649e-05
632	sturdi	-1.0239344e-05
632	memorex	-1.02407885e-05
632	rockwood	-1.02407885e-05
632	cortland	-1.02407885e-05
632	recount	-1.0244621e-05
632	unreconcil	-1.0252852e-05
632	comet	-1.0265377e-05
632	vantag	-1.0269662e-05
632	skylark	-1.0285e-05
632	splittism	-1.0285e-05
632	jaguar	-1.0289415e-05
632	null	-1.0295653e-05
632	shmelev	-1.0298195e-05
632	iss	-1.0304426e-05
632	tacfir	-1.03060565e-05
632	vozdukh	-1.03060565e-05
632	bereza	-1.03060565e-05
632	chokepoint	-1.03060565e-05
632	bridgelay	-1.03060565e-05
632	tacoma	-1.03088305e-05
632	sonat	-1.0319191e-05
632	coachman	-1.0319191e-05
632	1941	-1.0322109e-05
632	jptnd004	-1.0338229e-05
632	2089	-1.0352374e-05
632	fani	-1.0387738e-05
632	kostenko	-1.0393799e-05
632	montclair	-1.0400047e-05
632	fairmount	-1.0404e-05
632	marrow	-1.0404768e-05
632	matignon	-1.0422592e-05
632	uncompens	-1.0422592e-05
632	kherson	-1.0437253e-05
632	berkshir	-1.0445143e-05
632	dmi	-1.0449153e-05
632	liposom	-1.0449153e-05
632	aep	-1.0449153e-05
632	unremit	-1.0482377e-05
632	counterprepar	-1.0486332e-05
632	mcdaniel	-1.04876e-05
632	northstar	-1.0496358e-05
632	stankevich	-1.049778e-05
632	selector	-1.0526874e-05
632	hedi	-1.0542306e-05
632	exid	-1.0545812e-05
632	rmi	-1.0545812e-05
632	revoc	-1.0552372e-05
632	catcher	-1.0559627e-05
632	31st	-1.0560566e-05
632	bnd	-1.0578054e-05
632	inf	-1.0578054e-05
632	triangul	-1.0584745e-05
632	aca	-1.0586431e-05
632	pro	-1.0592634e-05
632	sarin	-1.0594782e-05
632	apco	-1.0597741e-05
632	duct	-1.0609071e-05
632	sumi	-1.0611747e-05
632	benedict	-1.0619161e-05
632	juvenil	-1.0621188e-05
632	117a	-1.0628951e-05
632	nighthawk	-1.0628951e-05
632	honeybe	-1.0628951e-05
632	valentim	-1.0646424e-05
632	evanc	-1.0647479e-05
632	integra	-1.0652403e-05
632	varyag	-1.067508e-05
632	geosynchron	-1.067508e-05
632	laport	-1.0675486e-05
632	ccc	-1.0687031e-05
632	zepc	-1.0700414e-05
632	arvida	-1.0710103e-05
632	americu	-1.0710103e-05
632	tarasyuk	-1.0718972e-05
632	stellar	-1.0722252e-05
632	prow	-1.0723306e-05
632	snowi	-1.0746239e-05
632	drexel	-1.0762998e-05
632	1l	-1.0771201e-05
632	taip	-1.0773829e-05
632	supraregion	-1.07746e-05
632	tigr	-1.0806139e-05
632	beatric	-1.0808088e-05
632	drchi108	-1.0823331e-05
632	niccolo	-1.08268805e-05
632	tainan	-1.08268805e-05
632	hunchun	-1.08268805e-05
632	alza	-1.0836118e-05
632	canandaigua	-1.0836118e-05
632	tremont	-1.0836118e-05
632	barring	-1.0836118e-05
632	kiewit	-1.0836118e-05
632	oas	-1.08455815e-05
632	5459	-1.08827235e-05
632	shipborn	-1.08827235e-05
632	larijani	-1.0900482e-05
632	filen	-1.0905366e-05
632	nonconvent	-1.0922477e-05
632	angolan	-1.0925894e-05
632	126th	-1.0941671e-05
632	dadi	-1.0941671e-05
632	demark	-1.0941672e-05
632	1861	-1.0975953e-05
632	leadvil	-1.0979566e-05
632	davin	-1.0979566e-05
632	windpow	-1.0979566e-05
632	downfal	-1.0983485e-05
632	macedonian	-1.0995245e-05
632	lancer	-1.1001354e-05
632	countdown	-1.1002543e-05
632	3157	-1.1004089e-05
632	kumsong	-1.1004089e-05
632	ladakh	-1.1004089e-05
632	regal	-1.1012127e-05
632	70k	-1.1014375e-05
632	drsov075	-1.1028098e-05
632	hade	-1.1039e-05
632	waigel	-1.1050448e-05
632	shiphold	-1.1059477e-05
632	firstbank	-1.1059477e-05
632	bancor	-1.1059477e-05
632	csb	-1.1059477e-05
632	waqt	-1.1063743e-05
632	copeland	-1.1064359e-05
632	sandstorm	-1.10651035e-05
632	2330	-1.1087651e-05
632	nawa	-1.1089011e-05
632	kravchenko	-1.1089011e-05
632	subsect	-1.1089059e-05
632	bk	-1.1116479e-05
632	2009	-1.1126623e-05
632	marisa	-1.1126662e-05
632	33rd	-1.112766e-05
632	mirv	-1.11411555e-05
632	shashi	-1.11411555e-05
632	perceptron	-1.1146055e-05
632	bushehr	-1.1168215e-05
632	rj	-1.117516e-05
632	csca	-1.1183639e-05
632	key	-1.1200099e-05
632	tufa	-1.121696e-05
632	tonghua	-1.121696e-05
632	nemes	-1.121696e-05
632	3756	-1.121696e-05
632	mauser	-1.121696e-05
632	litl	-1.121696e-05
632	0715	-1.1222388e-05
632	aslam	-1.12241105e-05
632	pavlychko	-1.12241105e-05
632	1017	-1.1232866e-05
632	trion	-1.1240515e-05
632	trol	-1.1240515e-05
632	wetterau	-1.1240515e-05
632	babbag	-1.1240515e-05
632	hilliard	-1.1242688e-05
632	mcmartin	-1.1242688e-05
632	gag	-1.1244376e-05
632	havel	-1.124987e-05
632	maim	-1.1251645e-05
632	cardiac	-1.1257662e-05
632	carson	-1.1268724e-05
632	chagang	-1.1282771e-05
632	henggao	-1.12986e-05
632	taian	-1.12986e-05
632	duoji	-1.12986e-05
632	peoria	-1.13045935e-05
632	pall	-1.1308096e-05
632	wd	-1.1309249e-05
632	np	-1.1343259e-05
632	dm4	-1.1343259e-05
632	semicon	-1.1344437e-05
632	starrett	-1.1344437e-05
632	fieldcrest	-1.1344437e-05
632	1347	-1.1353673e-05
632	canaver	-1.13693895e-05
632	thorp	-1.1369666e-05
632	pukhan	-1.138705e-05
632	0766	-1.138705e-05
632	kn	-1.1388473e-05
632	huntsvil	-1.1398113e-05
632	ef	-1.1399649e-05
632	bw	-1.1409567e-05
632	vogosca	-1.1409567e-05
632	lwr	-1.1443501e-05
632	wiland	-1.1457406e-05
632	rayoni	-1.1459926e-05
632	deseret	-1.1459926e-05
632	astakhovo	-1.1473282e-05
632	redkaya	-1.1473282e-05
632	sidorovo	-1.1473282e-05
632	kamennaya	-1.1473282e-05
632	nastupleniya	-1.1473282e-05
632	montgomeri	-1.1478911e-05
632	kilohertz	-1.1483553e-05
632	6617	-1.1483553e-05
632	firebox	-1.1483553e-05
632	missouri	-1.1512156e-05
632	glacier	-1.15143275e-05
632	iai	-1.1514423e-05
632	astafyev	-1.1514423e-05
632	hillsborough	-1.1519344e-05
632	oncom	-1.1543879e-05
632	kozlovskii	-1.1551539e-05
632	kunadz	-1.1551539e-05
632	ranier	-1.158972e-05
632	es5	-1.158972e-05
632	1a2	-1.158972e-05
632	5i	-1.158972e-05
632	isro	-1.1589852e-05
632	kalahari	-1.1589852e-05
632	trico	-1.1589888e-05
632	lsb	-1.1589888e-05
632	amfac	-1.1589888e-05
632	foamex	-1.1589888e-05
632	mgi	-1.1589888e-05
632	kimco	-1.1589888e-05
632	holco	-1.158989e-05
632	workingmen	-1.158989e-05
632	dud	-1.1614775e-05
632	iliescu	-1.1635308e-05
632	ep	-1.1635309e-05
632	apathi	-1.1645753e-05
632	akash	-1.1670398e-05
632	ghabid	-1.1670398e-05
632	acton	-1.1687483e-05
632	confict	-1.1707708e-05
632	hema	-1.1707708e-05
632	imjin	-1.1707708e-05
632	chute	-1.1732124e-05
632	bridal	-1.1735985e-05
632	westamerica	-1.1738476e-05
632	flextron	-1.1738476e-05
632	slm	-1.1738476e-05
632	belveder	-1.174838e-05
632	mtg	-1.174838e-05
632	lazaru	-1.174838e-05
632	landri	-1.1760887e-05
632	circumfer	-1.1771919e-05
632	tarragon	-1.1773507e-05
632	ringsid	-1.1773508e-05
632	hickman	-1.1786245e-05
632	5400	-1.1790267e-05
632	reec	-1.1799099e-05
632	muzzl	-1.1824554e-05
632	gongshang	-1.1840479e-05
632	brahmaputra	-1.1840479e-05
632	nanl	-1.1840479e-05
632	hanjiang	-1.18404805e-05
632	fumi	-1.18404805e-05
632	lianhua	-1.18404805e-05
632	172nd	-1.18404805e-05
632	mathematician	-1.1842002e-05
632	westerli	-1.1842002e-05
632	password	-1.1846399e-05
632	westfield	-1.1851739e-05
632	basqu	-1.1857811e-05
632	6351	-1.185966e-05
632	hush	-1.1861784e-05
632	noncompli	-1.1892569e-05
632	furna	-1.18994885e-05
632	lubbock	-1.1906455e-05
632	rasmussen	-1.1910217e-05
632	542	-1.1911269e-05
632	gmi	-1.1911936e-05
632	millburn	-1.1911936e-05
632	kaneb	-1.1911936e-05
632	transamerican	-1.1911936e-05
632	jonathon	-1.1920478e-05
632	0644	-1.1921813e-05
632	borujerdi	-1.19511315e-05
632	bicess	-1.19511315e-05
632	counterproduct	-1.1972815e-05
632	pyrotechn	-1.1974524e-05
632	ehrlich	-1.1978029e-05
632	hart	-1.1979603e-05
632	olsen	-1.1981342e-05
632	251st	-1.1992281e-05
632	auxilliari	-1.1992281e-05
632	jiaodong	-1.1992281e-05
632	huludao	-1.1992281e-05
632	braniff	-1.1992797e-05
632	rhode	-1.2000722e-05
632	433	-1.2005275e-05
632	callahan	-1.2007727e-05
632	yoke	-1.201423e-05
632	grenada	-1.2018812e-05
632	spragu	-1.2038072e-05
632	rollin	-1.2044156e-05
632	blackwood	-1.2053495e-05
632	leapfrog	-1.20665245e-05
632	1823	-1.2079613e-05
632	inscript	-1.2096379e-05
632	wilmington	-1.2101304e-05
632	decal	-1.2116968e-05
632	2340	-1.211981e-05
632	nylif	-1.2120301e-05
632	habersham	-1.2120302e-05
632	rancon	-1.2120302e-05
632	mediq	-1.2120302e-05
632	intervest	-1.2120302e-05
632	meditech	-1.2120302e-05
632	2262	-1.2121077e-05
632	baruch	-1.2133301e-05
632	0640	-1.2143227e-05
632	discomfort	-1.2143979e-05
632	derid	-1.2161789e-05
632	xiyu	-1.2169489e-05
632	jinggangshan	-1.2169489e-05
632	kujang	-1.2169489e-05
632	munsan	-1.2169489e-05
632	hoengsong	-1.2169489e-05
632	8i	-1.2169489e-05
632	1a1	-1.2169489e-05
632	bushido	-1.2169489e-05
632	lahiri	-1.2169489e-05
632	themistocl	-1.2169489e-05
632	surrepti	-1.2169489e-05
632	zhengda	-1.2169489e-05
632	fairfield	-1.2175973e-05
632	dorn	-1.2183485e-05
632	sicili	-1.2219979e-05
632	mozambican	-1.2224924e-05
632	snowstorm	-1.2226717e-05
632	1603	-1.2231629e-05
632	4000	-1.2237042e-05
632	dixi	-1.2254365e-05
632	malici	-1.2256805e-05
632	varsiti	-1.2260617e-05
632	ot	-1.22918855e-05
632	paragon	-1.2295101e-05
632	imperil	-1.2300883e-05
632	khimicheskaya	-1.2305574e-05
632	birmingham	-1.2313398e-05
632	hal	-1.2319099e-05
632	stumpf	-1.23194695e-05
632	ati	-1.2326915e-05
632	zhelev	-1.2337557e-05
632	leu	-1.2350723e-05
632	2015	-1.2353103e-05
632	unexplain	-1.2353526e-05
632	shambl	-1.2364257e-05
632	attali	-1.236965e-05
632	derrick	-1.2380097e-05
632	0708	-1.2380129e-05
632	micronet	-1.2381252e-05
632	dayu	-1.238236e-05
632	impov	-1.238236e-05
632	chenggong	-1.238236e-05
632	yongwon	-1.238236e-05
632	reguir	-1.238236e-05
632	nanyu	-1.238236e-05
632	dilemna	-1.238236e-05
632	photoreconnaiss	-1.238236e-05
632	mckinni	-1.238236e-05
632	nurbakhsh	-1.239372e-05
632	brunner	-1.23974805e-05
632	gant	-1.2404597e-05
632	underfund	-1.2407892e-05
632	3189	-1.2414094e-05
632	etiquett	-1.2420635e-05
632	uac	-1.2424719e-05
632	catalan	-1.24357575e-05
632	inc	-1.2465854e-05
632	othon	-1.247292e-05
632	ssm	-1.247292e-05
632	monogram	-1.25299375e-05
632	altu	-1.25299375e-05
632	shipown	-1.254013e-05
632	sandia	-1.2551975e-05
632	conklin	-1.2551975e-05
632	yardlei	-1.2551975e-05
632	ltv	-1.2555188e-05
632	vlore	-1.2557785e-05
632	ivashov	-1.2557785e-05
632	snegur	-1.2558183e-05
632	novi	-1.2558183e-05
632	brazen	-1.2558183e-05
632	kar	-1.2574366e-05
632	fiercer	-1.2607555e-05
632	0735	-1.26224595e-05
632	0781	-1.263746e-05
632	arapaho	-1.2643793e-05
632	1new	-1.2643793e-05
632	morehous	-1.2643793e-05
632	huangl	-1.2648951e-05
632	menou	-1.2648951e-05
632	15j	-1.2648951e-05
632	duux	-1.2648951e-05
632	qadeer	-1.2649184e-05
632	opcw	-1.2649184e-05
632	elettra	-1.2649184e-05
632	wellman	-1.2677054e-05
632	honeycomb	-1.2683401e-05
632	northgat	-1.2692083e-05
632	germ	-1.2716768e-05
632	pelican	-1.2723438e-05
632	amtech	-1.2730627e-05
632	westbridg	-1.2730627e-05
632	wnc	-1.2730627e-05
632	bankgroup	-1.2730627e-05
632	harleysvil	-1.2730627e-05
632	graybar	-1.2730627e-05
632	intercel	-1.2730627e-05
632	cymrot	-1.2730627e-05
632	ophthalm	-1.2730806e-05
632	newmark	-1.2742116e-05
632	ncnb	-1.2742116e-05
632	safari	-1.274361e-05
632	cssr	-1.2748208e-05
632	heitman	-1.2748208e-05
632	noxiou	-1.2750386e-05
632	poinsettia	-1.2767824e-05
632	glenf	-1.2767824e-05
632	subassembl	-1.27798285e-05
632	jinhua	-1.27798285e-05
632	0068	-1.27798285e-05
632	alarmingli	-1.2791649e-05
632	browner	-1.279165e-05
632	liggett	-1.2794018e-05
632	docksid	-1.2796533e-05
632	eureka	-1.28056345e-05
632	1172	-1.281343e-05
632	meyer	-1.2813692e-05
632	wm	-1.2814343e-05
632	abbott	-1.2823243e-05
632	sardar	-1.2826836e-05
632	conic	-1.2830523e-05
632	inadvis	-1.2831614e-05
632	tlc	-1.2847937e-05
632	immur	-1.2856245e-05
632	thiokol	-1.2875712e-05
632	2037	-1.2900957e-05
632	batavia	-1.29040345e-05
632	aho	-1.29144555e-05
632	anhalt	-1.2929518e-05
632	rockwel	-1.2933415e-05
632	somerset	-1.2946059e-05
632	tele	-1.297424e-05
632	meghalaya	-1.2975105e-05
632	falda	-1.2975105e-05
632	koala	-1.2992676e-05
632	0171	-1.2994024e-05
632	2885	-1.2994024e-05
632	superkil	-1.3005881e-05
632	envent	-1.3005881e-05
632	kaishek	-1.3005881e-05
632	lanyu	-1.3005881e-05
632	jianzhen	-1.3005881e-05
632	mii	-1.3005881e-05
632	chiwei	-1.3005881e-05
632	myohyangsan	-1.3005881e-05
632	jingsha	-1.3005881e-05
632	qingjin	-1.3005881e-05
632	dadui	-1.3005881e-05
632	gangtian	-1.3005881e-05
632	namp	-1.3005881e-05
632	zhongy	-1.3005881e-05
632	meteri	-1.3005881e-05
632	kimhwa	-1.3005881e-05
632	shchuka	-1.3005881e-05
632	motuo	-1.3005881e-05
632	xiangli	-1.3005881e-05
632	yatsen	-1.3005881e-05
632	balawang	-1.3005881e-05
632	huchuan	-1.3005881e-05
632	259th	-1.3005881e-05
632	jiangdong	-1.3005881e-05
632	23mf	-1.3005881e-05
632	es3b	-1.3005881e-05
632	es5c	-1.3005881e-05
632	372nd	-1.3005881e-05
632	2710	-1.3013365e-05
632	malan	-1.3013365e-05
632	kvaerner	-1.3014903e-05
632	bamberg	-1.30235285e-05
632	8001	-1.3032966e-05
632	4539	-1.3032966e-05
632	5030	-1.3032966e-05
632	radiatsionnaya	-1.3034404e-05
632	bluefield	-1.305508e-05
632	snyder	-1.3063775e-05
632	6930	-1.3072967e-05
632	scape	-1.3087365e-05
632	karlsruh	-1.3088181e-05
632	1563	-1.3093385e-05
632	fiar	-1.3107196e-05
632	ndalatando	-1.3107196e-05
632	retract	-1.3110047e-05
632	lautrec	-1.3120421e-05
632	biennial	-1.3136765e-05
632	cabot	-1.3141854e-05
632	baldwin	-1.3155583e-05
632	doh	-1.3173293e-05
632	2485	-1.31780125e-05
632	2814	-1.31780125e-05
632	0155	-1.31780125e-05
632	gallop	-1.3183306e-05
632	cimarron	-1.318899e-05
632	salem	-1.3189222e-05
632	tella	-1.3191205e-05
632	cml	-1.3199999e-05
632	tatar	-1.3231066e-05
632	halibut	-1.3240769e-05
632	galvan	-1.3250525e-05
632	udmurtiya	-1.3255838e-05
632	bolotin	-1.3255838e-05
632	kamra	-1.3255838e-05
632	panmunjon	-1.3255838e-05
632	shuskevich	-1.3255838e-05
632	andov	-1.326041e-05
632	scfc	-1.3261037e-05
632	limi	-1.3261037e-05
632	condev	-1.3261037e-05
632	comdata	-1.3261037e-05
632	indepro	-1.3261037e-05
632	invg	-1.3261037e-05
632	chrisken	-1.3261037e-05
632	optimax	-1.3261037e-05
632	bancfirst	-1.3261037e-05
632	compuson	-1.3261037e-05
632	armanino	-1.3261037e-05
632	convest	-1.3261037e-05
632	clajon	-1.3261037e-05
632	homefre	-1.3261037e-05
632	airfund	-1.3261037e-05
632	jetfleet	-1.3261037e-05
632	datrix	-1.3261037e-05
632	vicon	-1.3261037e-05
632	uniprop	-1.3261037e-05
632	shopco	-1.3261037e-05
632	amrecorp	-1.3261037e-05
632	fructos	-1.3261122e-05
632	balli	-1.327589e-05
632	op	-1.3286092e-05
632	cor	-1.3291526e-05
632	antar	-1.3337209e-05
632	kazan	-1.3345895e-05
632	eastman	-1.335073e-05
632	flagler	-1.3376876e-05
632	sti	-1.3376876e-05
632	3123	-1.338837e-05
632	batist	-1.341771e-05
632	westminist	-1.341771e-05
632	baromet	-1.3423853e-05
632	pif	-1.3425784e-05
632	nonresumpt	-1.3425784e-05
632	centel	-1.3459781e-05
632	nerco	-1.3459781e-05
632	futura	-1.3459781e-05
632	0494	-1.3465755e-05
632	4151	-1.3465755e-05
632	nyrup	-1.3470248e-05
632	elk	-1.34739485e-05
632	aea	-1.3480758e-05
632	chernyi	-1.3487143e-05
632	cea	-1.3491336e-05
632	hcfc	-1.3491336e-05
632	2575	-1.3492484e-05
632	weiben	-1.3492484e-05
632	yr	-1.3496192e-05
632	henlei	-1.3501542e-05
632	lipe	-1.3503166e-05
632	finnigan	-1.3503168e-05
632	clarissa	-1.3503168e-05
632	molli	-1.3505788e-05
632	farcic	-1.3512697e-05
632	neurolog	-1.3513054e-05
632	milligram	-1.3513054e-05
632	haphazard	-1.3530071e-05
632	betrai	-1.3530946e-05
632	6328	-1.3547442e-05
632	chujiao	-1.3547759e-05
632	blinsanduo	-1.3547759e-05
632	diaoyu	-1.3547759e-05
632	marivel	-1.3547759e-05
632	naikar	-1.3547759e-05
632	saluowa	-1.3547759e-05
632	changjinho	-1.3547759e-05
632	zhishu	-1.3547759e-05
632	tisibu	-1.3547759e-05
632	junzuo	-1.3547759e-05
632	liantuo	-1.3547759e-05
632	kamryong	-1.3547759e-05
632	hongcha	-1.3547759e-05
632	ximaxi	-1.3547759e-05
632	juwa	-1.3547759e-05
632	937th	-1.3547759e-05
632	mahuan	-1.3547759e-05
632	7iih	-1.3547759e-05
632	tokch	-1.3547759e-05
632	jianmani	-1.3547759e-05
632	exospher	-1.3547759e-05
632	zhenbao	-1.3547759e-05
632	danwan	-1.3547759e-05
632	diqux	-1.3547759e-05
632	bilog	-1.3547759e-05
632	jubux	-1.3547759e-05
632	liuda	-1.3547759e-05
632	i5uti	-1.3547759e-05
632	feixin	-1.3547759e-05
632	thitu	-1.3547759e-05
632	yefuliemofu	-1.3547759e-05
632	wenzi	-1.3547759e-05
632	lewster	-1.3547759e-05
632	7ii	-1.3547759e-05
632	yaoqian	-1.3547759e-05
632	xiazha	-1.3547759e-05
632	wopen	-1.3547759e-05
632	nangrimsan	-1.3547759e-05
632	neihbor	-1.3547759e-05
632	loaita	-1.3547759e-05
632	procuror	-1.3547759e-05
632	5ii	-1.3547759e-05
632	labudi	-1.3547759e-05
632	kuncheng	-1.3547759e-05
632	stalinetz	-1.3547759e-05
632	cincpac	-1.3547759e-05
632	954th	-1.3547759e-05
632	dachendao	-1.3547759e-05
632	capabililti	-1.3547759e-05
632	yukang	-1.3547759e-05
632	xingzai	-1.3547759e-05
632	tiantian	-1.3547759e-05
632	huoshao	-1.3547759e-05
632	yongwan	-1.3547759e-05
632	tordado	-1.3547759e-05
632	l04g	-1.3547759e-05
632	liemi	-1.3547759e-05
632	haidao	-1.3547759e-05
632	preveng	-1.3547759e-05
632	taifan	-1.3547759e-05
632	timespac	-1.3547759e-05
632	kwanmosan	-1.3547759e-05
632	chengshan	-1.3547759e-05
632	yongshu	-1.3547759e-05
632	safanqi	-1.3547759e-05
632	qure	-1.3547759e-05
632	xingdaobao	-1.3547759e-05
632	zhenbaodao	-1.3547759e-05
632	pengyu	-1.3547759e-05
632	bafulofusiji	-1.3547759e-05
632	xiachaou	-1.3547759e-05
632	beizi	-1.3547759e-05
632	eguipmi	-1.3547759e-05
632	hainandao	-1.3547759e-05
632	denq	-1.3547759e-05
632	bangshank	-1.3547759e-05
632	pivaiv	-1.3547759e-05
632	tailang	-1.3547759e-05
632	shenbuqi	-1.3547759e-05
632	luoyu	-1.3547759e-05
632	bianju	-1.3547759e-05
632	erbang	-1.3547759e-05
632	gelifeng	-1.3547759e-05
632	jpcar028	-1.3547759e-05
632	nanbao	-1.3547759e-05
632	kejielang	-1.3547759e-05
632	malodaki	-1.3547759e-05
632	kebok	-1.3547759e-05
632	battlework	-1.3547759e-05
632	luoyiqik	-1.3547759e-05
632	kelangji	-1.3547759e-05
632	zhenzhou	-1.3547759e-05
632	mincin	-1.3547759e-05
632	kimisa	-1.3547759e-05
632	8ii	-1.3547759e-05
632	es5g	-1.3547759e-05
632	macarth	-1.3547759e-05
632	balijiasi	-1.3547759e-05
632	farwest	-1.3547953e-05
632	0205	-1.3575714e-05
632	millicom	-1.3594232e-05
632	ucc	-1.3594232e-05
632	0626	-1.3604536e-05
632	5281	-1.3604536e-05
632	tasm	-1.3624177e-05
632	ungheni	-1.3624177e-05
632	kk	-1.3635356e-05
632	unipac	-1.3642107e-05
632	vader	-1.3642107e-05
632	kruger	-1.3658665e-05
632	frostbit	-1.366085e-05
632	hawaiian	-1.3660955e-05
632	virul	-1.3678423e-05
632	gustavu	-1.36916915e-05
632	cla	-1.36916915e-05
632	sunwest	-1.36916915e-05
632	woodbin	-1.36916915e-05
632	6007	-1.3694564e-05
632	0037	-1.3694564e-05
632	navistar	-1.3703151e-05
632	fetus	-1.3706287e-05
632	hazel	-1.3709595e-05
632	kuznetsov	-1.3734922e-05
632	burnham	-1.3741344e-05
632	pinei	-1.3743114e-05
632	harmonia	-1.3743114e-05
632	jilli	-1.3743114e-05
632	loophol	-1.3743237e-05
632	squirrel	-1.3747718e-05
632	3382	-1.3757799e-05
632	palomar	-1.3760009e-05
632	1008	-1.37866555e-05
632	yibo	-1.3790467e-05
632	leaman	-1.3796514e-05
632	vf	-1.3796514e-05
632	photochem	-1.3805836e-05
632	val	-1.3809191e-05
632	kerosen	-1.3813081e-05
632	1345	-1.3823799e-05
632	poros	-1.3823878e-05
632	isolation	-1.3847173e-05
632	homewood	-1.3852051e-05
632	1compani	-1.3852051e-05
632	parkview	-1.3852051e-05
632	voit	-1.3852051e-05
632	panda	-1.3857942e-05
632	holst	-1.3857942e-05
632	2417	-1.3858064e-05
632	8825	-1.3858064e-05
632	salaspil	-1.3862494e-05
632	supsov	-1.3862494e-05
632	scaledown	-1.3862494e-05
632	spallat	-1.3862494e-05
632	0278	-1.3893066e-05
632	dreas017	-1.3897644e-05
632	cairn	-1.39010435e-05
632	bowat	-1.3906279e-05
632	1810	-1.3908705e-05
632	lackawanna	-1.3909904e-05
632	longwood	-1.3909904e-05
632	adolphu	-1.3909904e-05
632	solari	-1.3909904e-05
632	fulton	-1.39273625e-05
632	4842	-1.3928921e-05
632	holist	-1.39393e-05
632	fc	-1.394868e-05
632	anthropolog	-1.395127e-05
632	2717	-1.3965673e-05
632	7183	-1.3965673e-05
632	grandview	-1.3970271e-05
632	strakhov	-1.39917165e-05
632	exchequ	-1.3994812e-05
632	antagonist	-1.3999604e-05
632	iec	-1.4030812e-05
632	ingushetia	-1.4031979e-05
632	smartcard	-1.4033384e-05
632	psn	-1.4033384e-05
632	wordstar	-1.4033384e-05
632	nicolet	-1.4033384e-05
632	3076	-1.4042054e-05
632	klerk	-1.4052883e-05
632	mayan	-1.4054374e-05
632	gland	-1.4062236e-05
632	r100	-1.4069336e-05
632	precautionari	-1.4075196e-05
632	ryder	-1.4076105e-05
632	darwin	-1.4085261e-05
632	granada	-1.4089388e-05
632	lear	-1.4093368e-05
632	entwistl	-1.4099503e-05
632	iria	-1.4099503e-05
632	dahlberg	-1.4099503e-05
632	melescanu	-1.4115047e-05
632	impenetr	-1.41242945e-05
632	stacei	-1.41461205e-05
632	oili	-1.41481205e-05
632	jncc	-1.41609535e-05
632	2579	-1.4164624e-05
632	norstar	-1.4168928e-05
632	mnc	-1.4168928e-05
632	trecker	-1.4168928e-05
632	klestil	-1.4178019e-05
632	tierra	-1.4178019e-05
632	oklahoma	-1.4178737e-05
632	scherer	-1.4179521e-05
632	0130	-1.4185118e-05
632	rad	-1.4200276e-05
632	1944	-1.4208437e-05
632	granul	-1.4221525e-05
632	encas	-1.4229865e-05
632	pulmonari	-1.4238244e-05
632	austin	-1.423903e-05
632	nettleton	-1.4242012e-05
632	miniscrib	-1.4242012e-05
632	1012	-1.4246662e-05
632	4376	-1.4252411e-05
632	gert	-1.4260251e-05
632	cabaret	-1.4262509e-05
632	pernici	-1.4298001e-05
632	6750	-1.4298001e-05
632	earl	-1.429824e-05
632	ryan	-1.4313134e-05
632	qual	-1.4319156e-05
632	6977	-1.4319156e-05
632	hazleton	-1.4319156e-05
632	celina	-1.4319156e-05
632	hemorrhag	-1.4333045e-05
632	2737	-1.43457755e-05
632	vulcan	-1.4350295e-05
632	agincourt	-1.440084e-05
632	vidmark	-1.440084e-05
632	ambrit	-1.440084e-05
632	crestwood	-1.440084e-05
632	bankcard	-1.440084e-05
632	90a	-1.440084e-05
632	smirnov	-1.4414447e-05
632	vestnik	-1.4423719e-05
632	patagonia	-1.4438039e-05
632	2823	-1.4445474e-05
632	shaoqi	-1.4445474e-05
632	snapper	-1.4451821e-05
632	unenforc	-1.4461285e-05
632	mcc	-1.44620635e-05
632	fulcrum	-1.44666765e-05
632	neurot	-1.4470801e-05
632	quadrilater	-1.4474671e-05
632	smokeless	-1.4475999e-05
632	alton	-1.4483216e-05
632	fuqua	-1.4487633e-05
632	eua	-1.4487633e-05
632	cullum	-1.4487633e-05
632	wwii	-1.4495311e-05
632	bnfl	-1.4495311e-05
632	monaco	-1.4518995e-05
632	birtcher	-1.4521444e-05
632	7236	-1.4552429e-05
632	6580	-1.4552429e-05
632	zorkin	-1.4554627e-05
632	disfigur	-1.4558732e-05
632	esheri	-1.4560547e-05
632	antinuk	-1.4560547e-05
632	boyl	-1.4578573e-05
632	2869	-1.4608975e-05
632	pridorozhnaya	-1.4627091e-05
632	lasal	-1.4630544e-05
632	minnow	-1.4640614e-05
632	24th	-1.4640647e-05
632	1504	-1.4645212e-05
632	sonic	-1.4654629e-05
632	narva	-1.4658458e-05
632	horsehead	-1.4679418e-05
632	endevco	-1.4679418e-05
632	aftereffect	-1.4680025e-05
632	combustor	-1.4680027e-05
632	vacation	-1.4693719e-05
632	1233	-1.4693719e-05
632	pheasant	-1.4693719e-05
632	deleteri	-1.4704425e-05
632	extracurricular	-1.4726339e-05
632	salmonella	-1.4782035e-05
632	mahan	-1.4784877e-05
632	oakridg	-1.478626e-05
632	inb	-1.478626e-05
632	trigat	-1.478626e-05
632	sawgrass	-1.478626e-05
632	westair	-1.478626e-05
632	commtron	-1.478626e-05
632	sbt	-1.478626e-05
632	awn	-1.4793381e-05
632	cta	-1.4809487e-05
632	trichloroethylen	-1.48156705e-05
632	stort	-1.48156705e-05
632	trichloroethan	-1.48156705e-05
632	watson	-1.482099e-05
632	seawai	-1.4828205e-05
632	dwyer	-1.4832277e-05
632	kerala	-1.4839396e-05
632	tenaci	-1.4841755e-05
632	3099	-1.4859793e-05
632	6851	-1.4859793e-05
632	puget	-1.4884036e-05
632	1622	-1.48867775e-05
632	1608	-1.48867775e-05
632	nco	-1.4901248e-05
632	aln	-1.4902014e-05
632	manischewitz	-1.4902014e-05
632	mediagen	-1.4902014e-05
632	gsu	-1.4902014e-05
632	compl	-1.4902014e-05
632	gemco	-1.4902014e-05
632	fuego	-1.4912675e-05
632	jefferson	-1.4925124e-05
632	3227	-1.4929806e-05
632	5013	-1.4929806e-05
632	1417	-1.493533e-05
632	1418	-1.4947674e-05
632	largo	-1.4947674e-05
632	1496	-1.4976874e-05
632	expres	-1.4977045e-05
632	tigri	-1.4989337e-05
632	gasparov	-1.4989337e-05
632	tangier	-1.4989337e-05
632	anheus	-1.4991961e-05
632	tachomet	-1.5003319e-05
632	stoneridg	-1.5028304e-05
632	aif	-1.5028304e-05
632	boatbuild	-1.5028304e-05
632	planetari	-1.5049534e-05
632	paleokrassa	-1.5069712e-05
632	revalu	-1.5078082e-05
632	baorui	-1.5080706e-05
632	1836	-1.50892465e-05
632	1933	-1.50965425e-05
632	hino	-1.509739e-05
632	zeta	-1.509739e-05
632	kishi	-1.5104664e-05
632	prologu	-1.5116196e-05
632	smokestack	-1.51162085e-05
632	eskom	-1.5125539e-05
632	antigen	-1.512984e-05
632	1846	-1.512984e-05
632	fungi	-1.5143575e-05
632	underman	-1.51541735e-05
632	inhomogen	-1.5162393e-05
632	27oct	-1.5167201e-05
632	komosmolet	-1.5167201e-05
632	kintek	-1.5167201e-05
632	vievi	-1.5167201e-05
632	sep93	-1.5167201e-05
632	checheni	-1.5167201e-05
632	biomash	-1.5167201e-05
632	pelindaba	-1.5167201e-05
632	19jul	-1.5167201e-05
632	ictp	-1.5167201e-05
632	kimand	-1.5167201e-05
632	26aug	-1.5167201e-05
632	lrag	-1.5167201e-05
632	berthelsman	-1.5167201e-05
632	biotoxin	-1.5167201e-05
632	tziyona	-1.5167201e-05
632	asefi	-1.5167201e-05
632	silvercrest	-1.5167244e-05
632	lfc	-1.5167244e-05
632	xli	-1.5167244e-05
632	quantel	-1.5167244e-05
632	lcb	-1.5167244e-05
632	rst	-1.5167244e-05
632	clr	-1.5167244e-05
632	lambert	-1.5169278e-05
632	antler	-1.51713575e-05
632	wfp	-1.518331e-05
632	1426	-1.5199571e-05
632	andersen	-1.5203909e-05
632	yarrow	-1.5213841e-05
632	unsupervis	-1.5228224e-05
632	oguret	-1.5236517e-05
632	kuskovo	-1.5236517e-05
632	rubezh	-1.5236517e-05
632	opasnost	-1.5236517e-05
632	deepford	-1.5236517e-05
632	trevoga	-1.5236517e-05
632	7346	-1.5248887e-05
632	keyboard	-1.5255312e-05
632	agri	-1.5270365e-05
632	toad	-1.5272066e-05
632	unwel	-1.5273918e-05
632	hs	-1.5291895e-05
632	dreyfu	-1.5291895e-05
632	kovalev	-1.530189e-05
632	halstead	-1.5302749e-05
632	softwood	-1.5316986e-05
632	vaz	-1.5316986e-05
632	microb	-1.5316988e-05
632	multibank	-1.5321652e-05
632	otra	-1.5321652e-05
632	1former	-1.5321652e-05
632	bolar	-1.5321652e-05
632	bome	-1.5321652e-05
632	decom	-1.5321652e-05
632	dpd	-1.5321652e-05
632	costar	-1.5321652e-05
632	gitano	-1.5321652e-05
632	acadiana	-1.5321652e-05
632	schield	-1.5321652e-05
632	palmetto	-1.5323794e-05
632	0827	-1.5326126e-05
632	sorbent	-1.5337191e-05
632	keme	-1.5340793e-05
632	vanderbilt	-1.5357975e-05
632	minnesota	-1.5362359e-05
632	opt	-1.5368205e-05
632	rivn	-1.5369755e-05
632	almanac	-1.5378653e-05
632	1869	-1.5383774e-05
632	whitehal	-1.5386377e-05
632	steiner	-1.5403333e-05
632	calico	-1.5410285e-05
632	28th	-1.5413752e-05
632	paramed	-1.542192e-05
632	okinawan	-1.5436863e-05
632	asko	-1.5442472e-05
632	oft	-1.5443837e-05
632	tolstoi	-1.5458783e-05
632	centurion	-1.546159e-05
632	bingqian	-1.5471463e-05
632	gentleman	-1.5471596e-05
632	499	-1.5480922e-05
632	bonnevil	-1.5485399e-05
632	1661	-1.5492342e-05
632	mult	-1.5495407e-05
632	weststar	-1.5495407e-05
632	jillion	-1.5495407e-05
632	anghel	-1.5495407e-05
632	shur	-1.5495407e-05
632	opinon	-1.5495407e-05
632	westmark	-1.5495407e-05
632	bober	-1.5495407e-05
632	k7	-1.5495407e-05
632	dlya	-1.5500947e-05
632	matsuda	-1.55068e-05
632	fibrou	-1.5508605e-05
632	pbr	-1.5509768e-05
632	harcourt	-1.5521679e-05
632	lysenko	-1.5525518e-05
632	yellowfin	-1.5525518e-05
632	5210	-1.5525518e-05
632	oscilloscop	-1.5543872e-05
632	hengshan	-1.5543872e-05
632	vasilyev	-1.5559825e-05
632	anaerob	-1.557981e-05
632	ptarmigan	-1.561252e-05
632	switchov	-1.5617556e-05
632	carter	-1.5621396e-05
632	sapl	-1.5648515e-05
632	recommit	-1.5656178e-05
632	radiochemistri	-1.5657004e-05
632	25mm	-1.5657004e-05
632	canneri	-1.5685233e-05
632	etn	-1.5694066e-05
632	diason	-1.5694066e-05
632	homestyl	-1.5694066e-05
632	salvor	-1.5694066e-05
632	brajda	-1.5694066e-05
632	appletre	-1.5694066e-05
632	tecogen	-1.5694066e-05
632	unicorp	-1.5694066e-05
632	lmd	-1.5694066e-05
632	associat	-1.5694066e-05
632	haben	-1.5694066e-05
632	wespercorp	-1.5694066e-05
632	nath	-1.5695721e-05
632	gerasimov	-1.5703872e-05
632	nationsbank	-1.5714188e-05
632	koger	-1.5721174e-05
632	raccoon	-1.5722704e-05
632	tampa	-1.573724e-05
632	dentist	-1.5758187e-05
632	haddock	-1.5760961e-05
632	bronchiti	-1.5760961e-05
632	antonov	-1.5760961e-05
632	unrecord	-1.5760961e-05
632	hershei	-1.5768977e-05
632	seawal	-1.5777749e-05
632	3837	-1.5779575e-05
632	furan	-1.5780392e-05
632	gallei	-1.5796972e-05
632	sym	-1.5798585e-05
632	rifkind	-1.5815709e-05
632	ihi	-1.5820335e-05
632	phebu	-1.5820335e-05
632	recommiss	-1.5820335e-05
632	centrist	-1.5824358e-05
632	amb	-1.5825384e-05
632	koll	-1.5825386e-05
632	sidebar	-1.5853358e-05
632	puech	-1.586404e-05
632	nia	-1.586404e-05
632	aldermaston	-1.586404e-05
632	beersheba	-1.586404e-05
632	gudauta	-1.5880785e-05
632	1690	-1.5901544e-05
632	thuringian	-1.5908929e-05
632	7844	-1.5913303e-05
632	balkaria	-1.592254e-05
632	1263	-1.592254e-05
632	0003	-1.592254e-05
632	temco	-1.5925978e-05
632	leeco	-1.5925978e-05
632	gta	-1.5925978e-05
632	intech	-1.5925978e-05
632	utilitech	-1.5925978e-05
632	antaeu	-1.5925978e-05
632	micropros	-1.5925978e-05
632	wundi	-1.5925978e-05
632	heekin	-1.5925978e-05
632	comcast	-1.5928294e-05
632	halid	-1.5955062e-05
632	0416	-1.5958061e-05
632	coot	-1.5965272e-05
632	ruf	-1.5965272e-05
632	dysenteri	-1.5965272e-05
632	cation	-1.5987018e-05
632	tuscan	-1.6005344e-05
632	isthmu	-1.6009026e-05
632	ostanin	-1.6009026e-05
632	sutrisno	-1.6022714e-05
632	1483	-1.6031303e-05
632	1398	-1.6031303e-05
632	capri	-1.6031303e-05
632	fai	-1.60486e-05
632	vertex	-1.6057169e-05
632	minelay	-1.6060425e-05
632	margolin	-1.6076689e-05
632	rbmk	-1.607669e-05
632	nagymaro	-1.610169e-05
632	bioremedi	-1.610169e-05
632	bangor	-1.615239e-05
632	hazmat	-1.6153594e-05
632	saarc	-1.6153594e-05
632	2350	-1.6155076e-05
632	transamerica	-1.6176056e-05
632	carolco	-1.6186663e-05
632	sdi	-1.6186663e-05
632	gazel	-1.6195347e-05
632	muskrat	-1.6195347e-05
632	truvel	-1.6204556e-05
632	equimark	-1.6204556e-05
632	markitstar	-1.6204556e-05
632	phm	-1.6204556e-05
632	designcraft	-1.6204556e-05
632	amerimark	-1.6204556e-05
632	bankeast	-1.6204556e-05
632	atek	-1.6204556e-05
632	phote	-1.6204556e-05
632	ftb	-1.6204556e-05
632	sunstar	-1.6204556e-05
632	fillauer	-1.6204556e-05
632	mischer	-1.6204556e-05
632	rcl	-1.6204556e-05
632	constar	-1.6204556e-05
632	dacotah	-1.6204556e-05
632	codercard	-1.6204556e-05
632	ruhani	-1.620717e-05
632	crayfish	-1.622003e-05
632	yiqe	-1.6223925e-05
632	qingyun	-1.6223925e-05
632	guoyu	-1.6223925e-05
632	nashvil	-1.623727e-05
632	argon	-1.6245613e-05
632	usair	-1.6255852e-05
632	libert	-1.625711e-05
632	pharmac	-1.6257178e-05
632	pontoon	-1.6270425e-05
632	1766	-1.6270425e-05
632	fog	-1.628535e-05
632	facelift	-1.629333e-05
632	vorobyev	-1.6296153e-05
632	ponomarev	-1.6296153e-05
632	sidorov	-1.6296153e-05
632	desicc	-1.6296153e-05
632	darjeel	-1.6319804e-05
632	graver	-1.6322248e-05
632	literaturnaya	-1.632225e-05
632	astro	-1.632971e-05
632	sd	-1.6334261e-05
632	astoria	-1.6367903e-05
632	0236	-1.6372165e-05
632	clime	-1.6375587e-05
632	brant	-1.6375587e-05
632	belen	-1.6379125e-05
632	humnitarian	-1.6386652e-05
632	barrett	-1.6397955e-05
632	kern	-1.6420707e-05
632	urdu	-1.6422957e-05
632	jorgensen	-1.6425805e-05
632	humpback	-1.643053e-05
632	abba	-1.6439315e-05
632	naylor	-1.6445503e-05
632	burdensom	-1.6473949e-05
632	timberlin	-1.6486918e-05
632	leninsk	-1.6487176e-05
632	atucha	-1.650452e-05
632	podkrepa	-1.650452e-05
632	22nd	-1.651037e-05
632	bosom	-1.6525522e-05
632	eaton	-1.6540498e-05
632	escherichia	-1.6545633e-05
632	2053	-1.6545633e-05
632	mollusk	-1.6545633e-05
632	teheran	-1.6545633e-05
632	821	-1.6549253e-05
632	tensor	-1.6553442e-05
632	skylink	-1.6553442e-05
632	delm	-1.6553442e-05
632	telespher	-1.6553442e-05
632	transam	-1.6553442e-05
632	anac	-1.6553442e-05
632	urcarco	-1.6553442e-05
632	rollwai	-1.6553442e-05
632	ansonia	-1.6553442e-05
632	telecharg	-1.6553442e-05
632	aquanaut	-1.6553442e-05
632	amnet	-1.6553442e-05
632	wepco	-1.6553442e-05
632	angio	-1.6553442e-05
632	zg	-1.6553442e-05
632	biodyn	-1.6553442e-05
632	oia	-1.6553442e-05
632	transglob	-1.6553442e-05
632	summcorp	-1.6553442e-05
632	dwg	-1.6553442e-05
632	adtec	-1.6553442e-05
632	dento	-1.6553442e-05
632	hinderlit	-1.6553442e-05
632	eurocapit	-1.6553442e-05
632	datatronix	-1.6553442e-05
632	viatech	-1.6553442e-05
632	lpl	-1.6553442e-05
632	inforum	-1.6553442e-05
632	mip	-1.6568156e-05
632	mogilev	-1.6570957e-05
632	sibiu	-1.6570959e-05
632	endocrin	-1.657558e-05
632	idli	-1.658899e-05
632	aristotl	-1.6589385e-05
632	dep	-1.658961e-05
632	vodi	-1.6606025e-05
632	gorkii	-1.6606025e-05
632	lapin	-1.6606025e-05
632	wax	-1.6631033e-05
632	goskomimushchestvo	-1.6636986e-05
632	sekisui	-1.6640164e-05
632	hf	-1.6645541e-05
632	pittsburgh	-1.6652562e-05
632	konstantin	-1.6659416e-05
632	overgraz	-1.666848e-05
632	4130	-1.666848e-05
632	appalachian	-1.6673512e-05
632	acuiti	-1.6676742e-05
632	caption	-1.668705e-05
632	2706	-1.6693913e-05
632	haldan	-1.6699223e-05
632	barnacl	-1.670053e-05
632	asthmat	-1.670053e-05
632	tannin	-1.670053e-05
632	0146	-1.6730648e-05
632	arthropod	-1.673315e-05
632	ornitholog	-1.673315e-05
632	dipper	-1.673315e-05
632	7025	-1.673315e-05
632	boettcher	-1.6756801e-05
632	yar	-1.6766362e-05
632	zavod	-1.6766362e-05
632	wendt	-1.676829e-05
632	invalid	-1.6780425e-05
632	coverup	-1.6787882e-05
632	shelterbelt	-1.6787882e-05
632	sevan	-1.6787882e-05
632	dnepropetrovsk	-1.6793525e-05
632	xxv	-1.6815762e-05
632	xviii	-1.6825781e-05
632	baicheng	-1.686384e-05
632	yusheng	-1.686384e-05
632	rk	-1.6864444e-05
632	conrail	-1.6864444e-05
632	ibg	-1.6866978e-05
632	moskva	-1.6869786e-05
632	veterinarian	-1.6879507e-05
632	2130	-1.6895869e-05
632	mahatir	-1.6910019e-05
632	unico	-1.6911723e-05
632	4a	-1.6935997e-05
632	candida	-1.694214e-05
632	treeless	-1.6942142e-05
632	tiet	-1.6950033e-05
632	priroda	-1.6950033e-05
632	tromso	-1.6950033e-05
632	khaskovo	-1.6950033e-05
632	spruce	-1.6950806e-05
632	nabisco	-1.6965778e-05
632	746	-1.6971277e-05
632	korsakov	-1.697942e-05
632	gorno	-1.7017477e-05
632	ferrara	-1.7018405e-05
632	clothier	-1.7018405e-05
632	curaflex	-1.7020546e-05
632	institur	-1.7020546e-05
632	midamerican	-1.7020546e-05
632	pansoph	-1.7020546e-05
632	envirofil	-1.7020546e-05
632	xsiriu	-1.7020546e-05
632	jrm	-1.7020546e-05
632	velobind	-1.7020546e-05
632	almac	-1.7020546e-05
632	edgemark	-1.7020546e-05
632	chronar	-1.7020546e-05
632	lepercq	-1.7020546e-05
632	agritech	-1.7020546e-05
632	dril	-1.7020546e-05
632	checkrobot	-1.7020546e-05
632	marcad	-1.7020546e-05
632	royalpar	-1.7020546e-05
632	dcb	-1.7020546e-05
632	investex	-1.7020546e-05
632	intrex	-1.7020546e-05
632	bankatlant	-1.7020546e-05
632	accuson	-1.7020546e-05
632	enclean	-1.7020546e-05
632	micros	-1.7020546e-05
632	nucorp	-1.7020546e-05
632	environet	-1.7020546e-05
632	fedfirst	-1.7020546e-05
632	elexi	-1.7020546e-05
632	crownamerica	-1.7020546e-05
632	interhom	-1.7020546e-05
632	adcom	-1.7020546e-05
632	rotorex	-1.7020546e-05
632	windfield	-1.7020546e-05
632	ccnb	-1.7020546e-05
632	brasel	-1.7020546e-05
632	forestland	-1.703746e-05
632	hironaka	-1.703746e-05
632	basri	-1.703746e-05
632	grom	-1.7039894e-05
632	uninsur	-1.7048551e-05
632	radiologist	-1.7056345e-05
632	friedrich	-1.7066748e-05
632	deceiv	-1.7083035e-05
632	chaparr	-1.7094473e-05
632	tarasov	-1.7096056e-05
632	porcelain	-1.7097393e-05
632	gunner	-1.710596e-05
632	1131	-1.7111903e-05
632	siauliai	-1.7129745e-05
632	thermi	-1.7129745e-05
632	caesium	-1.7129745e-05
632	1687	-1.713665e-05
632	wort	-1.713665e-05
632	fascia	-1.713665e-05
632	spectrometri	-1.713665e-05
632	violet	-1.7140972e-05
632	lvov	-1.7153572e-05
632	xueyan	-1.7158822e-05
632	peilin	-1.7158822e-05
632	survey	-1.7158822e-05
632	baosheng	-1.7158822e-05
632	wenguang	-1.7158822e-05
632	honggui	-1.7158822e-05
632	huansheng	-1.7158822e-05
632	239th	-1.7158822e-05
632	davo	-1.7172597e-05
632	kl	-1.7178168e-05
632	milo	-1.7178974e-05
632	eni	-1.7178974e-05
632	xxii	-1.7201808e-05
632	erot	-1.7204651e-05
632	cadiz	-1.7215265e-05
632	showboat	-1.7215265e-05
632	comsat	-1.7215265e-05
632	poryadka	-1.7225997e-05
632	irbid	-1.7227467e-05
632	acidif	-1.7227467e-05
632	augustin	-1.7263466e-05
632	nonwork	-1.7264145e-05
632	victimis	-1.7280367e-05
632	denghui	-1.7298244e-05
632	qi	-1.730316e-05
632	xvii	-1.7305752e-05
632	jutland	-1.7306264e-05
632	mineralnyy	-1.7308701e-05
632	gloss	-1.7313643e-05
632	acost	-1.7331293e-05
632	remic	-1.7337588e-05
632	meti	-1.7337958e-05
632	ventura	-1.7391358e-05
632	transuran	-1.7401211e-05
632	tikhonov	-1.7401211e-05
632	machinebuild	-1.7401211e-05
632	rjr	-1.7402705e-05
632	collud	-1.7411108e-05
632	wmx	-1.7434759e-05
632	yacyreta	-1.7442051e-05
632	miskito	-1.7442051e-05
632	usmc	-1.7442051e-05
632	untradit	-1.7449283e-05
632	ermin	-1.7449283e-05
632	zale	-1.7468281e-05
632	almaz	-1.7498656e-05
632	acetaldehyd	-1.7498656e-05
632	yeqin	-1.7528253e-05
632	zhengyi	-1.7528253e-05
632	zhengzhi	-1.7528253e-05
632	yuanwang	-1.7528253e-05
632	tristar	-1.753714e-05
632	cabana	-1.753714e-05
632	mesh	-1.7543221e-05
632	yakut	-1.75494e-05
632	moiseyev	-1.75494e-05
632	tuvalu	-1.7560724e-05
632	wismut	-1.7560724e-05
632	sura	-1.7560724e-05
632	marek	-1.7574159e-05
632	callawai	-1.7608576e-05
632	idf	-1.7617967e-05
632	rsi	-1.764532e-05
632	piri	-1.764532e-05
632	2563	-1.7655326e-05
632	1672	-1.7655326e-05
632	discretionari	-1.7671622e-05
632	oster	-1.7682783e-05
632	zing	-1.7682783e-05
632	jaec	-1.7688533e-05
632	negritoiu	-1.7688533e-05
632	keller	-1.7696011e-05
632	1302	-1.7698083e-05
632	anza	-1.769846e-05
632	npp	-1.771068e-05
632	muratov	-1.7710681e-05
632	valerian	-1.7710681e-05
632	bibirevo	-1.7711245e-05
632	boyevykh	-1.7711245e-05
632	nextel	-1.7720997e-05
632	healthvest	-1.7729695e-05
632	banctenn	-1.7729695e-05
632	franchiseit	-1.7729695e-05
632	texscan	-1.7729695e-05
632	rzw	-1.7729695e-05
632	cblx	-1.7729695e-05
632	zinet	-1.7729695e-05
632	ceetac	-1.7729695e-05
632	adlex	-1.7729695e-05
632	littelfus	-1.7729695e-05
632	addsco	-1.7729695e-05
632	faradyn	-1.7729695e-05
632	quarex	-1.7729695e-05
632	norcap	-1.7729695e-05
632	uniphi	-1.7729695e-05
632	powerec	-1.7729695e-05
632	wcn	-1.7729695e-05
632	nortank	-1.7729695e-05
632	dataphaz	-1.7729695e-05
632	morgro	-1.7729695e-05
632	diversco	-1.7729695e-05
632	lasermetr	-1.7729695e-05
632	rapholz	-1.7729695e-05
632	econtech	-1.7729695e-05
632	cogenron	-1.7729695e-05
632	millfeld	-1.7729695e-05
632	suffield	-1.7729695e-05
632	helathcorp	-1.7729695e-05
632	entron	-1.7729695e-05
632	finevest	-1.7729695e-05
632	westf	-1.7729695e-05
632	marcor	-1.7729695e-05
632	teleconcept	-1.7729695e-05
632	pharmmaceut	-1.7729695e-05
632	watham	-1.7729695e-05
632	endotron	-1.7729695e-05
632	intramerican	-1.7729695e-05
632	dcusa	-1.7729695e-05
632	zel	-1.7729695e-05
632	vivigen	-1.7729695e-05
632	exess	-1.7729695e-05
632	idealeas	-1.7729695e-05
632	topox	-1.7729695e-05
632	certi	-1.7729695e-05
632	galvest	-1.7729695e-05
632	kentana	-1.7729695e-05
632	stimutech	-1.7729695e-05
632	cybermed	-1.7729695e-05
632	vystar	-1.7729695e-05
632	sprectrasci	-1.7729695e-05
632	aortech	-1.7729695e-05
632	technicraft	-1.7729695e-05
632	flexweight	-1.7729695e-05
632	jennica	-1.7729695e-05
632	vocaltech	-1.7729695e-05
632	lifesur	-1.7729695e-05
632	resurgen	-1.7729695e-05
632	linpro	-1.7729695e-05
632	exhibitronix	-1.7729695e-05
632	calmar	-1.7729695e-05
632	planvest	-1.7729695e-05
632	benaplex	-1.7729695e-05
632	ultratech	-1.7729695e-05
632	gulfbank	-1.7729695e-05
632	fonahom	-1.7729695e-05
632	crca	-1.7729695e-05
632	diversicar	-1.7729695e-05
632	vicom	-1.7729695e-05
632	topsearch	-1.7729695e-05
632	phlcorp	-1.7729695e-05
632	merician	-1.7729695e-05
632	himed	-1.7729695e-05
632	berklin	-1.7729695e-05
632	ahsc	-1.7729695e-05
632	atnn	-1.7729695e-05
632	technodyn	-1.7729695e-05
632	andraplex	-1.7729695e-05
632	worlco	-1.7729695e-05
632	dynaminc	-1.7729695e-05
632	drivefon	-1.7729695e-05
632	allico	-1.7729695e-05
632	cetner	-1.7729695e-05
632	goldtex	-1.7729695e-05
632	symmar	-1.7729695e-05
632	fortunist	-1.7729695e-05
632	polymus	-1.7729695e-05
632	merrico	-1.7729695e-05
632	missim	-1.7729695e-05
632	synei	-1.7729695e-05
632	duraplex	-1.7729695e-05
632	imnet	-1.7729695e-05
632	gendex	-1.7729695e-05
632	voltron	-1.7729695e-05
632	systonet	-1.7729695e-05
632	normar	-1.7729695e-05
632	fotg	-1.7729695e-05
632	dcny	-1.7729695e-05
632	moleculon	-1.7729695e-05
632	medson	-1.7729695e-05
632	mym	-1.7729695e-05
632	pharmatec	-1.7729695e-05
632	robern	-1.7729695e-05
632	sunwalk	-1.7729695e-05
632	bulid	-1.7729695e-05
632	metrocorp	-1.7729695e-05
632	citin	-1.7729695e-05
632	ameriscrib	-1.7729695e-05
632	rospatch	-1.7729695e-05
632	dfsoutheastern	-1.7729695e-05
632	quantu	-1.7729695e-05
632	voplex	-1.7729695e-05
632	airshield	-1.7729695e-05
632	conwood	-1.7729695e-05
632	fincorp	-1.7729695e-05
632	auntel	-1.7729695e-05
632	soulut	-1.7729695e-05
632	shawsvil	-1.7729695e-05
632	steego	-1.7729695e-05
632	petrovest	-1.7729695e-05
632	tecon	-1.7729695e-05
632	pharmacontrol	-1.7729695e-05
632	primefax	-1.7729695e-05
632	sperzel	-1.7729695e-05
632	ugtc	-1.7729695e-05
632	coalmont	-1.7729695e-05
632	wicat	-1.7729695e-05
632	solitec	-1.7729695e-05
632	sportsfest	-1.7729695e-05
632	automatix	-1.7729695e-05
632	cardnial	-1.7729695e-05
632	votrax	-1.7729695e-05
632	ponic	-1.7729695e-05
632	digimetr	-1.7729695e-05
632	jericap	-1.7729695e-05
632	receptech	-1.7729695e-05
632	wetjet	-1.7729695e-05
632	hipotron	-1.7729695e-05
632	fleed	-1.7729695e-05
632	moniterm	-1.7729695e-05
632	otter	-1.774644e-05
632	spratlei	-1.7755936e-05
632	zeu	-1.7759992e-05
632	sorption	-1.7767772e-05
632	wader	-1.7767772e-05
632	boggi	-1.7767772e-05
632	kyzyl	-1.7767772e-05
632	pintail	-1.7767772e-05
632	sari	-1.7767958e-05
632	a9	-1.7817183e-05
632	6849	-1.781855e-05
632	nauka	-1.7826698e-05
632	kirovskii	-1.78267e-05
632	yamalo	-1.78267e-05
632	nizhnevartovsk	-1.7827007e-05
632	wannse	-1.7827007e-05
632	glide	-1.7866882e-05
632	equinox	-1.788199e-05
632	gf	-1.788199e-05
632	wasatch	-1.788199e-05
632	nonrecognit	-1.7887596e-05
632	uralmash	-1.7887596e-05
632	akiba	-1.7887596e-05
632	saransk	-1.7887596e-05
632	engel	-1.7904571e-05
632	serov	-1.795059e-05
632	dmitriyev	-1.795059e-05
632	2192	-1.795059e-05
632	3062	-1.795059e-05
632	malvi	-1.796788e-05
632	anr	-1.797074e-05
632	melissa	-1.7975304e-05
632	calha	-1.7978089e-05
632	bothnia	-1.7978089e-05
632	zaporozh	-1.7978089e-05
632	2598	-1.8015839e-05
632	dibenzofuran	-1.8015839e-05
632	xibin	-1.8022865e-05
632	712th	-1.8022865e-05
632	tongli	-1.8022865e-05
632	720th	-1.8022865e-05
632	gefei	-1.8022865e-05
632	yumen	-1.8022865e-05
632	1006	-1.8030492e-05
632	antonin	-1.8048866e-05
632	mosaic	-1.8058101e-05
632	gabl	-1.8081912e-05
632	kirovograd	-1.8083498e-05
632	kunashir	-1.8083498e-05
632	shelton	-1.8090219e-05
632	xxvii	-1.810441e-05
632	hydron	-1.810441e-05
632	gdansk	-1.813336e-05
632	kiruna	-1.8144297e-05
632	parnu	-1.8144297e-05
632	criepi	-1.8144297e-05
632	guanabara	-1.8144297e-05
632	sarovar	-1.8144297e-05
632	zagorsk	-1.8144297e-05
632	goiania	-1.8144297e-05
632	duha	-1.8144297e-05
632	euroregion	-1.8144297e-05
632	michalek	-1.8144297e-05
632	teletext	-1.8152556e-05
632	piotr	-1.8171908e-05
632	23rd	-1.81751e-05
632	62nd	-1.820608e-05
632	kayikto	-1.821028e-05
632	tomino	-1.821102e-05
632	primerakh	-1.821102e-05
632	4101	-1.8211762e-05
632	hadron	-1.8213446e-05
632	fragranc	-1.8220544e-05
632	aa	-1.822193e-05
632	surgut	-1.822684e-05
632	phosgen	-1.822684e-05
632	adder	-1.822684e-05
632	sunglass	-1.8228338e-05
632	tadeusz	-1.8230927e-05
632	cigar	-1.8231074e-05
632	avalon	-1.8245655e-05
632	pseudo	-1.8296101e-05
632	radioecolog	-1.8302964e-05
632	urengoi	-1.8302964e-05
632	tron	-1.8303099e-05
632	phh	-1.8303099e-05
632	awak	-1.8305127e-05
632	pressler	-1.8314728e-05
632	1125	-1.8322313e-05
632	kosugi	-1.8329014e-05
632	pokhran	-1.8329014e-05
632	hamadan	-1.8329014e-05
632	morsleben	-1.8329014e-05
632	microsatellit	-1.8329014e-05
632	daugava	-1.8329014e-05
632	desulphur	-1.8329014e-05
632	kunda	-1.8329014e-05
632	bosevski	-1.8329014e-05
632	nordstrom	-1.834066e-05
632	lk	-1.8382396e-05
632	dibenzo	-1.8382398e-05
632	poker	-1.841033e-05
632	harde	-1.8410768e-05
632	junip	-1.8455954e-05
632	7871	-1.8465393e-05
632	organo	-1.8465442e-05
632	miu	-1.8465442e-05
632	phylloxera	-1.8465442e-05
632	ferrugin	-1.8465442e-05
632	2186	-1.8465442e-05
632	seali	-1.8466968e-05
632	1306	-1.8471885e-05
632	figurehead	-1.8480278e-05
632	fluent	-1.8491039e-05
632	niagara	-1.8495213e-05
632	mueller	-1.8504617e-05
632	eq	-1.8513947e-05
632	telecomm	-1.8524874e-05
632	1212	-1.8527679e-05
632	kalmykian	-1.8536875e-05
632	kirovsk	-1.8536875e-05
632	temirtau	-1.8536875e-05
632	zaporozhskaya	-1.8536875e-05
632	thermion	-1.8536875e-05
632	ringhal	-1.8536875e-05
632	monaga	-1.8536875e-05
632	lyuben	-1.8538998e-05
632	changer	-1.855037e-05
632	abakan	-1.8552442e-05
632	viktoriya	-1.8552442e-05
632	trophic	-1.8552442e-05
632	zemli	-1.8552442e-05
632	kolo	-1.8552442e-05
632	vyborg	-1.8552442e-05
632	wpi	-1.8584586e-05
632	1124	-1.8584818e-05
632	preset	-1.8586552e-05
632	uneth	-1.8603449e-05
632	renal	-1.8609315e-05
632	alba	-1.8619783e-05
632	vacaroiu	-1.8631552e-05
632	regrowth	-1.8643796e-05
632	9723	-1.8643796e-05
632	fortieth	-1.8643796e-05
632	2532	-1.8643796e-05
632	marmot	-1.8643796e-05
632	khimprom	-1.8643796e-05
632	rooter	-1.8646226e-05
632	camco	-1.8646226e-05
632	magnanim	-1.8647454e-05
632	wilton	-1.8655268e-05
632	hagu	-1.865867e-05
632	mcdermott	-1.8660285e-05
632	kumatani	-1.8688943e-05
632	stamford	-1.8700814e-05
632	1818	-1.8703424e-05
632	storer	-1.8709918e-05
632	1106	-1.8715618e-05
632	0905	-1.8727875e-05
632	severnyi	-1.873996e-05
632	3066	-1.873996e-05
632	rybinsk	-1.873996e-05
632	yefremov	-1.873996e-05
632	triton	-1.8762903e-05
632	innumer	-1.8766174e-05
632	zhengkai	-1.8773773e-05
632	shipei	-1.8773773e-05
632	dapu	-1.8773773e-05
632	8357th	-1.8773773e-05
632	wyd	-1.8773773e-05
632	shaoshi	-1.8773773e-05
632	zongxun	-1.8773773e-05
632	zhenchao	-1.8773773e-05
632	724th	-1.8773773e-05
632	huiqu	-1.8773773e-05
632	ruzhi	-1.8773773e-05
632	anliang	-1.8773773e-05
632	lefu	-1.8773773e-05
632	shangbin	-1.8773773e-05
632	fangd	-1.8773773e-05
632	thenuclear	-1.8773773e-05
632	719th	-1.8773773e-05
632	shanmuchong	-1.8773773e-05
632	shihe	-1.8773773e-05
632	defenseindustri	-1.8773773e-05
632	qiushun	-1.8773773e-05
632	bozhen	-1.8773773e-05
632	sjx	-1.8773773e-05
632	jiuchuan	-1.8773773e-05
632	zhengmu	-1.8773773e-05
632	ganlin	-1.8773773e-05
632	713rd	-1.8773773e-05
632	tiand	-1.8773773e-05
632	yunti	-1.8773773e-05
632	718th	-1.8773773e-05
632	zuocheng	-1.8773773e-05
632	yix	-1.8774528e-05
632	rakver	-1.8774528e-05
632	ecoglasnost	-1.8774528e-05
632	tabai	-1.8774528e-05
632	ramtha	-1.8774528e-05
632	ecotax	-1.8774528e-05
632	sofofa	-1.8774528e-05
632	bettini	-1.8774528e-05
632	eyecar	-1.877581e-05
632	paco	-1.877581e-05
632	hadson	-1.877581e-05
632	sunamerica	-1.877581e-05
632	ldd	-1.877581e-05
632	poipet	-1.8778204e-05
632	xinsheng	-1.8783852e-05
632	reflector	-1.8786777e-05
632	greyhound	-1.8794555e-05
632	liaowang	-1.8811701e-05
632	willingli	-1.8813978e-05
632	jano	-1.8828288e-05
632	loma	-1.8834407e-05
632	ivanovskii	-1.8841467e-05
632	belkin	-1.8841467e-05
632	ethnolog	-1.8841467e-05
632	vasilenko	-1.8841467e-05
632	8840	-1.8841467e-05
632	mordvinia	-1.8841467e-05
632	inta	-1.8841467e-05
632	spheric	-1.8850991e-05
632	1109	-1.885407e-05
632	stein	-1.886565e-05
632	wolf	-1.889751e-05
632	repetit	-1.891247e-05
632	brandywin	-1.8914827e-05
632	intermark	-1.8914827e-05
632	eject	-1.8926625e-05
632	arbit	-1.8934463e-05
632	mendeleyev	-1.8948951e-05
632	utkin	-1.8948951e-05
632	epizoot	-1.8948951e-05
632	ukas	-1.8948951e-05
632	ukhta	-1.8948951e-05
632	zimin	-1.8948951e-05
632	sinkovo	-1.8969768e-05
632	karevo	-1.8969768e-05
632	berezovyi	-1.8969768e-05
632	dubovaya	-1.8969768e-05
632	1107	-1.8973706e-05
632	guilder	-1.8975792e-05
632	jhm	-1.8978184e-05
632	cit	-1.8982157e-05
632	convuls	-1.8984643e-05
632	img	-1.8988325e-05
632	perini	-1.8988325e-05
632	jfk	-1.9014968e-05
632	symptomat	-1.9018893e-05
632	stepanakert	-1.9018893e-05
632	boulder	-1.9019155e-05
632	1112	-1.9028883e-05
632	1509	-1.9028883e-05
632	ohb	-1.9051959e-05
632	antiwh	-1.9051959e-05
632	colza	-1.9051959e-05
632	bajz	-1.9051959e-05
632	espec	-1.9051959e-05
632	1339	-1.905696e-05
632	0558	-1.9062598e-05
632	voda	-1.9063153e-05
632	resorpt	-1.9063153e-05
632	sholokhov	-1.9063153e-05
632	mytishchi	-1.9063153e-05
632	babkin	-1.9063153e-05
632	ukolov	-1.9063153e-05
632	grigorov	-1.9063153e-05
632	cambridg	-1.9064017e-05
632	mcnaughton	-1.9064759e-05
632	redesign	-1.9066805e-05
632	bmc	-1.9153083e-05
632	recondit	-1.915795e-05
632	triest	-1.915795e-05
632	cordon	-1.9172652e-05
632	heidelberg	-1.9172732e-05
632	volgodonsk	-1.9184978e-05
632	looper	-1.9184978e-05
632	clayton	-1.9187675e-05
632	dormitori	-1.921559e-05
632	holli	-1.9230118e-05
632	5685	-1.9244042e-05
632	0061	-1.9244042e-05
632	1525	-1.9263438e-05
632	splittist	-1.9309738e-05
632	eti	-1.931433e-05
632	minden	-1.931433e-05
632	wct	-1.931433e-05
632	cherkessk	-1.931551e-05
632	organophosphor	-1.931551e-05
632	mayskii	-1.931551e-05
632	spaseniy	-1.931551e-05
632	azot	-1.931551e-05
632	derbent	-1.931551e-05
632	floccul	-1.931551e-05
632	nb	-1.9325898e-05
632	sparta	-1.933759e-05
632	1853	-1.9341778e-05
632	1555	-1.935776e-05
632	sabarmati	-1.9385217e-05
632	petsamo	-1.9385217e-05
632	phya	-1.9385217e-05
632	vasilyevskii	-1.9385217e-05
632	taklamakan	-1.9385217e-05
632	thinker	-1.9400426e-05
632	eytan	-1.9403697e-05
632	struther	-1.940533e-05
632	mcwhorter	-1.940533e-05
632	biosensor	-1.940533e-05
632	nhp	-1.940533e-05
632	decora	-1.940533e-05
632	masco	-1.940533e-05
632	mbf	-1.940533e-05
632	2104	-1.940637e-05
632	fd	-1.9422536e-05
632	secondarili	-1.94309e-05
632	strongman	-1.9435838e-05
632	802	-1.9442718e-05
632	ferric	-1.9456094e-05
632	yelabuga	-1.9456094e-05
632	khalilov	-1.9456094e-05
632	shuvalov	-1.9456094e-05
632	0516	-1.9470592e-05
632	continuum	-1.9476764e-05
632	paramilitari	-1.949527e-05
632	sklar	-1.9500882e-05
632	sbm	-1.9500882e-05
632	1456	-1.9506695e-05
632	1522	-1.9541103e-05
632	mole	-1.9556916e-05
632	ridgewai	-1.9559482e-05
632	1409	-1.957602e-05
632	1585	-1.9593295e-05
632	1541	-1.9593677e-05
632	damon	-1.9603178e-05
632	shevchuk	-1.9608404e-05
632	prokhorov	-1.9608404e-05
632	donskoi	-1.9608404e-05
632	pcdf	-1.9608404e-05
632	pcdd	-1.9608404e-05
632	xxi	-1.9610201e-05
632	adenau	-1.9611462e-05
632	5725	-1.9625073e-05
632	1434	-1.9629384e-05
632	1612	-1.9629384e-05
632	cole	-1.96298e-05
632	firemen	-1.966561e-05
632	omnipot	-1.9665638e-05
632	photocopi	-1.9677109e-05
632	monod	-1.9693616e-05
632	stringenc	-1.9696627e-05
632	cleanest	-1.9702458e-05
632	1721	-1.9702458e-05
632	ironston	-1.9707642e-05
632	herbal	-1.9736806e-05
632	1542	-1.9739859e-05
632	differet	-1.9766905e-05
632	obrien	-1.9768895e-05
632	rcsb	-1.9768897e-05
632	textain	-1.9768897e-05
632	dalnegorsk	-1.9774581e-05
632	staryi	-1.9774581e-05
632	8634	-1.9774581e-05
632	4812	-1.9774581e-05
632	8460	-1.9774581e-05
632	deflagr	-1.9774581e-05
632	laptev	-1.9774581e-05
632	nikolayevsk	-1.9774581e-05
632	imr	-1.9791762e-05
632	ecofactori	-1.9802585e-05
632	nanofiltr	-1.9802585e-05
632	metap	-1.9802585e-05
632	barseback	-1.9802585e-05
632	feb93	-1.9802585e-05
632	sebou	-1.9802585e-05
632	pne	-1.9802585e-05
632	enero	-1.9802585e-05
632	brunsbuettel	-1.9802585e-05
632	edcf	-1.9819407e-05
632	savin	-1.9820065e-05
632	elizabethtown	-1.9820065e-05
632	sunrai	-1.9820065e-05
632	tronic	-1.9825697e-05
632	1623	-1.9836036e-05
632	plum	-1.9839645e-05
632	pec	-1.984656e-05
632	malnutrit	-1.9872814e-05
632	raymond	-1.9873736e-05
632	1808	-1.9915897e-05
632	1534	-1.9936288e-05
632	nonproduct	-1.9936288e-05
632	808	-1.9937637e-05
632	permian	-1.993952e-05
632	fj	-1.993952e-05
632	weirton	-1.993952e-05
632	2l	-1.9942869e-05
632	misinterpret	-1.9948542e-05
632	gaw	-1.995446e-05
632	shvetsov	-1.9957402e-05
632	circumpolar	-1.9957402e-05
632	musin	-1.9957402e-05
632	tetraethyl	-1.9957402e-05
632	armavir	-1.9957402e-05
632	voskresensk	-1.9957402e-05
632	ikat	-1.9957402e-05
632	zhirnov	-1.9957402e-05
632	hydrolyt	-1.9957402e-05
632	korobov	-1.9957402e-05
632	syzran	-1.9957402e-05
632	soberli	-1.9969742e-05
632	daytim	-1.997555e-05
632	zaki	-1.9998544e-05
632	1228	-2.0019668e-05
632	1723	-2.0062485e-05
632	1395	-2.0062485e-05
632	2137	-2.0062485e-05
632	medecin	-2.0062487e-05
632	cabletel	-2.0066944e-05
632	redox	-2.0066944e-05
632	zhangjiak	-2.0090476e-05
632	andhra	-2.0092313e-05
632	piston	-2.012316e-05
632	1259	-2.0128202e-05
632	katowic	-2.0150517e-05
632	shf	-2.0160573e-05
632	gusarov	-2.0160573e-05
632	surgutneftegaz	-2.0160573e-05
632	alekhin	-2.0160573e-05
632	evenki	-2.0160573e-05
632	georgiyevsk	-2.0160573e-05
632	phosphogypsum	-2.0160573e-05
632	6x10	-2.0160573e-05
632	gosstandart	-2.0160573e-05
632	kasimov	-2.0160573e-05
632	quartzit	-2.0160573e-05
632	podmoskovy	-2.0160573e-05
632	nikitina	-2.0160573e-05
632	tyrnyauz	-2.0160573e-05
632	verkhnyaya	-2.0160573e-05
632	kuznetskii	-2.0160574e-05
632	tolkachev	-2.0160574e-05
632	shakhti	-2.0160574e-05
632	goldeney	-2.0160574e-05
632	electrotherm	-2.0160574e-05
632	kap	-2.0170863e-05
632	dublin	-2.018778e-05
632	ctl	-2.0203477e-05
632	kahler	-2.0203477e-05
632	qiang	-2.020839e-05
632	gyroscop	-2.020839e-05
632	garag	-2.0223568e-05
632	halifax	-2.024514e-05
632	5516	-2.025056e-05
632	farooq	-2.0260371e-05
632	819	-2.0260535e-05
632	wieslaw	-2.0265374e-05
632	aviv	-2.0283946e-05
632	1733	-2.0289031e-05
632	impel	-2.0318612e-05
632	conseil	-2.0337067e-05
632	nonexist	-2.0347066e-05
632	pontu	-2.0350522e-05
632	warnaco	-2.0350522e-05
632	everex	-2.0350522e-05
632	cygn	-2.0350522e-05
632	ifat	-2.0361369e-05
632	balakova	-2.0361369e-05
632	bakhtaran	-2.0361369e-05
632	gallapago	-2.0361369e-05
632	cyclodextrin	-2.0361369e-05
632	nigua	-2.0361369e-05
632	copit	-2.0361369e-05
632	puyehu	-2.0361369e-05
632	mangyshlak	-2.0361369e-05
632	shakedown	-2.0382166e-05
632	0341	-2.0382166e-05
632	bankcorp	-2.0385412e-05
632	sheldrak	-2.0389207e-05
632	yuganskneftegaz	-2.0389207e-05
632	sealskin	-2.0389207e-05
632	phosphon	-2.0389207e-05
632	gcal	-2.0389207e-05
632	gipe	-2.0389207e-05
632	losev	-2.0389207e-05
632	znaniy	-2.0389207e-05
632	reshetov	-2.0389207e-05
632	yartsevo	-2.0389207e-05
632	forel	-2.0389207e-05
632	klin	-2.0389207e-05
632	hemopoiet	-2.0389207e-05
632	yurga	-2.0389207e-05
632	novokuybyshevsk	-2.0389207e-05
632	urogenit	-2.0389207e-05
632	dechlorin	-2.0389207e-05
632	birch	-2.0400435e-05
632	sc	-2.0414265e-05
632	izmir	-2.0436162e-05
632	1722	-2.0436164e-05
632	2672	-2.0474505e-05
632	1736	-2.0487316e-05
632	superstor	-2.049242e-05
632	hourli	-2.0506435e-05
632	alamar	-2.0509837e-05
632	avial	-2.0509837e-05
632	deprenyl	-2.0509837e-05
632	mascotech	-2.0509837e-05
632	oec	-2.0509837e-05
632	1757	-2.0513311e-05
632	bodili	-2.0514763e-05
632	0419	-2.0522177e-05
632	mathia	-2.0539597e-05
632	ebert	-2.0566174e-05
632	permafrost	-2.0573063e-05
632	aground	-2.0579755e-05
632	florin	-2.0593057e-05
632	recalcul	-2.060219e-05
632	2118	-2.062025e-05
632	2976	-2.0620744e-05
632	drnes055	-2.0629115e-05
632	l0	-2.063198e-05
632	xiangyanghong	-2.064873e-05
632	berezin	-2.0650608e-05
632	oskol	-2.0650608e-05
632	pien	-2.0650608e-05
632	glavalmazzoloto	-2.0650608e-05
632	nadvoitsi	-2.0650608e-05
632	kostomuksha	-2.0650608e-05
632	poryadin	-2.0650608e-05
632	stepanova	-2.0650608e-05
632	gok	-2.0650608e-05
632	ishim	-2.0650608e-05
632	ichthyolog	-2.0650608e-05
632	verkhnii	-2.0650608e-05
632	yauza	-2.0650608e-05
632	vrangel	-2.0650608e-05
632	photoion	-2.0650608e-05
632	ayano	-2.0650608e-05
632	7281	-2.0671741e-05
632	3088	-2.0671741e-05
632	leopoldo	-2.0675587e-05
632	bion	-2.068365e-05
632	ivf	-2.068365e-05
632	danskin	-2.068365e-05
632	mtv	-2.0760268e-05
632	paprika	-2.07611e-05
632	dm40	-2.07611e-05
632	szczecin	-2.0761101e-05
632	convention	-2.077987e-05
632	regenc	-2.078094e-05
632	flagrant	-2.0790509e-05
632	medco	-2.0861238e-05
632	underworld	-2.0864278e-05
632	nfo	-2.0874875e-05
632	bny	-2.0874875e-05
632	midsouth	-2.0874877e-05
632	intersystem	-2.0874877e-05
632	powersoft	-2.0874877e-05
632	telemedia	-2.0874877e-05
632	jmc	-2.0874877e-05
632	jesup	-2.0874877e-05
632	gev	-2.0874877e-05
632	flir	-2.0874877e-05
632	bfc	-2.0874877e-05
632	gbc	-2.0874877e-05
632	coltec	-2.0874877e-05
632	ddl	-2.0874877e-05
632	exec	-2.0899924e-05
632	damper	-2.0906115e-05
632	defil	-2.0918107e-05
632	udc	-2.0930343e-05
632	sven	-2.0942001e-05
632	0902	-2.0942001e-05
632	1826	-2.0942001e-05
632	2102	-2.0942001e-05
632	thrace	-2.0942001e-05
632	roskommash	-2.095576e-05
632	neurasthenia	-2.095576e-05
632	kineshma	-2.095576e-05
632	pinega	-2.095576e-05
632	khalitov	-2.095576e-05
632	leninskiy	-2.095576e-05
632	martynenko	-2.095576e-05
632	multifrequ	-2.095576e-05
632	izhevskii	-2.095576e-05
632	kolva	-2.095576e-05
632	amga	-2.095576e-05
632	krasnykh	-2.095576e-05
632	seventieth	-2.095576e-05
632	kurilskii	-2.095576e-05
632	markdown	-2.097354e-05
632	1651	-2.1020574e-05
632	apoge	-2.1042024e-05
632	7792	-2.1066371e-05
632	iib	-2.106793e-05
632	whiteford	-2.1087388e-05
632	insilco	-2.1087388e-05
632	holobyt	-2.1087388e-05
632	heminwai	-2.1087388e-05
632	fiac	-2.108739e-05
632	activis	-2.108739e-05
632	borror	-2.108739e-05
632	nautica	-2.108739e-05
632	midcoast	-2.108739e-05
632	freseniu	-2.108739e-05
632	dolco	-2.108739e-05
632	peco	-2.1096252e-05
632	pepsico	-2.1100206e-05
632	urethan	-2.1100623e-05
632	mmd	-2.1104092e-05
632	helsinki	-2.1123826e-05
632	transco	-2.1123826e-05
632	heir	-2.1147607e-05
632	coeur	-2.1151718e-05
632	comdisco	-2.1157653e-05
632	machinegunn	-2.1169155e-05
632	sosna	-2.1169155e-05
632	ansaldo	-2.1172173e-05
632	ophthalmologist	-2.1206963e-05
632	temisat	-2.1209711e-05
632	dojran	-2.1209711e-05
632	vacaroui	-2.1209711e-05
632	arvandrud	-2.1209711e-05
632	gabcokovo	-2.1209711e-05
632	boussaada	-2.1209711e-05
632	yaqu	-2.1209711e-05
632	uzyn	-2.1209711e-05
632	3mai	-2.1209711e-05
632	koptsov	-2.1209711e-05
632	microspi	-2.1209711e-05
632	antitrop	-2.1209711e-05
632	ampijoroa	-2.1209711e-05
632	biocombust	-2.1209711e-05
632	brunsbettel	-2.1209711e-05
632	ijsselm	-2.1209711e-05
632	nizao	-2.1209711e-05
632	predestruct	-2.1209711e-05
632	kitashiba	-2.1209711e-05
632	ullanbaatar	-2.1209711e-05
632	udmurtian	-2.1209711e-05
632	intrathion	-2.1209711e-05
632	ionomet	-2.1209711e-05
632	toblach	-2.1209711e-05
632	laea	-2.1209711e-05
632	sosnogorsk	-2.1209711e-05
632	semiradioact	-2.1209711e-05
632	glentex	-2.1209711e-05
632	giugiu	-2.1209711e-05
632	oilspil	-2.1209711e-05
632	teisan	-2.1209711e-05
632	jul93	-2.1209711e-05
632	jitta	-2.1209711e-05
632	maryupol	-2.1209711e-05
632	bospor	-2.1209711e-05
632	23aug	-2.1209711e-05
632	aec	-2.1219419e-05
632	5000	-2.122247e-05
632	stoyan	-2.124227e-05
632	groov	-2.1271326e-05
632	rukh	-2.1280855e-05
632	reitz	-2.130544e-05
632	businesslik	-2.1307282e-05
632	opaqu	-2.1321785e-05
632	minudobreniya	-2.1322321e-05
632	pobeda	-2.1322321e-05
632	radiolyt	-2.1322321e-05
632	chuyko	-2.1322321e-05
632	uglich	-2.1322321e-05
632	rusinov	-2.1322321e-05
632	cinquefoil	-2.1322321e-05
632	khoper	-2.1322321e-05
632	orlovskii	-2.1322321e-05
632	zavarzin	-2.1322321e-05
632	valdai	-2.1322321e-05
632	paleoclimat	-2.1322321e-05
632	oldsquaw	-2.1322321e-05
632	balakovskaya	-2.1322321e-05
632	asbest	-2.1322321e-05
632	saratovskii	-2.1322321e-05
632	bykovo	-2.1322321e-05
632	trusov	-2.1322321e-05
632	scaup	-2.1322321e-05
632	ekologicheskii	-2.1322321e-05
632	kolpashevo	-2.1322321e-05
632	gudyma	-2.1322321e-05
632	ekologicheskaya	-2.1322321e-05
632	stenocardia	-2.1322321e-05
632	trepan	-2.1322321e-05
632	severobaykalsk	-2.1322321e-05
632	protva	-2.1322321e-05
632	antitox	-2.1322321e-05
632	severskii	-2.1322321e-05
632	culex	-2.1322321e-05
632	zapolyarnyi	-2.1322321e-05
632	leonova	-2.1322321e-05
632	okha	-2.1322321e-05
632	salmo	-2.1322321e-05
632	alkal	-2.1322321e-05
632	amoskeag	-2.1326534e-05
632	kfp	-2.1326534e-05
632	valassi	-2.1326534e-05
632	somatix	-2.1326534e-05
632	nvr	-2.1326534e-05
632	primark	-2.1326534e-05
632	calton	-2.1326534e-05
632	scio	-2.1326534e-05
632	cinergi	-2.1326534e-05
632	whiteston	-2.1326534e-05
632	tellu	-2.1326534e-05
632	tanger	-2.1326534e-05
632	biogenet	-2.1326534e-05
632	nicor	-2.1326534e-05
632	unintellig	-2.1349235e-05
632	motorist	-2.136817e-05
632	elio	-2.138902e-05
632	0732	-2.138902e-05
632	modal	-2.1410591e-05
632	tramwai	-2.1465958e-05
632	savannah	-2.1468431e-05
632	kelvin	-2.1507278e-05
632	ral	-2.1543388e-05
632	overtook	-2.155363e-05
632	kyaikto	-2.156847e-05
632	transcaucasian	-2.157738e-05
632	431	-2.1582207e-05
632	ducki	-2.1586271e-05
632	vical	-2.159995e-05
632	cytel	-2.159995e-05
632	yaak	-2.159995e-05
632	dusa	-2.159995e-05
632	networth	-2.159995e-05
632	emon	-2.159995e-05
632	amphenol	-2.159995e-05
632	actel	-2.159995e-05
632	pult	-2.159995e-05
632	ferrellga	-2.159995e-05
632	allnet	-2.159995e-05
632	scime	-2.159995e-05
632	anb	-2.159995e-05
632	luxcel	-2.159995e-05
632	clx	-2.159995e-05
632	klo	-2.1627771e-05
632	richei	-2.1648028e-05
632	rilindja	-2.1670017e-05
632	3500	-2.1671069e-05
632	gm	-2.1685297e-05
632	4409	-2.1707507e-05
632	951	-2.1734422e-05
632	ruse	-2.1754095e-05
632	troublemak	-2.1765165e-05
632	shellburst	-2.1766504e-05
632	clumsili	-2.1773709e-05
632	dreas072	-2.1778415e-05
632	180th	-2.177947e-05
632	yagodin	-2.178139e-05
632	helcom	-2.178139e-05
632	spouter	-2.178139e-05
632	fnpr	-2.178139e-05
632	gidrometeoizdat	-2.178139e-05
632	goskomchernobyl	-2.178139e-05
632	chelyukanov	-2.178139e-05
632	filko	-2.178139e-05
632	aminosalicyl	-2.178139e-05
632	rzhevskii	-2.178139e-05
632	microphys	-2.178139e-05
632	berezovskaya	-2.178139e-05
632	roskomoboronprom	-2.178139e-05
632	minselkhoz	-2.178139e-05
632	capercailli	-2.178139e-05
632	lovozerskii	-2.178139e-05
632	gudi	-2.178139e-05
632	avtozavodskii	-2.178139e-05
632	crucian	-2.178139e-05
632	koryakskii	-2.178139e-05
632	ilimskii	-2.178139e-05
632	minayev	-2.178139e-05
632	babkina	-2.178139e-05
632	diphenylen	-2.178139e-05
632	koshel	-2.178139e-05
632	katek	-2.178139e-05
632	roslesprom	-2.178139e-05
632	meleuz	-2.178139e-05
632	turinsk	-2.178139e-05
632	kurumkanskii	-2.178139e-05
632	aleksandrovka	-2.178139e-05
632	yegaskro	-2.178139e-05
632	sakhalinskii	-2.178139e-05
632	bustard	-2.178139e-05
632	hami	-2.1791853e-05
632	sankt	-2.1801472e-05
632	cristian	-2.1801472e-05
632	1652	-2.1804532e-05
632	abdulla	-2.1846969e-05
632	nonfarm	-2.1846969e-05
632	chartwel	-2.1863869e-05
632	blenheim	-2.1864542e-05
632	hexafluorid	-2.1879576e-05
632	bhc	-2.1901786e-05
632	unch	-2.1910735e-05
632	martek	-2.1919133e-05
632	rochem	-2.1919133e-05
632	cabr	-2.1919133e-05
632	plantron	-2.1919133e-05
632	zilog	-2.1919133e-05
632	kineret	-2.1919133e-05
632	autotot	-2.1919133e-05
632	dakotah	-2.1919133e-05
632	dentex	-2.1919133e-05
632	stant	-2.1919133e-05
632	amli	-2.1919133e-05
632	westpoint	-2.1919133e-05
632	fiserv	-2.1919133e-05
632	supervalu	-2.1919133e-05
632	deltona	-2.1919133e-05
632	wellpoint	-2.1919133e-05
632	chinatek	-2.1919133e-05
632	aerodyn	-2.1919133e-05
632	jailer	-2.1925041e-05
632	seamen	-2.1928485e-05
632	vladimirovich	-2.1931608e-05
632	0759	-2.1940667e-05
632	prophylaxi	-2.1940667e-05
632	speedwai	-2.200113e-05
632	1346	-2.200718e-05
632	datron	-2.201887e-05
632	lucia	-2.2020195e-05
632	watermark	-2.203823e-05
632	sindh	-2.2060567e-05
632	nonsocialist	-2.2071135e-05
632	tuition	-2.2080241e-05
632	0849	-2.2088565e-05
632	everett	-2.2128974e-05
632	tungsram	-2.2139993e-05
632	biosystem	-2.2142634e-05
632	norwest	-2.2184442e-05
632	l2	-2.2196578e-05
632	hatchet	-2.2199853e-05
632	davidson	-2.2213928e-05
632	1484	-2.2221024e-05
632	alen	-2.222854e-05
632	zygmunt	-2.2246331e-05
632	moldavian	-2.2249362e-05
632	underpaid	-2.2276465e-05
632	holbrook	-2.2276483e-05
632	stara	-2.2301349e-05
632	bizn	-2.2301349e-05
632	cortech	-2.2302544e-05
632	tangram	-2.2302544e-05
632	drewri	-2.2302544e-05
632	sofamor	-2.2302544e-05
632	vkm	-2.2302544e-05
632	blimpi	-2.2302544e-05
632	davco	-2.2302544e-05
632	mptv	-2.2302544e-05
632	cke	-2.2302544e-05
632	insit	-2.2302544e-05
632	lezak	-2.2302544e-05
632	ilx	-2.2302544e-05
632	actava	-2.2302544e-05
632	railcorp	-2.2302544e-05
632	intil	-2.2302544e-05
632	proxima	-2.2302544e-05
632	sunstat	-2.2302544e-05
632	unihold	-2.2302544e-05
632	penncorp	-2.2302544e-05
632	intrust	-2.2302544e-05
632	visx	-2.2302544e-05
632	terracom	-2.2302544e-05
632	ambas	-2.2302544e-05
632	triarc	-2.2302544e-05
632	winstar	-2.2302544e-05
632	ornda	-2.2302544e-05
632	lakeland	-2.230369e-05
632	exel	-2.2357674e-05
632	unfreez	-2.2359987e-05
632	kronshtadt	-2.236237e-05
632	yf	-2.236237e-05
632	weiguo	-2.236237e-05
632	beld	-2.2363383e-05
632	dekalb	-2.2363387e-05
632	30mm	-2.2380089e-05
632	ulyanovskii	-2.2396016e-05
632	pegov	-2.2396016e-05
632	ugra	-2.2396016e-05
632	pakhra	-2.2396016e-05
632	stukin	-2.2396016e-05
632	mokrousova	-2.2396016e-05
632	gromova	-2.2396016e-05
632	mzv	-2.2396016e-05
632	salda	-2.2396016e-05
632	aleksandrovskoy	-2.2396016e-05
632	karachayevsk	-2.2396016e-05
632	senatova	-2.2396016e-05
632	rickettsialpox	-2.2396016e-05
632	25x10	-2.2396016e-05
632	eduardi	-2.2396016e-05
632	anzhero	-2.2396016e-05
632	shilina	-2.2396016e-05
632	bezoar	-2.2396016e-05
632	kabanskii	-2.2396016e-05
632	fosfati	-2.2396016e-05
632	protopopov	-2.2396016e-05
632	lazovskii	-2.2396016e-05
632	phytoproduct	-2.2396016e-05
632	bikin	-2.2396016e-05
632	narzan	-2.2396016e-05
632	roskomkhimnefteprom	-2.2396016e-05
632	grakovich	-2.2396016e-05
632	kolbasov	-2.2396016e-05
632	gertner	-2.2396016e-05
632	lystsov	-2.2396016e-05
632	yarv	-2.2396016e-05
632	kiryanov	-2.2396016e-05
632	koptyuga	-2.2396016e-05
632	ozonometr	-2.2396016e-05
632	kalinskii	-2.2396016e-05
632	revich	-2.2396016e-05
632	czv	-2.2396016e-05
632	torgun	-2.2396016e-05
632	cinerea	-2.2396016e-05
632	nitsa	-2.2396016e-05
632	riat	-2.2396016e-05
632	khatuntsev	-2.2396016e-05
632	zavolzhy	-2.2396016e-05
632	ecofund	-2.2396016e-05
632	tillabl	-2.2396016e-05
632	novokuybyshev	-2.2396016e-05
632	garganei	-2.2396016e-05
632	triada	-2.2396016e-05
632	artyukhov	-2.2396016e-05
632	plasmochem	-2.2396016e-05
632	vakulovskii	-2.2396016e-05
632	nizhneudinsk	-2.2396016e-05
632	medvezhy	-2.2396016e-05
632	alekseychuk	-2.2396016e-05
632	svetlyi	-2.2396016e-05
632	chusovaya	-2.2396016e-05
632	verkhn	-2.2396016e-05
632	malov	-2.2396016e-05
632	squill	-2.2396016e-05
632	konosha	-2.2396016e-05
632	glinozem	-2.2396016e-05
632	boksitogorsk	-2.2396016e-05
632	9x10	-2.2396016e-05
632	irgiz	-2.2396016e-05
632	almaznaya	-2.2396016e-05
632	lvova	-2.2396016e-05
632	segezh	-2.2396016e-05
632	solonetz	-2.2396016e-05
632	sukhona	-2.2396016e-05
632	kasimovskii	-2.2396016e-05
632	osteomuscular	-2.2396016e-05
632	khvalin	-2.2396016e-05
632	chulym	-2.2396016e-05
632	usand	-2.2396016e-05
632	krivolutskii	-2.2396016e-05
632	roskompishcheprom	-2.2396016e-05
632	prometheu	-2.2410051e-05
632	2319	-2.2415375e-05
632	aft	-2.2444281e-05
632	kyaukpya	-2.2467102e-05
632	saratoga	-2.2471395e-05
632	ganz	-2.2474518e-05
632	0417	-2.2474518e-05
632	primer	-2.2490978e-05
632	iia	-2.2495524e-05
632	yegorov	-2.2534601e-05
632	friendliest	-2.253518e-05
632	burnei	-2.253518e-05
632	adria	-2.253518e-05
632	sergej	-2.253518e-05
632	artwork	-2.2536311e-05
632	spectromet	-2.2538705e-05
632	emc	-2.2555692e-05
632	oren	-2.2597435e-05
632	1545	-2.2614207e-05
632	potsdam	-2.2645449e-05
632	0402	-2.2661374e-05
632	cka	-2.2661374e-05
632	thorac	-2.2661374e-05
632	bliss	-2.2667935e-05
632	gustaya	-2.267339e-05
632	nagornoy	-2.267339e-05
632	towel	-2.2676271e-05
632	suzerainti	-2.2728433e-05
632	shanhaiguan	-2.2746395e-05
632	pcp	-2.2748616e-05
632	lachin	-2.2758808e-05
632	transworld	-2.276456e-05
632	pharmo	-2.278272e-05
632	1cik	-2.278272e-05
632	capsur	-2.278272e-05
632	cipsco	-2.278272e-05
632	ameriga	-2.278272e-05
632	aurtex	-2.278272e-05
632	unimax	-2.278272e-05
632	tritech	-2.278272e-05
632	ganto	-2.278272e-05
632	wsf	-2.278272e-05
632	detomaso	-2.278272e-05
632	quickturn	-2.278272e-05
632	moorco	-2.278272e-05
632	jameswai	-2.278272e-05
632	sportsland	-2.278272e-05
632	thermadyn	-2.278272e-05
632	interpor	-2.278272e-05
632	editek	-2.278272e-05
632	caretend	-2.278272e-05
632	medtech	-2.278272e-05
632	trimark	-2.278272e-05
632	teppco	-2.278272e-05
632	triquint	-2.278272e-05
632	softkei	-2.278272e-05
632	amtrol	-2.278272e-05
632	roton	-2.278272e-05
632	inotek	-2.278272e-05
632	aquarion	-2.278272e-05
632	purepac	-2.278272e-05
632	loewenstein	-2.278272e-05
632	catalytica	-2.278272e-05
632	penederm	-2.278272e-05
632	tricord	-2.278272e-05
632	datawar	-2.278272e-05
632	biomun	-2.278272e-05
632	mafco	-2.278272e-05
632	svi	-2.278272e-05
632	sajjad	-2.2786786e-05
632	0453	-2.2794684e-05
632	wielkopolski	-2.2794684e-05
632	interurban	-2.2794684e-05
632	jumbo	-2.283687e-05
632	1620	-2.2859287e-05
632	petrova	-2.2864268e-05
632	szege	-2.2864268e-05
632	marchenko	-2.2864268e-05
632	forfeit	-2.286979e-05
632	cheow	-2.2907429e-05
632	eberhard	-2.2908907e-05
632	detlev	-2.2935956e-05
632	maruti	-2.2935956e-05
632	mladenov	-2.2935956e-05
632	uijongbu	-2.2938562e-05
632	1755	-2.2943552e-05
632	surmis	-2.294363e-05
632	xv	-2.2957474e-05
632	783	-2.2965089e-05
632	mayer	-2.298469e-05
632	leslaw	-2.300989e-05
632	treelin	-2.3027405e-05
632	553	-2.3028138e-05
632	4562	-2.3029728e-05
632	lisheng	-2.3029728e-05
632	sided	-2.307907e-05
632	kabel	-2.3086204e-05
632	sanofi	-2.3098426e-05
632	primerica	-2.3110024e-05
632	sloan	-2.3111792e-05
632	1004	-2.3115012e-05
632	exemplifi	-2.3117029e-05
632	nove	-2.3165067e-05
632	germano	-2.3165067e-05
632	lom	-2.3165067e-05
632	0731	-2.3165067e-05
632	hankou	-2.3172086e-05
632	afg	-2.3179862e-05
632	navarr	-2.3179862e-05
632	5293	-2.3186416e-05
632	glavkosmo	-2.3191702e-05
632	drchi069	-2.319212e-05
632	burman	-2.3215158e-05
632	harlow	-2.3218588e-05
632	spear	-2.322304e-05
632	biochemistri	-2.3239123e-05
632	demokratik	-2.3246646e-05
632	akin	-2.3267945e-05
632	mccormick	-2.3275334e-05
632	counternarcot	-2.3280645e-05
632	drchi031	-2.3318575e-05
632	khilok	-2.332913e-05
632	gosarkhstroi	-2.332913e-05
632	nefedyev	-2.332913e-05
632	iwashi	-2.332913e-05
632	mnatsakanyan	-2.332913e-05
632	gruza	-2.332913e-05
632	pitkyar	-2.332913e-05
632	smirnovi	-2.332913e-05
632	muksun	-2.332913e-05
632	norilskaya	-2.332913e-05
632	klyazma	-2.332913e-05
632	khanka	-2.332913e-05
632	avvakumov	-2.332913e-05
632	polychlor	-2.332913e-05
632	anarhicha	-2.332913e-05
632	bryansktsement	-2.332913e-05
632	uryup	-2.332913e-05
632	putintsev	-2.332913e-05
632	rezchikov	-2.332913e-05
632	semianadrom	-2.332913e-05
632	neftekumskii	-2.332913e-05
632	maksimenko	-2.332913e-05
632	starodubskii	-2.332913e-05
632	tsimlyan	-2.332913e-05
632	dzhugdzhurskii	-2.332913e-05
632	izhma	-2.332913e-05
632	rhodanin	-2.332913e-05
632	smew	-2.332913e-05
632	dormidontov	-2.332913e-05
632	nyuduai	-2.332913e-05
632	76t	-2.332913e-05
632	olkhov	-2.332913e-05
632	kalium	-2.332913e-05
632	climatotherapi	-2.332913e-05
632	kochetovskii	-2.332913e-05
632	koporskaya	-2.332913e-05
632	balakhna	-2.332913e-05
632	zharkova	-2.332913e-05
632	tcnp	-2.332913e-05
632	khotkin	-2.332913e-05
632	vpber	-2.332913e-05
632	kuchmenko	-2.332913e-05
632	khalilovsk	-2.332913e-05
632	puchezh	-2.332913e-05
632	perevozchikov	-2.332913e-05
632	plasmotherm	-2.332913e-05
632	zhant	-2.332913e-05
632	yuzhnyy	-2.332913e-05
632	dzhangirov	-2.332913e-05
632	gydanskii	-2.332913e-05
632	organomercur	-2.332913e-05
632	zaseki	-2.332913e-05
632	verkhnevolzhskaya	-2.332913e-05
632	akhtyubinsk	-2.332913e-05
632	lyalsk	-2.332913e-05
632	basegi	-2.332913e-05
632	bezuglaya	-2.332913e-05
632	yeloguyskii	-2.332913e-05
632	lyaskelya	-2.332913e-05
632	ornithonyssu	-2.332913e-05
632	teletsk	-2.332913e-05
632	svetloyarskii	-2.332913e-05
632	shchuchya	-2.332913e-05
632	sevuralboksitruda	-2.332913e-05
632	svetloyarsk	-2.332913e-05
632	hydrosol	-2.332913e-05
632	40db	-2.332913e-05
632	moskovsk	-2.332913e-05
632	lyalya	-2.332913e-05
632	dorogobuzhskii	-2.332913e-05
632	ubsunur	-2.332913e-05
632	neyva	-2.332913e-05
632	shopkhoyev	-2.332913e-05
632	shw	-2.332913e-05
632	chernyy	-2.332913e-05
632	marshwort	-2.332913e-05
632	zhuravleva	-2.332913e-05
632	krasnoturyinsk	-2.332913e-05
632	smolenskenergo	-2.332913e-05
632	kotlovina	-2.332913e-05
632	underprecipit	-2.332913e-05
632	ramson	-2.332913e-05
632	ambarnaya	-2.332913e-05
632	aramil	-2.332913e-05
632	propazin	-2.332913e-05
632	cheboksarskaya	-2.332913e-05
632	batoshina	-2.332913e-05
632	shevlyagin	-2.332913e-05
632	tsittser	-2.332913e-05
632	aphthou	-2.332913e-05
632	nagayev	-2.332913e-05
632	chernyshkova	-2.332913e-05
632	yamsovei	-2.332913e-05
632	bistort	-2.332913e-05
632	kholdomi	-2.332913e-05
632	silinka	-2.332913e-05
632	chepet	-2.332913e-05
632	glazovskii	-2.332913e-05
632	gaysk	-2.332913e-05
632	acnidaria	-2.332913e-05
632	belikova	-2.332913e-05
632	kunara	-2.332913e-05
632	norilsii	-2.332913e-05
632	manych	-2.332913e-05
632	lycopsid	-2.332913e-05
632	uverennost	-2.332913e-05
632	vilyui	-2.332913e-05
632	30db	-2.332913e-05
632	kosva	-2.332913e-05
632	pereslavskii	-2.332913e-05
632	koryazhma	-2.332913e-05
632	tseyskii	-2.332913e-05
632	rubskoy	-2.332913e-05
632	polnovat	-2.332913e-05
632	khdi	-2.332913e-05
632	norilo	-2.332913e-05
632	obskaya	-2.332913e-05
632	gubkinskoy	-2.332913e-05
632	obsk	-2.332913e-05
632	kopytin	-2.332913e-05
632	kinstach	-2.332913e-05
632	belogolovskii	-2.332913e-05
632	atomenergo	-2.332913e-05
632	mnemyopsi	-2.332913e-05
632	sudzhensk	-2.332913e-05
632	asphalten	-2.332913e-05
632	altagenu	-2.332913e-05
632	svetogorskii	-2.332913e-05
632	tawbatch	-2.332913e-05
632	peliad	-2.332913e-05
632	gymnosperma	-2.332913e-05
632	solikamskii	-2.332913e-05
632	chulyshmanskii	-2.332913e-05
632	shadrikov	-2.332913e-05
632	nanphoeta	-2.332913e-05
632	ilek	-2.332913e-05
632	okhinka	-2.332913e-05
632	novokubyshevsk	-2.332913e-05
632	rosvodkhoz	-2.332913e-05
632	kovdorslyuda	-2.332913e-05
632	chegasov	-2.332913e-05
632	berlyand	-2.332913e-05
632	novozybkii	-2.332913e-05
632	hypoponeva	-2.332913e-05
632	sinanthrop	-2.332913e-05
632	dobryi	-2.332913e-05
632	50x10	-2.332913e-05
632	pyasinsk	-2.332913e-05
632	akromidan	-2.332913e-05
632	fjervann	-2.332913e-05
632	petrokrepostnaya	-2.332913e-05
632	24x10	-2.332913e-05
632	lignosulfan	-2.332913e-05
632	goskomvuz	-2.332913e-05
632	rosefish	-2.332913e-05
632	tazov	-2.332913e-05
632	gukovskaya	-2.332913e-05
632	kondinskii	-2.332913e-05
632	klemin	-2.332913e-05
632	kaluzhskiy	-2.332913e-05
632	belinskii	-2.332913e-05
632	kazanka	-2.332913e-05
632	yermolyev	-2.332913e-05
632	sinotskii	-2.332913e-05
632	bogorodskoy	-2.332913e-05
632	uralasbest	-2.332913e-05
632	syaskii	-2.332913e-05
632	rovinskii	-2.332913e-05
632	yevraziya	-2.332913e-05
632	periplaneta	-2.332913e-05
632	molertu	-2.332913e-05
632	igrinskii	-2.332913e-05
632	sheptukhov	-2.332913e-05
632	aristarkhov	-2.332913e-05
632	brazhnikova	-2.332913e-05
632	kolonin	-2.332913e-05
632	17x10	-2.332913e-05
632	yamalskii	-2.332913e-05
632	payk	-2.332913e-05
632	segezhabumprom	-2.332913e-05
632	lachta	-2.332913e-05
632	rapana	-2.332913e-05
632	gayevaya	-2.332913e-05
632	vertel	-2.332913e-05
632	geokom	-2.332913e-05
632	fangotherapi	-2.332913e-05
632	dzhidinsk	-2.332913e-05
632	dzherginskii	-2.332913e-05
632	takoi	-2.332913e-05
632	leydii	-2.332913e-05
632	verkhotury	-2.332913e-05
632	ubsunurskaya	-2.332913e-05
632	lysva	-2.332913e-05
632	ozernyi	-2.332913e-05
632	ishkov	-2.332913e-05
632	bovanenkovskoy	-2.332913e-05
632	krasnoufimsk	-2.332913e-05
632	navoloki	-2.332913e-05
632	kurili	-2.332913e-05
632	mininformpechat	-2.332913e-05
632	kubena	-2.332913e-05
632	tssyun	-2.332913e-05
632	pregolya	-2.332913e-05
632	zhizdra	-2.332913e-05
632	hematopo	-2.332913e-05
632	sarpa	-2.332913e-05
632	bioelectrochem	-2.332913e-05
632	pikalevsk	-2.332913e-05
632	alazeya	-2.332913e-05
632	chikoi	-2.332913e-05
632	supellectilinum	-2.332913e-05
632	rekskii	-2.332913e-05
632	konakovo	-2.332913e-05
632	khingan	-2.332913e-05
632	supella	-2.332913e-05
632	belogory	-2.332913e-05
632	sibirsk	-2.332913e-05
632	kronotskii	-2.332913e-05
632	shaforostov	-2.332913e-05
632	gooseand	-2.332913e-05
632	angiosperma	-2.332913e-05
632	shchelykovo	-2.332913e-05
632	novoselova	-2.332913e-05
632	tsasucheyskii	-2.332913e-05
632	zimyanin	-2.332913e-05
632	yuryevet	-2.332913e-05
632	overmatur	-2.332913e-05
632	tatishchevskii	-2.332913e-05
632	underfel	-2.332913e-05
632	kondopozh	-2.332913e-05
632	corsac	-2.332913e-05
632	konovatskii	-2.332913e-05
632	bacoti	-2.332913e-05
632	khatatov	-2.332913e-05
632	katargin	-2.332913e-05
632	alienu	-2.332913e-05
632	vikhorevka	-2.332913e-05
632	roskomrybolovstva	-2.332913e-05
632	shchekino	-2.332913e-05
632	shlikhunov	-2.332913e-05
632	bohunic	-2.333114e-05
632	raiffeisen	-2.333114e-05
632	nh	-2.333882e-05
632	polygon	-2.334892e-05
632	rectangular	-2.3355564e-05
632	1439	-2.340903e-05
632	antinuclear	-2.3411383e-05
632	1324	-2.3416933e-05
632	pyrocap	-2.34256e-05
632	enercorp	-2.34256e-05
632	multibas	-2.34256e-05
632	amrion	-2.34256e-05
632	norand	-2.34256e-05
632	dentspli	-2.34256e-05
632	informed	-2.34256e-05
632	ameribanc	-2.34256e-05
632	newflo	-2.34256e-05
632	sinclar	-2.34256e-05
632	allerion	-2.34256e-05
632	electrogla	-2.34256e-05
632	interlinq	-2.34256e-05
632	cofitra	-2.34256e-05
632	humanu	-2.34256e-05
632	enrotek	-2.34256e-05
632	babystar	-2.34256e-05
632	lincorp	-2.34256e-05
632	envirotest	-2.34256e-05
632	misonix	-2.34256e-05
632	everflow	-2.34256e-05
632	trenz	-2.34256e-05
632	cobancorp	-2.34256e-05
632	nelx	-2.34256e-05
632	agtsport	-2.34256e-05
632	aflac	-2.34256e-05
632	holophan	-2.34256e-05
632	amerishop	-2.34256e-05
632	geowast	-2.34256e-05
632	magnavis	-2.34256e-05
632	cellex	-2.34256e-05
632	servam	-2.34256e-05
632	manugist	-2.34256e-05
632	softnet	-2.34256e-05
632	virogroup	-2.34256e-05
632	oncologix	-2.34256e-05
632	proservic	-2.34256e-05
632	klh	-2.34256e-05
632	pentason	-2.34256e-05
632	photocolor	-2.34256e-05
632	landstar	-2.34256e-05
632	xata	-2.34256e-05
632	inovis	-2.34256e-05
632	octu	-2.34256e-05
632	donr	-2.34256e-05
632	transcapit	-2.34256e-05
632	tgx	-2.34256e-05
632	glenayr	-2.34256e-05
632	cyrk	-2.34256e-05
632	helmstar	-2.34256e-05
632	abq	-2.34256e-05
632	organik	-2.34256e-05
632	cardiodynam	-2.34256e-05
632	bioreleas	-2.34256e-05
632	neurex	-2.34256e-05
632	asyst	-2.34256e-05
632	weyco	-2.34256e-05
632	vetco	-2.34256e-05
632	medplu	-2.34256e-05
632	criimi	-2.34256e-05
632	cbni	-2.34256e-05
632	sensotron	-2.34256e-05
632	emispher	-2.34256e-05
632	chemfab	-2.34256e-05
632	demac	-2.34256e-05
632	texoil	-2.34256e-05
632	microterra	-2.34256e-05
632	goldenbank	-2.34256e-05
632	glenwai	-2.34256e-05
632	cryenco	-2.34256e-05
632	plancapit	-2.34256e-05
632	bancorpsouth	-2.34256e-05
632	lnh	-2.34256e-05
632	rtxx	-2.34256e-05
632	maxserv	-2.34256e-05
632	tarryal	-2.34256e-05
632	voltek	-2.34256e-05
632	ameriwood	-2.34256e-05
632	primedex	-2.34256e-05
632	americredit	-2.34256e-05
632	symmetricom	-2.3425602e-05
632	luda	-2.3434868e-05
632	ota	-2.3475488e-05
632	irredentist	-2.3495428e-05
632	atel	-2.3531857e-05
632	1511	-2.3531871e-05
632	defrost	-2.3543556e-05
632	cowl	-2.3554649e-05
632	quieter	-2.3584213e-05
632	2047	-2.3597979e-05
632	okazaki	-2.3600145e-05
632	miroslaw	-2.36044e-05
632	api	-2.361806e-05
632	morrison	-2.3632603e-05
632	1311	-2.370025e-05
632	egi	-2.3702978e-05
632	m15	-2.3702978e-05
632	jaromir	-2.3702978e-05
632	vsz	-2.3702978e-05
632	grudg	-2.373206e-05
632	shagan	-2.3735316e-05
632	xianfeng	-2.3735316e-05
632	7139	-2.3737486e-05
632	wenzhi	-2.3737486e-05
632	infin	-2.3742103e-05
632	1381	-2.3753137e-05
632	a11	-2.3783128e-05
632	stt	-2.380585e-05
632	petrom	-2.380585e-05
632	sof	-2.380585e-05
632	romaniei	-2.380585e-05
632	primo	-2.3855724e-05
632	1036	-2.387842e-05
632	e2	-2.388498e-05
632	fran	-2.3893019e-05
632	vocea	-2.3913395e-05
632	piro	-2.3913395e-05
632	jaslovsk	-2.3913395e-05
632	moskvich	-2.3913395e-05
632	dresden	-2.3921739e-05
632	1312	-2.3983197e-05
632	midwai	-2.3989067e-05
632	tubular	-2.400102e-05
632	hancock	-2.4008446e-05
632	mankind	-2.4012112e-05
632	perceptu	-2.4017569e-05
632	tyco	-2.4022365e-05
632	georgescu	-2.4026067e-05
632	turbomeca	-2.4026067e-05
632	hairi	-2.4055153e-05
632	habitu	-2.4078492e-05
632	compaq	-2.4085448e-05
632	jianghu	-2.4086052e-05
632	financier	-2.4091793e-05
632	nighttim	-2.4142344e-05
632	ntb	-2.414437e-05
632	miskolc	-2.414437e-05
632	mendoza	-2.4147834e-05
632	amrollahi	-2.4163777e-05
632	rebelli	-2.4166466e-05
632	pallet	-2.4185421e-05
632	1922	-2.421765e-05
632	1344	-2.4222933e-05
632	horac	-2.4240258e-05
632	2052	-2.4261923e-05
632	arman	-2.4268904e-05
632	balaton	-2.4268904e-05
632	podkanski	-2.4268904e-05
632	trencin	-2.4268904e-05
632	yellowtail	-2.428209e-05
632	akp	-2.4300756e-05
632	searchlight	-2.4304074e-05
632	dugout	-2.430525e-05
632	bsd	-2.4313906e-05
632	6030	-2.4313958e-05
632	bingo	-2.4327803e-05
632	stingi	-2.4341634e-05
632	piedmont	-2.4379437e-05
632	mightier	-2.4390176e-05
632	bretislav	-2.440036e-05
632	mvm	-2.440036e-05
632	yy	-2.440036e-05
632	shervashidz	-2.440036e-05
632	budejovic	-2.440036e-05
632	until	-2.440036e-05
632	forthrightli	-2.4408833e-05
632	fla	-2.441359e-05
632	kh	-2.4436053e-05
632	burner	-2.4441097e-05
632	purchas	-2.4444185e-05
632	pacesett	-2.4454299e-05
632	seaplan	-2.4460714e-05
632	fasten	-2.4466399e-05
632	zui	-2.4475286e-05
632	mengjin	-2.4507368e-05
632	okai	-2.4519162e-05
632	0848	-2.4527622e-05
632	kingdon	-2.4539557e-05
632	lubo	-2.4539557e-05
632	debrecen	-2.4539557e-05
632	aeb	-2.4539557e-05
632	gotha	-2.4539557e-05
632	danni	-2.4542423e-05
632	commissar	-2.4544122e-05
632	governorship	-2.4573817e-05
632	retort	-2.4589104e-05
632	taktika	-2.4599729e-05
632	dakota	-2.4649735e-05
632	knoll	-2.4663306e-05
632	grin	-2.466627e-05
632	jakhar	-2.4687455e-05
632	zagora	-2.4687455e-05
632	fluke	-2.4691279e-05
632	vt	-2.4703026e-05
632	multilingu	-2.4703588e-05
632	greeneri	-2.4746638e-05
632	transmedia	-2.4766669e-05
632	czechia	-2.4775563e-05
632	cub	-2.478177e-05
632	erudit	-2.4814659e-05
632	6855	-2.4822308e-05
632	spisska	-2.484522e-05
632	vub	-2.484522e-05
632	georgiev	-2.484522e-05
632	vit	-2.484522e-05
632	z5	-2.484522e-05
632	565	-2.4852383e-05
632	tenuous	-2.48602e-05
632	fnb	-2.4870254e-05
632	1117	-2.4878887e-05
632	pariba	-2.4903642e-05
632	3090	-2.4905126e-05
632	acacia	-2.4914652e-05
632	beaver	-2.491934e-05
632	marconi	-2.4922298e-05
632	holderbank	-2.4939056e-05
632	ubiquit	-2.4939172e-05
632	kee	-2.498847e-05
632	724	-2.4991925e-05
632	5391	-2.4995943e-05
632	canist	-2.5004867e-05
632	eea	-2.5013236e-05
632	swinoujsci	-2.5014264e-05
632	fre	-2.5014264e-05
632	jeno	-2.5014264e-05
632	borsa	-2.5014264e-05
632	dacia	-2.5014264e-05
632	goplana	-2.5014264e-05
632	nbd	-2.5029258e-05
632	counterassault	-2.5035011e-05
632	jilong	-2.5035011e-05
632	hajim	-2.503872e-05
632	nylex	-2.503872e-05
632	marathon	-2.504372e-05
632	1924	-2.5066356e-05
632	luka	-2.5074236e-05
632	eddi	-2.509256e-05
632	marian	-2.512334e-05
632	672	-2.5132318e-05
632	intercap	-2.5149164e-05
632	chengwu	-2.515538e-05
632	benton	-2.5163883e-05
632	pmc	-2.5172041e-05
632	persecute	-2.5196323e-05
632	plast	-2.5196323e-05
632	jusko	-2.5196323e-05
632	turnovo	-2.5196323e-05
632	isarescu	-2.5196323e-05
632	solorz	-2.5196323e-05
632	568	-2.5200245e-05
632	ssn	-2.5205958e-05
632	3057	-2.5212561e-05
632	luca	-2.5240553e-05
632	fearless	-2.525706e-05
632	atochem	-2.526222e-05
632	hickori	-2.530282e-05
632	icrc	-2.5359732e-05
632	fluoresc	-2.5374622e-05
632	o3	-2.539357e-05
632	przemysl	-2.539357e-05
632	mugur	-2.539357e-05
632	veliki	-2.539357e-05
632	gliwic	-2.539357e-05
632	shumen	-2.539357e-05
632	vychod	-2.539357e-05
632	2430	-2.5412013e-05
632	mama	-2.5415418e-05
632	cablevis	-2.5437417e-05
632	nonn	-2.5437475e-05
632	yop	-2.5445093e-05
632	dobson	-2.5473872e-05
632	kono	-2.547399e-05
632	rhi	-2.5485582e-05
632	counterbal	-2.5535508e-05
632	sweater	-2.554304e-05
632	internacion	-2.5547755e-05
632	somali	-2.5589698e-05
632	jingq	-2.55954e-05
632	zehui	-2.55954e-05
632	hpl	-2.55954e-05
632	tw	-2.5597912e-05
632	czechi	-2.5608779e-05
632	khristov	-2.5608779e-05
632	seman	-2.5608779e-05
632	otp	-2.5608779e-05
632	tempu	-2.5608779e-05
632	cieszyn	-2.5608779e-05
632	tapir	-2.5608779e-05
632	khonsari	-2.5608779e-05
632	underst	-2.5618856e-05
632	slot	-2.5654692e-05
632	fogelman	-2.5658985e-05
632	0337	-2.5739457e-05
632	sandoup	-2.5741449e-05
632	triphibi	-2.5741449e-05
632	jiancha	-2.5741449e-05
632	dawang	-2.5741449e-05
632	frunz	-2.582113e-05
632	drnes064	-2.5822823e-05
632	beard	-2.5829064e-05
632	veliko	-2.5845535e-05
632	vah	-2.5845535e-05
632	hanak	-2.5845535e-05
632	vau	-2.5845535e-05
632	zamki	-2.5845535e-05
632	nikolov	-2.5845535e-05
632	kostadin	-2.5845535e-05
632	calafat	-2.5845535e-05
632	pietrewicz	-2.5845535e-05
632	krajina	-2.5850746e-05
632	nrm	-2.5860478e-05
632	0943	-2.587417e-05
632	epi	-2.5911166e-05
632	2404	-2.5938678e-05
632	injector	-2.5938678e-05
632	0712	-2.5938678e-05
632	hangar	-2.5944659e-05
632	dae	-2.5950592e-05
632	fairview	-2.5966701e-05
632	unspecifi	-2.5975474e-05
632	1403	-2.6038138e-05
632	complais	-2.6044816e-05
632	conestoga	-2.6048068e-05
632	hob	-2.6092783e-05
632	leatherwar	-2.6108652e-05
632	elektron	-2.6108652e-05
632	buci	-2.6108652e-05
632	eduarda	-2.6108652e-05
632	lucenec	-2.6108652e-05
632	shipka	-2.6108652e-05
632	sk22	-2.6108652e-05
632	dobrudzha	-2.6108652e-05
632	wiesheu	-2.6108652e-05
632	vratislav	-2.6108652e-05
632	dishnica	-2.6108652e-05
632	pleso	-2.6108652e-05
632	nehru	-2.6110107e-05
632	57mm	-2.614647e-05
632	woodland	-2.6146594e-05
632	topcoat	-2.616461e-05
632	0805	-2.616461e-05
632	noninvolv	-2.618589e-05
632	781	-2.6190053e-05
632	brundtland	-2.626547e-05
632	3745	-2.6268672e-05
632	mitek	-2.6268819e-05
632	prorat	-2.6285179e-05
632	rovno	-2.6304917e-05
632	ozawa	-2.631273e-05
632	jensen	-2.6324398e-05
632	isamu	-2.6329832e-05
632	flywheel	-2.6329832e-05
632	tuzla	-2.6332862e-05
632	gerasimovo	-2.6347732e-05
632	pzp	-2.6347732e-05
632	bezymyannaya	-2.6347732e-05
632	914	-2.6373227e-05
632	1040	-2.6403253e-05
632	transdanubia	-2.6404741e-05
632	zakhari	-2.6404741e-05
632	spz	-2.6404741e-05
632	8o	-2.6404741e-05
632	zentralbank	-2.6404741e-05
632	mustang	-2.6426866e-05
632	mink	-2.6435371e-05
632	impolit	-2.6435442e-05
632	eri	-2.6487312e-05
632	1356	-2.6489623e-05
632	kupon	-2.649399e-05
632	jang	-2.6514295e-05
632	trw	-2.6514374e-05
632	decommiss	-2.6552518e-05
632	monster	-2.6558602e-05
632	diagnos	-2.656145e-05
632	854	-2.6600572e-05
632	leukemia	-2.662141e-05
632	0443	-2.6634245e-05
632	proprieti	-2.664347e-05
632	plyushch	-2.6657599e-05
632	poe	-2.666094e-05
632	viktorovna	-2.6663303e-05
632	quinta	-2.6665313e-05
632	aleksei	-2.667052e-05
632	kalaw	-2.6690923e-05
632	poacher	-2.6702362e-05
632	1650	-2.6713078e-05
632	volker	-2.6715412e-05
632	linkup	-2.673413e-05
632	3447	-2.6740956e-05
632	kvacek	-2.6743259e-05
632	sarlo	-2.674326e-05
632	energeticki	-2.674326e-05
632	strojarn	-2.674326e-05
632	milcho	-2.674326e-05
632	trinec	-2.674326e-05
632	soyland	-2.6765205e-05
632	kingmak	-2.6778514e-05
632	demor	-2.6793527e-05
632	geriatr	-2.6800508e-05
632	bromid	-2.6810321e-05
632	244th	-2.6813945e-05
632	nanjinguan	-2.6813945e-05
632	yongch	-2.6813945e-05
632	tixu	-2.6813945e-05
632	huangfeng	-2.6813945e-05
632	shenzhou	-2.6813945e-05
632	8iii	-2.6813945e-05
632	dongsha	-2.6813945e-05
632	053hz	-2.6813945e-05
632	dongshandao	-2.6813945e-05
632	strikeforc	-2.6813945e-05
632	photoreconnais	-2.6813945e-05
632	yonch	-2.6813945e-05
632	transorbit	-2.6813945e-05
632	expeditionari	-2.6828158e-05
632	slit	-2.6846184e-05
632	lewisit	-2.6852013e-05
632	dap	-2.6870835e-05
632	374th	-2.6884269e-05
632	qingji	-2.6884269e-05
632	zhongyao	-2.6884269e-05
632	ruifan	-2.6884269e-05
632	4453	-2.6908745e-05
632	colloc	-2.694988e-05
632	flue	-2.6950383e-05
632	rx	-2.7004155e-05
632	fiftieth	-2.7024129e-05
632	cencom	-2.7085296e-05
632	ardent	-2.7102076e-05
632	bega	-2.7138445e-05
632	hungalu	-2.7138445e-05
632	kc16	-2.7138445e-05
632	zlate	-2.7138445e-05
632	smutni	-2.7138445e-05
632	turciansk	-2.7138445e-05
632	o4	-2.7138445e-05
632	economistul	-2.7138445e-05
632	kecskemet	-2.7138445e-05
632	dajti	-2.7138445e-05
632	lushnj	-2.7138445e-05
632	stotinki	-2.7138445e-05
632	postabank	-2.7138445e-05
632	nyiregyhaza	-2.7138447e-05
632	vahom	-2.7138447e-05
632	lawkapala	-2.7157808e-05
632	croaker	-2.7166328e-05
632	addendum	-2.7177395e-05
632	nonoper	-2.7191165e-05
632	chico	-2.719323e-05
632	assail	-2.7202746e-05
632	wellspr	-2.721856e-05
632	ethnocultur	-2.7251783e-05
632	bolshoi	-2.7251846e-05
632	e3	-2.7276425e-05
632	discours	-2.7283255e-05
632	diepgen	-2.7364347e-05
632	chaser	-2.739321e-05
632	pegasu	-2.7394004e-05
632	codifi	-2.7405009e-05
632	grusha	-2.7413083e-05
632	sundri	-2.7428112e-05
632	peggi	-2.7431357e-05
632	tsl	-2.7432543e-05
632	nortech	-2.7432543e-05
632	unguard	-2.754537e-05
632	iad	-2.754889e-05
632	valiant	-2.7574059e-05
632	lester	-2.7579106e-05
632	tomanek	-2.7613152e-05
632	vystavba	-2.7613152e-05
632	vodohospodarska	-2.7613152e-05
632	lucka	-2.7613152e-05
632	marzena	-2.7613152e-05
632	sk38	-2.7613152e-05
632	elpida	-2.7613152e-05
632	balkancar	-2.7613152e-05
632	lesi	-2.7613152e-05
632	bozhinov	-2.7613152e-05
632	interconsult	-2.7613152e-05
632	petrik	-2.7613152e-05
632	kremikovtsi	-2.7613152e-05
632	bulgarski	-2.7613152e-05
632	gubin	-2.7613152e-05
632	z11	-2.7613152e-05
632	dobrich	-2.7613152e-05
632	moravc	-2.7613152e-05
632	kapena	-2.7613152e-05
632	moj	-2.7613152e-05
632	calex	-2.7613152e-05
632	huf30	-2.7613152e-05
632	szegedi	-2.7613152e-05
632	kc90	-2.7613152e-05
632	compr	-2.7613152e-05
632	karlovo	-2.7613152e-05
632	petrobalt	-2.7613152e-05
632	yambol	-2.7613152e-05
632	intran	-2.7613152e-05
632	mbfb	-2.7613152e-05
632	popov	-2.762103e-05
632	usda	-2.7639864e-05
632	zhen	-2.7647004e-05
632	0648	-2.765952e-05
632	1318	-2.7659522e-05
632	appel	-2.7666352e-05
632	timeli	-2.7672439e-05
632	concensu	-2.768218e-05
632	algeri	-2.7735123e-05
632	mogok	-2.7742513e-05
632	intergroup	-2.77499e-05
632	gent	-2.777867e-05
632	0633	-2.779847e-05
632	caltex	-2.779847e-05
632	bancgroup	-2.7837916e-05
632	spacelink	-2.7837916e-05
632	interwest	-2.7837916e-05
632	mow	-2.7850181e-05
632	yanbian	-2.7850605e-05
632	epicent	-2.7852626e-05
632	repuls	-2.7877566e-05
632	anthrax	-2.7896614e-05
632	ekeu	-2.7905327e-05
632	discern	-2.7917371e-05
632	polo	-2.7923194e-05
632	blackston	-2.7925613e-05
632	sadayuki	-2.7929353e-05
632	quail	-2.7939986e-05
632	scaffold	-2.794271e-05
632	pitnei	-2.7970218e-05
632	antiland	-2.8003291e-05
632	baochu	-2.8004384e-05
632	709th	-2.8004384e-05
632	sqx	-2.8004384e-05
632	hantao	-2.8004384e-05
632	sqz	-2.8004384e-05
632	ruogu	-2.8004384e-05
632	duihai	-2.8004384e-05
632	717th	-2.8004384e-05
632	461st	-2.8004384e-05
632	antimonid	-2.8004384e-05
632	yuanyi	-2.8004384e-05
632	venom	-2.8016557e-05
632	johansson	-2.8017103e-05
632	1014	-2.8042821e-05
632	vermont	-2.808203e-05
632	meta	-2.8082992e-05
632	verb	-2.8099434e-05
632	apron	-2.8121276e-05
632	gid	-2.8133882e-05
632	mallard	-2.8136845e-05
632	bremen	-2.8144399e-05
632	galaxi	-2.814535e-05
632	coalesc	-2.8164606e-05
632	rohr	-2.8169932e-05
632	inbound	-2.8178027e-05
632	yoshiro	-2.8184626e-05
632	byproduct	-2.8189326e-05
632	samson	-2.8199533e-05
632	pactel	-2.8206387e-05
632	huf20	-2.8207663e-05
632	gornii	-2.8207663e-05
632	huf4	-2.8207663e-05
632	severocesk	-2.8207663e-05
632	gyogysz	-2.8207663e-05
632	gbeli	-2.8207663e-05
632	tatabanya	-2.8207663e-05
632	huf15	-2.8207663e-05
632	svishtov	-2.8207663e-05
632	zgorzelec	-2.8207663e-05
632	glavbolgarstroi	-2.8207663e-05
632	agigea	-2.8207663e-05
632	grabiszewska	-2.8207663e-05
632	tsvetan	-2.8207663e-05
632	stroje	-2.8207663e-05
632	nizna	-2.8207663e-05
632	zimola	-2.8207663e-05
632	huf200	-2.8207663e-05
632	huf5	-2.8207663e-05
632	huf500	-2.8207663e-05
632	sk33	-2.8207663e-05
632	bedson	-2.8207663e-05
632	turoszow	-2.8207663e-05
632	prachovic	-2.8207663e-05
632	200er	-2.8207663e-05
632	porcelangyar	-2.8207663e-05
632	touristsportbank	-2.8207663e-05
632	olszyna	-2.8207663e-05
632	namorni	-2.8207663e-05
632	sk28	-2.8207663e-05
632	hradist	-2.8207663e-05
632	nadlac	-2.8207663e-05
632	huf9	-2.8207663e-05
632	12o	-2.8207663e-05
632	terespol	-2.8207663e-05
632	huf6	-2.8207663e-05
632	okhb	-2.8207663e-05
632	sk236	-2.8207663e-05
632	z81	-2.8207663e-05
632	gryka	-2.8207663e-05
632	databank	-2.8211965e-05
632	omni	-2.822092e-05
632	aka	-2.8246233e-05
632	monast	-2.8286036e-05
632	newt	-2.8289694e-05
632	silgan	-2.8324857e-05
632	anntaylor	-2.8324857e-05
632	quarterdeck	-2.8324857e-05
632	osipova	-2.8336939e-05
632	presumptu	-2.8342909e-05
632	battambang	-2.8345263e-05
632	bunker	-2.8351003e-05
632	vodka	-2.8359662e-05
632	acetylen	-2.8360531e-05
632	baifa	-2.8360531e-05
632	rafter	-2.8379107e-05
632	birthrat	-2.8385852e-05
632	rexnord	-2.840681e-05
632	swaption	-2.8438837e-05
632	sabl	-2.8460632e-05
632	6932	-2.8471786e-05
632	bahan	-2.8525352e-05
632	hsipaw	-2.8525352e-05
632	partridg	-2.8531167e-05
632	texaco	-2.8558787e-05
632	crediop	-2.8602053e-05
632	yingji	-2.861055e-05
632	hisahiko	-2.8638633e-05
632	guangzhao	-2.8675908e-05
632	jiaotong	-2.8675908e-05
632	wulf	-2.8679136e-05
632	consigne	-2.8697483e-05
632	egoism	-2.8697483e-05
632	perviou	-2.8700233e-05
632	novikov	-2.8770757e-05
632	singular	-2.8787568e-05
632	zvornik	-2.879125e-05
632	hillslop	-2.8793485e-05
632	thammasat	-2.882075e-05
632	1424	-2.8836264e-05
632	icf	-2.8853377e-05
632	kamakura	-2.8861625e-05
632	itami	-2.8861625e-05
632	radiochem	-2.8886905e-05
632	capsiz	-2.8894576e-05
632	disinfect	-2.8905064e-05
632	telegram	-2.8917624e-05
632	1250	-2.8925419e-05
632	aachen	-2.892622e-05
632	healthcorp	-2.8934695e-05
632	hsc	-2.8957953e-05
632	scam	-2.8966575e-05
632	sidewind	-2.897253e-05
632	konsolidacna	-2.900363e-05
632	sk27	-2.900363e-05
632	1oth	-2.900363e-05
632	z360	-2.900363e-05
632	z43	-2.900363e-05
632	bateria	-2.900363e-05
632	peqin	-2.900363e-05
632	deje	-2.900363e-05
632	kpm	-2.900363e-05
632	petromax	-2.900363e-05
632	kruje	-2.900363e-05
632	huf37	-2.900363e-05
632	rozafa	-2.900363e-05
632	inota	-2.900363e-05
632	stavebni	-2.900363e-05
632	cskd	-2.900363e-05
632	karasz	-2.900363e-05
632	sokolovska	-2.900363e-05
632	sk79	-2.900363e-05
632	yantra	-2.900363e-05
632	oresharski	-2.900363e-05
632	plavba	-2.900363e-05
632	gjon	-2.900363e-05
632	huf27	-2.900363e-05
632	uhersk	-2.900363e-05
632	sk44	-2.900363e-05
632	sk0	-2.900363e-05
632	ejpovic	-2.900363e-05
632	siret	-2.900363e-05
632	sk1o	-2.900363e-05
632	pezinok	-2.900363e-05
632	huf18	-2.900363e-05
632	euroteorema	-2.900363e-05
632	huf800	-2.900363e-05
632	alap	-2.900363e-05
632	bakoni	-2.900363e-05
632	caha	-2.900363e-05
632	trineck	-2.900363e-05
632	huf19	-2.900363e-05
632	schoep	-2.900363e-05
632	sk4o	-2.900363e-05
632	huf150	-2.900363e-05
632	lazarska	-2.900363e-05
632	madar	-2.900363e-05
632	z48	-2.900363e-05
632	garz	-2.900363e-05
632	porici	-2.900363e-05
632	petajoul	-2.900363e-05
632	albita	-2.900363e-05
632	huf28	-2.900363e-05
632	arutozsd	-2.900363e-05
632	kc52	-2.900363e-05
632	kubec	-2.900363e-05
632	slavyani	-2.900363e-05
632	prumyslova	-2.900363e-05
632	huf16	-2.900363e-05
632	huf13	-2.900363e-05
632	dziewulski	-2.900363e-05
632	huf29	-2.900363e-05
632	romgaz	-2.900363e-05
632	huf57	-2.900363e-05
632	kuzman	-2.900363e-05
632	griffin	-2.9005638e-05
632	volkov	-2.9006897e-05
632	sanin	-2.9012079e-05
632	kiosk	-2.9016088e-05
632	iso9000	-2.9017958e-05
632	meil	-2.9017958e-05
632	yueh	-2.9017958e-05
632	insp	-2.9017958e-05
632	jiad	-2.9017958e-05
632	droop	-2.9036057e-05
632	gte	-2.9079052e-05
632	5646	-2.912193e-05
632	timeless	-2.9125351e-05
632	eiichi	-2.9153245e-05
632	shoichi	-2.9153245e-05
632	khammouan	-2.9183495e-05
632	muffler	-2.9193927e-05
632	mohammad	-2.920609e-05
632	impromptu	-2.9217175e-05
632	hideaki	-2.9273493e-05
632	stereotyp	-2.9280043e-05
632	pollack	-2.9325469e-05
632	paratroop	-2.9342156e-05
632	campo	-2.9349922e-05
632	wangfuj	-2.9359382e-05
632	takashima	-2.9359382e-05
632	rotari	-2.935953e-05
632	chieh	-2.936225e-05
632	interpel	-2.936344e-05
632	primakov	-2.9367937e-05
632	personifi	-2.9392577e-05
632	cockroach	-2.9438193e-05
632	detroit	-2.9447543e-05
632	incognito	-2.9457107e-05
632	asp	-2.9463154e-05
632	nikkeiren	-2.9463434e-05
632	tcw	-2.947253e-05
632	ct2	-2.947253e-05
632	ulcer	-2.9495823e-05
632	mainlin	-2.9529923e-05
632	7207	-2.9530027e-05
632	8483	-2.9547002e-05
632	teruo	-2.9547002e-05
632	dissect	-2.9553848e-05
632	tongl	-2.9587049e-05
632	micromanag	-2.9587049e-05
632	arianespac	-2.962347e-05
632	antihumanitarian	-2.9633782e-05
632	mengrelia	-2.9633782e-05
632	yakovlevna	-2.9633782e-05
632	debit	-2.9652028e-05
632	984	-2.9673849e-05
632	cooler	-2.970265e-05
632	himont	-2.9706147e-05
632	momeik	-2.9713838e-05
632	phru	-2.9713838e-05
632	seikkyi	-2.9713838e-05
632	yatsawk	-2.9713838e-05
632	pindaya	-2.971384e-05
632	nawnghkio	-2.971384e-05
632	naungcho	-2.971384e-05
632	lokapala	-2.971384e-05
632	dimohso	-2.971384e-05
632	laughter	-2.9733752e-05
632	midamerica	-2.9739364e-05
632	lci	-2.9739364e-05
632	firstf	-2.9747036e-05
632	8511	-2.9748038e-05
632	hamamatsu	-2.9748038e-05
632	innotek	-2.975117e-05
632	neodata	-2.975117e-05
632	primeenergi	-2.975117e-05
632	832	-2.9756968e-05
632	agip	-2.9757046e-05
632	executor	-2.9767187e-05
632	autowork	-2.9830213e-05
632	doc	-2.9832154e-05
632	windsor	-2.9849818e-05
632	dover	-2.9853707e-05
632	mrr	-2.988105e-05
632	baghdad	-2.9884503e-05
632	greensat	-2.9919109e-05
632	jun93	-2.9919109e-05
632	ziliu	-2.9959674e-05
632	heatstrok	-2.9964553e-05
632	songjiang	-2.9964553e-05
632	mizushima	-2.9964553e-05
632	1132	-2.9972054e-05
632	kvadratnaya	-2.9993145e-05
632	romb	-2.9993145e-05
632	transvers	-3.001974e-05
632	1208	-3.0021229e-05
632	trove	-3.0028896e-05
632	wore	-3.0057878e-05
632	toluen	-3.006119e-05
632	ryland	-3.0090927e-05
632	ryoichi	-3.009502e-05
632	direc	-3.009502e-05
632	sinochem	-3.009502e-05
632	contruct	-3.009502e-05
632	nci	-3.0160212e-05
632	arakawa	-3.0199128e-05
632	yasuyuki	-3.0199128e-05
632	a28	-3.0199128e-05
632	machida	-3.0199128e-05
632	8708	-3.0199128e-05
632	receptacl	-3.0199732e-05
632	kc324	-3.0212042e-05
632	trutnova	-3.0212042e-05
632	dermojet	-3.0212042e-05
632	aircraf	-3.0212042e-05
632	usogorsk	-3.0212042e-05
632	hrustina	-3.0212042e-05
632	huf180	-3.0212042e-05
632	sk249	-3.0212042e-05
632	mesit	-3.0212042e-05
632	sk231	-3.0212042e-05
632	z502	-3.0212042e-05
632	cementarni	-3.0212042e-05
632	motowai	-3.0212042e-05
632	sk508	-3.0212042e-05
632	orszsgow	-3.0212042e-05
632	bulphoenix	-3.0212042e-05
632	europetrol	-3.0212042e-05
632	sk527	-3.0212042e-05
632	capitalbank	-3.0212042e-05
632	13o1	-3.0212042e-05
632	mojsova	-3.0212042e-05
632	hatapka	-3.0212042e-05
632	sk177	-3.0212042e-05
632	banra	-3.0212042e-05
632	temex	-3.0212042e-05
632	kc320	-3.0212042e-05
632	sk131	-3.0212042e-05
632	elgami	-3.0212042e-05
632	kornyeki	-3.0212042e-05
632	zitek	-3.0212042e-05
632	sk41	-3.0212042e-05
632	almasfuzito	-3.0212042e-05
632	sk7o	-3.0212042e-05
632	huf260	-3.0212042e-05
632	bonova	-3.0212042e-05
632	oryakhovitsa	-3.0212042e-05
632	9oo	-3.0212042e-05
632	sk332	-3.0212042e-05
632	hotelinvest	-3.0212042e-05
632	podroz	-3.0212042e-05
632	papazov	-3.0212042e-05
632	rrashbul	-3.0212042e-05
632	skalnat	-3.0212042e-05
632	arachn	-3.0212042e-05
632	uhelna	-3.0212042e-05
632	huf329	-3.0212042e-05
632	3o4	-3.0212042e-05
632	huf754	-3.0212042e-05
632	konciar	-3.0212042e-05
632	blazk	-3.0212042e-05
632	sk180	-3.0212042e-05
632	24o	-3.0212042e-05
632	feim	-3.0212042e-05
632	sk962	-3.0212042e-05
632	20o2	-3.0212042e-05
632	shemedin	-3.0212042e-05
632	giuniti	-3.0212042e-05
632	kc12o	-3.0212042e-05
632	otka	-3.0212042e-05
632	66o	-3.0212042e-05
632	litex	-3.0212042e-05
632	huf6o	-3.0212042e-05
632	huf320	-3.0212042e-05
632	touristsporthold	-3.0212042e-05
632	vapenki	-3.0212042e-05
632	vitkovick	-3.0212042e-05
632	uheln	-3.0212042e-05
632	gugov	-3.0212042e-05
632	sk1o6	-3.0212042e-05
632	huf199	-3.0212042e-05
632	grobarcik	-3.0212042e-05
632	0oo	-3.0212042e-05
632	gorna	-3.0212042e-05
632	dichev	-3.0212042e-05
632	sk918	-3.0212042e-05
632	tonchev	-3.0212042e-05
632	kc496	-3.0212042e-05
632	dzina	-3.0212042e-05
632	varsad	-3.0212042e-05
632	drasov	-3.0212042e-05
632	expressbank	-3.0212042e-05
632	opravarenski	-3.0212042e-05
632	nontang	-3.0212042e-05
632	huf99	-3.0212042e-05
632	plynarenski	-3.0212042e-05
632	agraripari	-3.0212042e-05
632	z458	-3.0212042e-05
632	mezen	-3.0212042e-05
632	bozeanu	-3.0212042e-05
632	vychodocesk	-3.0212042e-05
632	kga	-3.0212042e-05
632	waitlist	-3.0212042e-05
632	206k	-3.0212042e-05
632	vresova	-3.0212042e-05
632	lachkov	-3.0212042e-05
632	tourinvest	-3.0212042e-05
632	0446z	-3.0212042e-05
632	fatra	-3.0212042e-05
632	jatek	-3.0212042e-05
632	gazdagret	-3.0212042e-05
632	huf3io	-3.0212042e-05
632	slovria	-3.0212042e-05
632	o946	-3.0212042e-05
632	sk48	-3.0212042e-05
632	vojenski	-3.0212042e-05
632	vajnar	-3.0212042e-05
632	sk127	-3.0212042e-05
632	hampejz	-3.0212042e-05
632	navol	-3.0212042e-05
632	38o	-3.0212042e-05
632	sk510	-3.0212042e-05
632	kc332	-3.0212042e-05
632	13o9	-3.0212042e-05
632	heildelberg	-3.0212042e-05
632	modrev	-3.0212042e-05
632	123o	-3.0212042e-05
632	jedrzychowic	-3.0212042e-05
632	huf114	-3.0212042e-05
632	alexandropoli	-3.0212042e-05
632	sloveca	-3.0212042e-05
632	huf650	-3.0212042e-05
632	napajedla	-3.0212042e-05
632	sviloza	-3.0212042e-05
632	kolbaskowo	-3.0212042e-05
632	z44	-3.0212042e-05
632	elektotechnick	-3.0212042e-05
632	rudn	-3.0212042e-05
632	rolitron	-3.0212042e-05
632	numani	-3.0212042e-05
632	sk2o	-3.0212042e-05
632	ertektozsd	-3.0212042e-05
632	dermacol	-3.0212042e-05
632	eltex	-3.0212042e-05
632	15o	-3.0212042e-05
632	priemysel	-3.0212042e-05
632	pojani	-3.0212042e-05
632	sk379	-3.0212042e-05
632	7oo	-3.0212042e-05
632	blagoevo	-3.0212042e-05
632	0tsh	-3.0212042e-05
632	kercukaj	-3.0212042e-05
632	z1o	-3.0212042e-05
632	kremnica	-3.0212042e-05
632	huf420	-3.0212042e-05
632	kc140	-3.0212042e-05
632	rosenstingel	-3.0212042e-05
632	hetich	-3.0212042e-05
632	drasova	-3.0212042e-05
632	kc178	-3.0212042e-05
632	comprison	-3.0212042e-05
632	polgraf	-3.0212042e-05
632	kc1oo	-3.0212042e-05
632	1k	-3.0214285e-05
632	linchpin	-3.0232071e-05
632	suiss	-3.023459e-05
632	mainfram	-3.0250263e-05
632	kumano	-3.0252057e-05
632	lezghian	-3.02718e-05
632	aceton	-3.0285471e-05
632	reintroduct	-3.0289495e-05
632	replet	-3.0291565e-05
632	freelanc	-3.0304667e-05
632	antimissil	-3.0339159e-05
632	3676	-3.0344363e-05
632	sunbeam	-3.0364865e-05
632	punam	-3.037378e-05
632	tansil	-3.03857e-05
632	yoshiyuki	-3.03857e-05
632	programmat	-3.0386695e-05
632	precast	-3.040343e-05
632	kindergarten	-3.0415225e-05
632	vertebr	-3.0433026e-05
632	koda	-3.0455058e-05
632	musi	-3.0455058e-05
632	tabuk	-3.0455058e-05
632	coli	-3.0463269e-05
632	azeri	-3.0487452e-05
632	connector	-3.0493822e-05
632	decidu	-3.0618397e-05
632	bison	-3.0618397e-05
632	fairchild	-3.0620966e-05
632	himach	-3.0642896e-05
632	asphyxi	-3.0650233e-05
632	unservic	-3.066119e-05
632	onslaught	-3.067296e-05
632	spini	-3.0692834e-05
632	xiaolangdi	-3.0707866e-05
632	bolikhamsai	-3.073662e-05
632	pfeil	-3.073662e-05
632	wuzi	-3.073662e-05
632	0160	-3.0755407e-05
632	hardart	-3.077234e-05
632	honeck	-3.0784162e-05
632	cooker	-3.0815034e-05
632	jaffrai	-3.0823667e-05
632	metaphys	-3.0879102e-05
632	hansson	-3.0883042e-05
632	potenc	-3.089837e-05
632	0928	-3.0903047e-05
632	casio	-3.0963405e-05
632	chuvashia	-3.0966494e-05
632	gmbh	-3.0973326e-05
632	wingat	-3.099014e-05
632	voyenizdat	-3.1022933e-05
632	recircul	-3.1028274e-05
632	goldwyn	-3.103489e-05
632	kongo	-3.104953e-05
632	taito	-3.104953e-05
632	yanmar	-3.104953e-05
632	stearn	-3.1054326e-05
632	antisubmarin	-3.1055e-05
632	incomprehens	-3.1066345e-05
632	fet	-3.1069172e-05
632	irena	-3.1096268e-05
632	kin	-3.1096806e-05
632	081	-3.1096843e-05
632	astronomi	-3.1114905e-05
632	adigh	-3.112601e-05
632	fullfledg	-3.112601e-05
632	1e	-3.114904e-05
632	carnivor	-3.1164684e-05
632	kansa	-3.116794e-05
632	forbear	-3.117853e-05
632	takeda	-3.118483e-05
632	hindi	-3.118977e-05
632	surfact	-3.1201722e-05
632	0947	-3.1216245e-05
632	polyolefin	-3.1216245e-05
632	kaushish	-3.1230862e-05
632	kp	-3.125134e-05
632	kenni	-3.1266663e-05
632	sharewar	-3.126772e-05
632	ceco	-3.127318e-05
632	valorem	-3.1313488e-05
632	pygmi	-3.131515e-05
632	slime	-3.131515e-05
632	hayami	-3.135013e-05
632	unilab	-3.13582e-05
632	confindustria	-3.1381267e-05
632	1193	-3.1394993e-05
632	8512	-3.1401647e-05
632	meguro	-3.1401647e-05
632	tediou	-3.1448748e-05
632	xiaohong	-3.147531e-05
632	jiani	-3.147531e-05
632	harbing	-3.1477986e-05
632	kinki	-3.1478383e-05
632	tira	-3.1480464e-05
632	phuoc	-3.1480464e-05
632	postdoctor	-3.1489533e-05
632	jianxin	-3.1497304e-05
632	niec	-3.1510437e-05
632	semant	-3.1547963e-05
632	cii	-3.1557924e-05
632	ivax	-3.1557924e-05
632	kosaku	-3.1561456e-05
632	homecar	-3.15625e-05
632	background	-3.1625732e-05
632	buckey	-3.1658106e-05
632	dvi	-3.166259e-05
632	groen	-3.166259e-05
632	3843	-3.167725e-05
632	tuyet	-3.1709584e-05
632	yoshito	-3.1709584e-05
632	2182	-3.1721327e-05
632	sbc	-3.1735883e-05
632	candidaci	-3.173878e-05
632	sattar	-3.1755117e-05
632	vy	-3.1768282e-05
632	fe	-3.177327e-05
632	litel	-3.1773285e-05
632	dival	-3.1785105e-05
632	crossbar	-3.178644e-05
632	5481	-3.178658e-05
632	peerless	-3.1789485e-05
632	enzio	-3.1804233e-05
632	surachai	-3.181512e-05
632	amiss	-3.1855932e-05
632	0133	-3.1865493e-05
632	drweu046	-3.1878888e-05
632	signer	-3.1878888e-05
632	belden	-3.1882635e-05
632	predatori	-3.1884905e-05
632	floodlight	-3.1916526e-05
632	1155	-3.1937092e-05
632	hoof	-3.193859e-05
632	0437	-3.1945972e-05
632	rolf	-3.1946514e-05
632	shuguang	-3.1957825e-05
632	jenni	-3.1965446e-05
632	bioenergi	-3.2022268e-05
632	za	-3.208422e-05
632	gunboat	-3.2085652e-05
632	mitsu	-3.2112926e-05
632	acrylonitril	-3.211293e-05
632	leve	-3.212817e-05
632	barnier	-3.2136297e-05
632	multiparti	-3.2139593e-05
632	anal	-3.2174088e-05
632	fritz	-3.217417e-05
632	hq	-3.2206197e-05
632	gudang	-3.2228658e-05
632	sanshui	-3.2228658e-05
632	nfi	-3.2228658e-05
632	otc	-3.223354e-05
632	iskhodnyi	-3.226564e-05
632	sheepfold	-3.226564e-05
632	marten	-3.2267333e-05
632	wootton	-3.2273594e-05
632	nihonbashi	-3.22742e-05
632	sekino	-3.2274205e-05
632	0031z	-3.2274205e-05
632	kogur	-3.2274205e-05
632	kawago	-3.2274205e-05
632	armscor	-3.2294698e-05
632	706	-3.229476e-05
632	perci	-3.2298303e-05
632	yokosuka	-3.231757e-05
632	plankton	-3.2327393e-05
632	12a	-3.2332384e-05
632	774	-3.233364e-05
632	1009	-3.2381377e-05
632	scrubber	-3.2416105e-05
632	bogaturov	-3.242285e-05
632	isakova	-3.242285e-05
632	demosfenovich	-3.242285e-05
632	guseynova	-3.242285e-05
632	seminuclear	-3.242285e-05
632	kobrinskaya	-3.242285e-05
632	drebentsov	-3.242285e-05
632	vver	-3.2430362e-05
632	petropavlovsk	-3.2430362e-05
632	sophistri	-3.2439388e-05
632	jiaxian	-3.2453616e-05
632	degauss	-3.2453616e-05
632	2973	-3.2456515e-05
632	lpp	-3.2457367e-05
632	edgcomb	-3.2457367e-05
632	nontox	-3.2472915e-05
632	kanzaki	-3.249487e-05
632	saehan	-3.252662e-05
632	microcassett	-3.252662e-05
632	chinapac	-3.252662e-05
632	gongbei	-3.252662e-05
632	pasir	-3.252662e-05
632	1503	-3.2544474e-05
632	leastec	-3.2546763e-05
632	partnershi	-3.2546763e-05
632	housekeep	-3.2550266e-05
632	dyestuff	-3.2551223e-05
632	josefina	-3.25704e-05
632	1204	-3.2586377e-05
632	rog	-3.259051e-05
632	driftnet	-3.2614487e-05
632	koichi	-3.26208e-05
632	gsh	-3.262837e-05
632	freshmen	-3.263247e-05
632	anadrom	-3.26455e-05
632	decoi	-3.2705855e-05
632	882	-3.270802e-05
632	velvet	-3.2750024e-05
632	infuri	-3.277232e-05
632	erp	-3.2782766e-05
632	jurgen	-3.2788634e-05
632	statutori	-3.282103e-05
632	fourteenth	-3.282436e-05
632	64mb	-3.2838747e-05
632	20apr94	-3.2838747e-05
632	masatsugu	-3.283875e-05
632	biot	-3.283875e-05
632	bjc	-3.283875e-05
632	jiuxianqiao	-3.283875e-05
632	sentosa	-3.283875e-05
632	aza	-3.283937e-05
632	0501	-3.2847e-05
632	heyuan	-3.2857748e-05
632	kitaoka	-3.2857748e-05
632	vija	-3.2857748e-05
632	meilin	-3.2857748e-05
632	glari	-3.2857748e-05
632	soya	-3.2868054e-05
632	northland	-3.291276e-05
632	45th	-3.2947573e-05
632	llc	-3.29516e-05
632	gtech	-3.29516e-05
632	galvez	-3.2964737e-05
632	catamaran	-3.2968357e-05
632	indosat	-3.298694e-05
632	489	-3.301445e-05
632	phumiphon	-3.3040847e-05
632	1442	-3.3044114e-05
632	7893	-3.3045533e-05
632	tut	-3.3055705e-05
632	1011	-3.3057473e-05
632	lookout	-3.3077402e-05
632	6179	-3.3093973e-05
632	viper	-3.3102435e-05
632	insulin	-3.3121967e-05
632	3d	-3.3124335e-05
632	hologram	-3.3129094e-05
632	barrow	-3.3141856e-05
632	drweu086	-3.3167158e-05
632	waseda	-3.319851e-05
632	ussuri	-3.3221542e-05
632	bumi	-3.3230375e-05
632	xind	-3.3230375e-05
632	nanao	-3.3230375e-05
632	purloin	-3.3237273e-05
632	1331	-3.329888e-05
632	scourg	-3.3305565e-05
632	scriven	-3.3332315e-05
632	monohul	-3.333692e-05
632	unfulfil	-3.334773e-05
632	keyston	-3.335402e-05
632	1337	-3.3381544e-05
632	paperboard	-3.3383563e-05
632	pursat	-3.3398243e-05
632	americium	-3.340758e-05
632	sirikrai	-3.341719e-05
632	mistreat	-3.3427583e-05
632	maekawa	-3.3462125e-05
632	asiasat	-3.3462125e-05
632	binder	-3.3510714e-05
632	widest	-3.351459e-05
632	hwan	-3.3526663e-05
632	chonburi	-3.3545766e-05
632	flech	-3.3545766e-05
632	32mb	-3.3545766e-05
632	inagawa	-3.3545766e-05
632	1200c	-3.3545766e-05
632	vmc	-3.3545766e-05
632	cuu	-3.3545766e-05
632	shuichiro	-3.3545766e-05
632	abiko	-3.3545766e-05
632	uniroy	-3.3546847e-05
632	conscript	-3.3576845e-05
632	richter	-3.361559e-05
632	tam	-3.3630316e-05
632	huadu	-3.3656408e-05
632	bni	-3.3656408e-05
632	denel	-3.3718556e-05
632	lipki	-3.3746826e-05
632	0224	-3.375336e-05
632	mtn	-3.3769702e-05
632	2589	-3.3828164e-05
632	agress	-3.3832282e-05
632	coutinho	-3.384999e-05
632	tuscarora	-3.3858694e-05
632	handan	-3.3868226e-05
632	fiance	-3.3904278e-05
632	aktyubinsk	-3.3921366e-05
632	conam	-3.3927623e-05
632	zhishan	-3.3938853e-05
632	shouren	-3.3938853e-05
632	acryl	-3.3959896e-05
632	788	-3.3964327e-05
632	vyacheslav	-3.399129e-05
632	tetsuya	-3.399138e-05
632	1101	-3.399599e-05
632	0237	-3.399935e-05
632	salam	-3.403118e-05
632	beloyarsk	-3.404309e-05
632	ragen	-3.4075067e-05
632	yamanashi	-3.4085224e-05
632	789	-3.4137316e-05
632	kaizhi	-3.4153745e-05
632	nitrid	-3.4155306e-05
632	697	-3.4158977e-05
632	takenori	-3.4173197e-05
632	angstrom	-3.4173197e-05
632	ahi	-3.4173197e-05
632	schweizer	-3.4173197e-05
632	countersu	-3.4173197e-05
632	usaa	-3.4181925e-05
632	otani	-3.4191336e-05
632	1126	-3.4193257e-05
632	gepe	-3.4248267e-05
632	nair	-3.426336e-05
632	hamgyong	-3.428668e-05
632	mullet	-3.4301796e-05
632	m1	-3.435458e-05
632	browbeat	-3.4355842e-05
632	shrill	-3.437113e-05
632	ziegler	-3.4397737e-05
632	0637	-3.445075e-05
632	0601	-3.445075e-05
632	dimona	-3.4467135e-05
632	exogen	-3.448106e-05
632	labi	-3.4492357e-05
632	gcn	-3.4492357e-05
632	nantang	-3.4492357e-05
632	selcho	-3.4492357e-05
632	sonho	-3.4492357e-05
632	kuraki	-3.4492357e-05
632	aptronix	-3.4492357e-05
632	eurocontrol	-3.4498913e-05
632	hemodynam	-3.4510416e-05
632	cfi	-3.451481e-05
632	3461	-3.4550783e-05
632	edna	-3.4567347e-05
632	wilhelm	-3.4589666e-05
632	corolla	-3.4625886e-05
632	929	-3.462589e-05
632	lipstick	-3.4648667e-05
632	nanshan	-3.465377e-05
632	brentwood	-3.4665405e-05
632	zhengh	-3.4669556e-05
632	704th	-3.4669556e-05
632	shiguang	-3.4669556e-05
632	enjoy	-3.4691537e-05
632	yazd	-3.470164e-05
632	sairi	-3.473421e-05
632	misstep	-3.474389e-05
632	assam	-3.4750028e-05
632	xianzu	-3.4751167e-05
632	yamen	-3.4751167e-05
632	koenkai	-3.4751167e-05
632	thewakun	-3.4751167e-05
632	josina	-3.4751167e-05
632	xiguang	-3.4751167e-05
632	ital	-3.4757126e-05
632	phca	-3.476372e-05
632	pharmasci	-3.476372e-05
632	fudn	-3.476372e-05
632	silentradio	-3.476372e-05
632	proeprti	-3.476372e-05
632	gynex	-3.476372e-05
632	ufsb	-3.476372e-05
632	beford	-3.476372e-05
632	glutton	-3.476774e-05
632	zonal	-3.47799e-05
632	midterm	-3.478292e-05
632	supergun	-3.480481e-05
632	allstar	-3.4827135e-05
632	merri	-3.4856203e-05
632	0318	-3.4857545e-05
632	stereophon	-3.4864686e-05
632	moen	-3.4864686e-05
632	kawamura	-3.4869267e-05
632	baptism	-3.489802e-05
632	dec93	-3.4921915e-05
632	cme	-3.493617e-05
632	neptun	-3.4963432e-05
632	myanmares	-3.496488e-05
632	osipov	-3.497227e-05
632	46th	-3.4990866e-05
632	unschedul	-3.4998648e-05
632	yoshinori	-3.5063575e-05
632	pajama	-3.5074238e-05
632	init	-3.5079553e-05
632	onoda	-3.5079553e-05
632	ackerman	-3.5096098e-05
632	ik	-3.511311e-05
632	potomac	-3.5146848e-05
632	3829	-3.5157296e-05
632	charad	-3.5187208e-05
632	sovetskii	-3.5189016e-05
632	tengiz	-3.521687e-05
632	electrochem	-3.5240493e-05
632	mach	-3.525701e-05
632	kyong	-3.5262572e-05
632	hoki	-3.526393e-05
632	kyun	-3.526393e-05
632	nenet	-3.5302444e-05
632	b3	-3.530478e-05
632	clampdown	-3.5323665e-05
632	baba	-3.5334488e-05
632	1231	-3.5390534e-05
632	2773	-3.5394394e-05
632	fortran	-3.54405e-05
632	vga	-3.54405e-05
632	3390	-3.5446414e-05
632	quanex	-3.5446996e-05
632	bogen	-3.5446996e-05
632	tether	-3.5455392e-05
632	ashgabat	-3.5493966e-05
632	centenni	-3.5496407e-05
632	peiwu	-3.549936e-05
632	wenjindu	-3.549936e-05
632	daia	-3.549936e-05
632	operatio	-3.549936e-05
632	humen	-3.549936e-05
632	yz	-3.549936e-05
632	nisho	-3.549936e-05
632	sambu	-3.549936e-05
632	soko	-3.5500325e-05
632	tanggu	-3.5500325e-05
632	mutant	-3.55099e-05
632	dain	-3.5531404e-05
632	berov	-3.5542707e-05
632	jama	-3.5550544e-05
632	irina	-3.5551773e-05
632	syngman	-3.5553752e-05
632	1115	-3.5557434e-05
632	wacker	-3.555872e-05
632	sulfon	-3.5597455e-05
632	1222	-3.560511e-05
632	qinglin	-3.5606645e-05
632	dous	-3.564753e-05
632	jiangxin	-3.5647863e-05
632	shunchu	-3.5647863e-05
632	shoupan	-3.5647863e-05
632	shilu	-3.5647863e-05
632	lactos	-3.566568e-05
632	overthrown	-3.566894e-05
632	riverbank	-3.5703142e-05
632	6406	-3.570806e-05
632	westdeutsch	-3.5715948e-05
632	1752	-3.571712e-05
632	mri	-3.572192e-05
632	flem	-3.5736266e-05
632	bilg	-3.573852e-05
632	szechuan	-3.574187e-05
632	chimi	-3.574187e-05
632	caterpillar	-3.5764442e-05
632	burlington	-3.5772573e-05
632	mergans	-3.5795318e-05
632	syktyvkar	-3.5795318e-05
632	kpb	-3.5804213e-05
632	acura	-3.5804213e-05
632	1207	-3.5818466e-05
632	smolder	-3.583345e-05
632	pilferag	-3.5841636e-05
632	tembo	-3.5841636e-05
632	gallowai	-3.5891895e-05
632	lb15	-3.5929457e-05
632	senju	-3.5929457e-05
632	temperastur	-3.5929457e-05
632	ismc	-3.5929457e-05
632	tr303	-3.5929457e-05
632	kobai	-3.5929457e-05
632	xiayu	-3.5929457e-05
632	45mb	-3.5929457e-05
632	shinzaki	-3.5929457e-05
632	aoguang	-3.5929457e-05
632	vinakyoei	-3.5929457e-05
632	pa92	-3.5929457e-05
632	ivesco	-3.5929457e-05
632	vdlume	-3.5929457e-05
632	znash	-3.5929457e-05
632	norion	-3.5929457e-05
632	fsta	-3.5929457e-05
632	probihit	-3.5929457e-05
632	vedan	-3.5929457e-05
632	paraco	-3.592946e-05
632	ews48oo	-3.592946e-05
632	junro	-3.592946e-05
632	bnpp	-3.592946e-05
632	jiaodian	-3.592946e-05
632	vr4400	-3.592946e-05
632	lymphat	-3.5929752e-05
632	idm	-3.5975994e-05
632	bsi	-3.5993027e-05
632	sinh	-3.6002006e-05
632	tecnica	-3.6002006e-05
632	legend	-3.600288e-05
632	karan	-3.6006786e-05
632	1025	-3.6011086e-05
632	629	-3.6040816e-05
632	spoilag	-3.604254e-05
632	slake	-3.605965e-05
632	acclimat	-3.6069367e-05
632	khorizont	-3.6069756e-05
632	offsit	-3.6078418e-05
632	blackhawk	-3.6082594e-05
632	hundredth	-3.60867e-05
632	clover	-3.6113113e-05
632	unorgan	-3.6114077e-05
632	gruesom	-3.6137277e-05
632	edo	-3.6146404e-05
632	kum	-3.614948e-05
632	0808	-3.6174828e-05
632	ethylbenzen	-3.6214555e-05
632	komarov	-3.6214555e-05
632	cernavoda	-3.621986e-05
632	ramsar	-3.621986e-05
632	mlh	-3.624422e-05
632	shurgard	-3.624422e-05
632	jpten002	-3.626118e-05
632	td	-3.6261277e-05
632	fittest	-3.6262212e-05
632	seda	-3.6283847e-05
632	prahova	-3.6283847e-05
632	leeri	-3.6284993e-05
632	kanazawa	-3.6293033e-05
632	creditanstalt	-3.6294252e-05
632	1225	-3.6315203e-05
632	helpless	-3.633076e-05
632	scold	-3.6342703e-05
632	nonmemb	-3.6349415e-05
632	bok	-3.6374204e-05
632	hirai	-3.6402627e-05
632	unido	-3.6414007e-05
632	mpc	-3.6414007e-05
632	asymmetr	-3.6414545e-05
632	purs	-3.6441463e-05
632	ashtrai	-3.6451158e-05
632	silesian	-3.646966e-05
632	tota1	-3.6501086e-05
632	viglacera	-3.6501086e-05
632	sanlin	-3.6501086e-05
632	servomotor	-3.6501086e-05
632	sumimoto	-3.6501086e-05
632	netowrk	-3.6501086e-05
632	garoupa	-3.6501086e-05
632	vietcom	-3.6501086e-05
632	tongdaemun	-3.6501086e-05
632	pangrim	-3.6501086e-05
632	moolsan	-3.6501086e-05
632	seisakujo	-3.6501086e-05
632	keoyang	-3.6501086e-05
632	7apr94	-3.6501086e-05
632	woojin	-3.6501086e-05
632	apharak	-3.6501086e-05
632	nagata	-3.6521757e-05
632	1369	-3.6529113e-05
632	paydar	-3.6536465e-05
632	1942	-3.6559675e-05
632	sahhaf	-3.6568632e-05
632	sanitarium	-3.6572994e-05
632	iir	-3.659134e-05
632	yamashiro	-3.659134e-05
632	tongan	-3.659134e-05
632	soa	-3.659134e-05
632	tottori	-3.6599806e-05
632	firebal	-3.662346e-05
632	rau	-3.6641955e-05
632	kyonghyang	-3.664877e-05
632	donu	-3.6654972e-05
632	truthfulli	-3.6656456e-05
632	uncoordin	-3.6667072e-05
632	bela	-3.668659e-05
632	intersectori	-3.668863e-05
632	sash	-3.670063e-05
632	reinterpret	-3.671526e-05
632	disassembl	-3.6730155e-05
632	epoxi	-3.6730427e-05
632	citicorp	-3.67427e-05
632	countermeasur	-3.6775946e-05
632	nishimoto	-3.680859e-05
632	midlevel	-3.6808593e-05
632	l20	-3.6813657e-05
632	tieup	-3.681926e-05
632	kajima	-3.6850754e-05
632	1149	-3.6855392e-05
632	kwon	-3.6855887e-05
632	bolshaya	-3.6861493e-05
632	physician	-3.6906727e-05
632	switchgear	-3.691223e-05
632	suisan	-3.6929636e-05
632	pon	-3.6941605e-05
632	allerg	-3.6990954e-05
632	419	-3.699836e-05
632	racecours	-3.703777e-05
632	ussuriysk	-3.7043e-05
632	7191	-3.7061494e-05
632	transocean	-3.7067566e-05
632	wv	-3.707567e-05
632	anatom	-3.7089765e-05
632	amorph	-3.7122518e-05
632	ss	-3.7130347e-05
632	716th	-3.713311e-05
632	jiangn	-3.713311e-05
632	cinetheodolit	-3.713311e-05
632	1020th	-3.713311e-05
632	shiju	-3.713311e-05
632	sqk	-3.713311e-05
632	dunhuan	-3.713311e-05
632	celesti	-3.7157737e-05
632	2540	-3.7174985e-05
632	3411	-3.7198108e-05
632	ncoic	-3.7198526e-05
632	nizkiy	-3.7198526e-05
632	nikulino	-3.7198526e-05
632	intiti	-3.719939e-05
632	mistransl	-3.719939e-05
632	toothbrush	-3.7206493e-05
632	gorki	-3.7206773e-05
632	danek	-3.7220216e-05
632	velikii	-3.7234062e-05
632	sci	-3.7242673e-05
632	mil	-3.7244412e-05
632	0953	-3.7246464e-05
632	togeth	-3.725993e-05
632	hofu	-3.7305592e-05
632	nontranspar	-3.7305592e-05
632	0344	-3.7316357e-05
632	kozirev	-3.7318856e-05
632	goliath	-3.732136e-05
632	glucos	-3.7326405e-05
632	bukhara	-3.733331e-05
632	1248	-3.733372e-05
632	seismic	-3.7345133e-05
632	vtg	-3.7367117e-05
632	lujiazui	-3.7411595e-05
632	qizheng	-3.7411595e-05
632	kr	-3.743096e-05
632	kyshtym	-3.7435748e-05
632	shekhovtsov	-3.7435748e-05
632	nonresid	-3.7446218e-05
632	duri	-3.746873e-05
632	powerlin	-3.746873e-05
632	alitalia	-3.7504527e-05
632	childish	-3.751987e-05
632	unicef	-3.7527385e-05
632	glp	-3.754361e-05
632	edison	-3.7561626e-05
632	decorum	-3.756213e-05
632	joll	-3.7569695e-05
632	shao	-3.7578146e-05
632	nii	-3.7578146e-05
632	abri	-3.7623948e-05
632	airfar	-3.7623948e-05
632	lichang	-3.7623948e-05
632	relend	-3.7637077e-05
632	leyt	-3.7637077e-05
632	synchrotron	-3.7648188e-05
632	maralinga	-3.764846e-05
632	lopsid	-3.766196e-05
632	471	-3.7664697e-05
632	1206	-3.7691396e-05
632	pang	-3.7718273e-05
632	precept	-3.7726724e-05
632	dodecyl	-3.772866e-05
632	musashino	-3.772866e-05
632	tunki	-3.772866e-05
632	abdulrahman	-3.772866e-05
632	disan	-3.772866e-05
632	promiscu	-3.7769194e-05
632	interministri	-3.7793725e-05
632	nonindustri	-3.7800713e-05
632	9800	-3.7868456e-05
632	borowski	-3.7870646e-05
632	craftmat	-3.7871272e-05
632	finet	-3.7871272e-05
632	advo	-3.7871272e-05
632	artech	-3.7871272e-05
632	macroregion	-3.7877595e-05
632	1h	-3.7913138e-05
632	pastureland	-3.7913138e-05
632	pdc	-3.792108e-05
632	pnb	-3.7950645e-05
632	0610	-3.7952082e-05
632	superimpos	-3.7980575e-05
632	1123	-3.798932e-05
632	drool	-3.799124e-05
632	politika	-3.8007227e-05
632	grati	-3.8017894e-05
632	f1o0	-3.802187e-05
632	b1ack	-3.802187e-05
632	heterojunctur	-3.802187e-05
632	handicraf	-3.802187e-05
632	culin	-3.802187e-05
632	mi1lion	-3.802187e-05
632	hk240	-3.802187e-05
632	0038z	-3.802187e-05
632	iikawa	-3.802187e-05
632	kumhwa	-3.802187e-05
632	tongsong	-3.802187e-05
632	choongnam	-3.802187e-05
632	p0st	-3.802187e-05
632	accord4ng	-3.802187e-05
632	indauda	-3.802187e-05
632	mobi1	-3.802187e-05
632	huamei	-3.802187e-05
632	texoca	-3.802187e-05
632	mobang	-3.802187e-05
632	8cr	-3.802187e-05
632	wi1l	-3.802187e-05
632	mil1ion	-3.802187e-05
632	langshan	-3.802187e-05
632	cky	-3.802187e-05
632	citynet	-3.802187e-05
632	seyoung	-3.802187e-05
632	barceliu	-3.802187e-05
632	yijo	-3.802187e-05
632	pw40o0	-3.802187e-05
632	yigong	-3.802187e-05
632	arom	-3.802187e-05
632	viettron	-3.802187e-05
632	upyong	-3.802187e-05
632	udatinda	-3.802187e-05
632	vipesco	-3.802187e-05
632	elof	-3.802187e-05
632	pennsylvania	-3.8028036e-05
632	polycycl	-3.8028873e-05
632	vitamin	-3.804793e-05
632	nebul	-3.806954e-05
632	girozentral	-3.807561e-05
632	ps	-3.8090864e-05
632	csd	-3.8118265e-05
632	toehold	-3.812393e-05
632	mactan	-3.8135313e-05
632	vpp	-3.8135313e-05
632	pich	-3.813941e-05
632	nauk	-3.814553e-05
632	fugro	-3.821236e-05
632	measat	-3.821236e-05
632	chany	-3.821236e-05
632	julang	-3.8215043e-05
632	upfront	-3.8221766e-05
632	amp	-3.8247876e-05
632	0547	-3.8265003e-05
632	daiyamondo	-3.8265003e-05
632	shinseito	-3.8274124e-05
632	zia	-3.829764e-05
632	1243	-3.829991e-05
632	pic	-3.8300608e-05
632	tkvarch	-3.8307015e-05
632	asthma	-3.8341084e-05
632	switerland	-3.8371916e-05
632	hasang	-3.8371916e-05
632	narariddh	-3.8371916e-05
632	kasei	-3.8373797e-05
632	nedcor	-3.8406466e-05
632	kushiro	-3.8412392e-05
632	shuichi	-3.8412392e-05
632	morioka	-3.841287e-05
632	retrofit	-3.841349e-05
632	spokesmen	-3.8431812e-05
632	cur	-3.845598e-05
632	1102	-3.8466973e-05
632	1217	-3.8467235e-05
632	qinghua	-3.8483246e-05
632	fluorspar	-3.8489587e-05
632	takahiro	-3.850347e-05
632	multin	-3.8513386e-05
632	mccrori	-3.8577604e-05
632	1127	-3.8598268e-05
632	pandit	-3.860273e-05
632	airmobil	-3.860339e-05
632	piper	-3.861794e-05
632	0920	-3.862634e-05
632	borodino	-3.8656937e-05
632	zaslavskii	-3.8656937e-05
632	volsk	-3.8656937e-05
632	capelin	-3.8656937e-05
632	plowland	-3.8656937e-05
632	pyatigorsk	-3.8656937e-05
632	briquet	-3.866486e-05
632	zhaoguo	-3.8669077e-05
632	daybreak	-3.8676895e-05
632	tuboscop	-3.868664e-05
632	quantech	-3.868664e-05
632	duratek	-3.868664e-05
632	midyear	-3.8693677e-05
632	recompil	-3.871358e-05
632	techolog	-3.871358e-05
632	elantra	-3.871358e-05
632	drnes121	-3.873014e-05
632	beech	-3.8734546e-05
632	7120	-3.8735212e-05
632	kuk	-3.8742484e-05
632	confederaci	-3.8759994e-05
632	asahikawa	-3.8767525e-05
632	yoshinari	-3.8777027e-05
632	td1	-3.8777027e-05
632	bomer	-3.8777027e-05
632	yomei	-3.8777027e-05
632	kangwon	-3.8808364e-05
632	yangzhou	-3.8809158e-05
632	multivest	-3.8819653e-05
632	1150	-3.882764e-05
632	hardcopi	-3.8833874e-05
632	cach	-3.8881586e-05
632	hallwood	-3.890284e-05
632	2592	-3.8939597e-05
632	nonbudgetari	-3.895114e-05
632	nonfunct	-3.895114e-05
632	759	-3.8955324e-05
632	tobolsk	-3.8959563e-05
632	hydrobiolog	-3.8959563e-05
632	tura	-3.8959563e-05
632	prokopyevsk	-3.8959563e-05
632	thessaloniki	-3.8990853e-05
632	gumi	-3.900105e-05
632	unfriendli	-3.9024726e-05
632	batu	-3.9026487e-05
632	yanshan	-3.904167e-05
632	bearabl	-3.904383e-05
632	4395	-3.907239e-05
632	husk	-3.9098908e-05
632	jg	-3.9123322e-05
632	0614	-3.913966e-05
632	unfund	-3.9165792e-05
632	nsr	-3.9165792e-05
632	sexual	-3.9180177e-05
632	1209	-3.9219765e-05
632	cirru	-3.9226547e-05
632	interrepubl	-3.9259892e-05
632	pyren	-3.9259892e-05
632	oligopoli	-3.9280163e-05
632	perestroyka	-3.9346578e-05
632	guangm	-3.9359456e-05
632	chopstick	-3.9369163e-05
632	shekou	-3.93759e-05
632	huynh	-3.93759e-05
632	kyongsang	-3.9379138e-05
632	sunnyval	-3.938418e-05
632	deferr	-3.939366e-05
632	kennel	-3.93974e-05
632	toshiomi	-3.9402614e-05
632	chuo	-3.9413073e-05
632	guidepost	-3.9423856e-05
632	tadashi	-3.9425166e-05
632	hiroyoshi	-3.9455314e-05
632	pasaribu	-3.9455314e-05
632	nushi	-3.9455314e-05
632	rimsat	-3.9455314e-05
632	shaofu	-3.948994e-05
632	munhwa	-3.9499362e-05
632	overcomcng	-3.9500057e-05
632	cert	-3.9503477e-05
632	shinhan	-3.9503615e-05
632	inadequaci	-3.951425e-05
632	rochest	-3.953816e-05
632	smear	-3.9566075e-05
632	2a	-3.9579885e-05
632	subprogram	-3.959495e-05
632	sumio	-3.960631e-05
632	deadweight	-3.9614137e-05
632	mbna	-3.9615785e-05
632	vain	-3.9619918e-05
632	4x10	-3.9652976e-05
632	subbranch	-3.9652976e-05
632	mintopenergo	-3.9652976e-05
632	petrol	-3.9667957e-05
632	connot	-3.972416e-05
632	enso	-3.9725153e-05
632	gutzeit	-3.9725153e-05
632	4047	-3.975606e-05
632	yamatan	-3.9758113e-05
632	vtol	-3.975888e-05
632	toth	-3.9759554e-05
632	gaig	-3.977824e-05
632	elxsi	-3.9778297e-05
632	equivest	-3.9778297e-05
632	dynatron	-3.9778297e-05
632	yongbyon	-3.9778322e-05
632	mm	-3.9782593e-05
632	abm	-3.978884e-05
632	uncollater	-3.9803752e-05
632	unstandard	-3.9803755e-05
632	camarin	-3.9803755e-05
632	prithvi	-3.985887e-05
632	eleventh	-3.986177e-05
632	kyung	-3.9894418e-05
632	thorniest	-3.9926665e-05
632	unconsolid	-3.9946408e-05
632	nonion	-3.996123e-05
632	peileifeit	-3.9970655e-05
632	hasangnuofu	-3.9970655e-05
632	manchuria	-4.0006405e-05
632	nagpur	-4.0026556e-05
632	masaji	-4.0026556e-05
632	kilobit	-4.0034418e-05
632	nonmet	-4.0034418e-05
632	crankshaft	-4.003675e-05
632	sic	-4.0044466e-05
632	obayashi	-4.0049217e-05
632	damson	-4.005182e-05
632	monchegorsk	-4.0056657e-05
632	volzhskii	-4.0056657e-05
632	shaumyan	-4.0056657e-05
632	interwork	-4.006206e-05
632	kashmiri	-4.006928e-05
632	uneas	-4.0082876e-05
632	8290	-4.0114082e-05
632	sayama	-4.0114082e-05
632	miyazaki	-4.0118015e-05
632	lada	-4.0122795e-05
632	transboundari	-4.017993e-05
632	biao	-4.018665e-05
632	bakan	-4.022785e-05
632	albai	-4.025515e-05
632	murki	-4.0255396e-05
632	geostationari	-4.0260642e-05
632	fountain	-4.026109e-05
632	millionth	-4.0264207e-05
632	hydrofoil	-4.026736e-05
632	drchi037	-4.0272324e-05
632	kathrin	-4.028e-05
632	nonwhit	-4.0292893e-05
632	reunida	-4.030479e-05
632	krakatau	-4.030479e-05
632	sangy0	-4.030479e-05
632	seibi	-4.030479e-05
632	mikawa	-4.030479e-05
632	maxter	-4.030479e-05
632	zhenhan	-4.030479e-05
632	denka	-4.030479e-05
632	baharsyah	-4.0304792e-05
632	pingshi	-4.0304792e-05
632	apach	-4.030551e-05
632	dumitru	-4.0316507e-05
632	shinwa	-4.0317882e-05
632	jidosha	-4.0317882e-05
632	3063	-4.0317886e-05
632	halocarbon	-4.036513e-05
632	1i	-4.036513e-05
632	agrotechn	-4.036513e-05
632	1135	-4.036751e-05
632	2529	-4.037221e-05
632	hegemonist	-4.038725e-05
632	hta	-4.045707e-05
632	directionless	-4.0458603e-05
632	lighter	-4.048028e-05
632	src	-4.0487546e-05
632	2181	-4.0487546e-05
632	zunyi	-4.0487546e-05
632	calcar	-4.0510917e-05
632	yatsenko	-4.0510917e-05
632	ilimsk	-4.0510917e-05
632	pervouralsk	-4.0510917e-05
632	danang	-4.0517974e-05
632	readout	-4.0517978e-05
632	wroclaw	-4.05186e-05
632	bimonthli	-4.053755e-05
632	kiril	-4.0570518e-05
632	dac	-4.0646115e-05
632	hitam	-4.0650524e-05
632	veloc	-4.065369e-05
632	groundbreak	-4.0661274e-05
632	cadet	-4.069859e-05
632	stealth	-4.0744195e-05
632	northridg	-4.076158e-05
632	kaga	-4.0771236e-05
632	kamisunagawa	-4.0771236e-05
632	sorsogon	-4.0771236e-05
632	sanyen	-4.0771236e-05
632	kancil	-4.0771236e-05
632	zigzag	-4.077393e-05
632	4104	-4.0775052e-05
632	timisoara	-4.078417e-05
632	freightwai	-4.078828e-05
632	keo	-4.0820298e-05
632	cradock	-4.086639e-05
632	periscop	-4.087437e-05
632	aerostat	-4.0879288e-05
632	shill	-4.0912466e-05
632	0655	-4.095799e-05
632	hanov	-4.0971634e-05
632	5636	-4.0977866e-05
632	technolgi	-4.0977866e-05
632	199o	-4.0977866e-05
632	titan	-4.0994826e-05
632	slicer	-4.0997456e-05
632	fen	-4.102243e-05
632	1327	-4.1027535e-05
632	shelekhov	-4.1030286e-05
632	gorlov	-4.1030286e-05
632	x10	-4.1030286e-05
632	iskitim	-4.1030286e-05
632	markin	-4.1030286e-05
632	zolotoi	-4.1030286e-05
632	desna	-4.1030286e-05
632	nobuo	-4.1038897e-05
632	tal	-4.1045914e-05
632	p42	-4.1061277e-05
632	summa	-4.1084564e-05
632	xiaojun	-4.1105835e-05
632	ultramodern	-4.1152576e-05
632	reinstitut	-4.1152576e-05
632	collat	-4.1161544e-05
632	seacoast	-4.116491e-05
632	fern	-4.1203068e-05
632	bloedel	-4.1210467e-05
632	lst	-4.121733e-05
632	khaleda	-4.12219e-05
632	rosier	-4.123739e-05
632	kita	-4.1244817e-05
632	tataria	-4.125787e-05
632	subson	-4.1266354e-05
632	maclaren	-4.1269082e-05
632	cbw	-4.1293522e-05
632	phaibun	-4.1373714e-05
632	peixin	-4.1373714e-05
632	copco	-4.138071e-05
632	columbian	-4.1411793e-05
632	takeyoshi	-4.1418898e-05
632	hibiya	-4.1418898e-05
632	takai	-4.1418898e-05
632	nishijima	-4.1418898e-05
632	keiichiro	-4.1418898e-05
632	dreas028	-4.14192e-05
632	suemura	-4.1442112e-05
632	fujimi	-4.1442112e-05
632	9mar94	-4.1442112e-05
632	kankyo	-4.1442112e-05
632	sakichi	-4.1442112e-05
632	guangb	-4.1442112e-05
632	teiichiro	-4.1442112e-05
632	khiet	-4.1442112e-05
632	nikkon	-4.1442112e-05
632	verticl	-4.1442112e-05
632	rmb2	-4.1442112e-05
632	nkh	-4.1442112e-05
632	prawiroardjo	-4.1442112e-05
632	hanbit	-4.1442112e-05
632	1278	-4.144945e-05
632	flagstar	-4.1502048e-05
632	pavlodar	-4.1503812e-05
632	khristo	-4.155482e-05
632	yingkou	-4.1580442e-05
632	3x10	-4.1636595e-05
632	furfur	-4.1636595e-05
632	shebekino	-4.1636595e-05
632	chudskoy	-4.1636595e-05
632	tsz	-4.1636595e-05
632	biocenosi	-4.1636595e-05
632	huangpu	-4.170894e-05
632	omega	-4.1759737e-05
632	shoko	-4.1761035e-05
632	excalibur	-4.1768006e-05
632	0629	-4.176883e-05
632	iyo	-4.1777745e-05
632	quicklim	-4.1777745e-05
632	trillionth	-4.1777745e-05
632	changzhou	-4.1784362e-05
632	mort	-4.1807278e-05
632	0749	-4.1830903e-05
632	pradesh	-4.1838022e-05
632	heli	-4.1899435e-05
632	mar93	-4.1912386e-05
632	azgir	-4.1912386e-05
632	hpa	-4.193577e-05
632	yasir	-4.1976316e-05
632	dresdner	-4.199578e-05
632	fere	-4.2021304e-05
632	0670	-4.2078034e-05
632	biliran	-4.209743e-05
632	unysi	-4.209743e-05
632	seastar	-4.209743e-05
632	suraphong	-4.209743e-05
632	ruxuan	-4.209743e-05
632	matav	-4.210115e-05
632	roadb	-4.2106345e-05
632	heisei	-4.2116102e-05
632	rap	-4.213033e-05
632	orchestr	-4.216902e-05
632	capstead	-4.216971e-05
632	kecheng	-4.2190724e-05
632	flinch	-4.2201747e-05
632	2504	-4.222599e-05
632	malka	-4.2235726e-05
632	motorcyl	-4.225153e-05
632	oceanian	-4.225153e-05
632	nantou	-4.225153e-05
632	zhoushan	-4.2266973e-05
632	dinesh	-4.2285596e-05
632	azimuth	-4.23064e-05
632	shigeyoshi	-4.2310647e-05
632	hisami	-4.2310647e-05
632	tamano	-4.2310647e-05
632	arimoto	-4.2310647e-05
632	sematech	-4.2322805e-05
632	cuernavaca	-4.2326727e-05
632	joul	-4.233181e-05
632	confectionari	-4.2363856e-05
632	aleksandrovsk	-4.2364907e-05
632	selenga	-4.2364907e-05
632	beloyarskaya	-4.2364907e-05
632	transpolar	-4.2364907e-05
632	adyg	-4.2364907e-05
632	rosneftegaz	-4.2364907e-05
632	shakhtinskii	-4.2364907e-05
632	sterlet	-4.2364907e-05
632	ignatovich	-4.2364907e-05
632	roskomgidromet	-4.2364907e-05
632	kinemat	-4.243001e-05
632	polari	-4.2443426e-05
632	e1	-4.244357e-05
632	goia	-4.2480577e-05
632	0433	-4.2499847e-05
632	refinanc	-4.250007e-05
632	6929	-4.254427e-05
632	preponderantli	-4.2549567e-05
632	carita	-4.2557378e-05
632	sandvik	-4.2648993e-05
632	prosecutor	-4.2718228e-05
632	trijunct	-4.273489e-05
632	tandon	-4.2747477e-05
632	compost	-4.2756325e-05
632	jpten005	-4.2757383e-05
632	tohmatsu	-4.2763815e-05
632	main	-4.278279e-05
632	octanol	-4.2787415e-05
632	rosolino	-4.2793214e-05
632	bijou	-4.2805805e-05
632	rebirth	-4.2827676e-05
632	carlsberg	-4.2830954e-05
632	716	-4.284261e-05
632	macarthur	-4.28821e-05
632	jpusr016	-4.2909098e-05
632	resciss	-4.2931973e-05
632	fatherli	-4.2935142e-05
632	tsui	-4.2954223e-05
632	entergi	-4.2955027e-05
632	qt	-4.297811e-05
632	000cc	-4.297811e-05
632	enliven	-4.297931e-05
632	phaseout	-4.2999698e-05
632	limpaphayom	-4.3003787e-05
632	kheong	-4.3003787e-05
632	denpa	-4.3003787e-05
632	jalandhar	-4.3003944e-05
632	mezhdurechensk	-4.3008866e-05
632	limousin	-4.3011714e-05
632	sovkhoz	-4.3018747e-05
632	guangya	-4.304255e-05
632	hanwa	-4.3052205e-05
632	mudanjiang	-4.3078537e-05
632	kimsreang	-4.3086344e-05
632	huaqiu	-4.3094078e-05
632	843	-4.3094467e-05
632	xianji	-4.309909e-05
632	duracel	-4.3123597e-05
632	demokratsiya	-4.3152886e-05
632	shibata	-4.315761e-05
632	rmb2oo	-4.316876e-05
632	0134z	-4.316876e-05
632	shigushan	-4.316876e-05
632	promissari	-4.316876e-05
632	qixin	-4.316876e-05
632	sinnun	-4.316876e-05
632	y0miuri	-4.316876e-05
632	xiaoyingl	-4.316876e-05
632	smarveh	-4.316876e-05
632	guankou	-4.316876e-05
632	jimmyaku	-4.316876e-05
632	gs125esk	-4.316876e-05
632	sokwang	-4.316876e-05
632	neax61	-4.316876e-05
632	vijagem	-4.316876e-05
632	dpek	-4.316876e-05
632	seaprodex	-4.316876e-05
632	vp2100	-4.316876e-05
632	padukka	-4.316876e-05
632	ekonit	-4.316876e-05
632	vinagemco	-4.316876e-05
632	nulear	-4.3175743e-05
632	0929	-4.3181928e-05
632	cl	-4.318549e-05
632	visegrad	-4.31872e-05
632	hadn	-4.3196804e-05
632	nixdorf	-4.320966e-05
632	erc	-4.3224518e-05
632	stare	-4.3228847e-05
632	breakout	-4.3262247e-05
632	fluoric	-4.327702e-05
632	vishera	-4.327702e-05
632	kotla	-4.327702e-05
632	nondeplet	-4.327702e-05
632	omul	-4.327702e-05
632	yashchenko	-4.327702e-05
632	coliphag	-4.327702e-05
632	samarskaya	-4.327702e-05
632	galliform	-4.327702e-05
632	nevinnomyssk	-4.327702e-05
632	podzol	-4.327702e-05
632	polenov	-4.327702e-05
632	zima	-4.327702e-05
632	sprayer	-4.330497e-05
632	popescu	-4.3337965e-05
632	oversensit	-4.3344906e-05
632	hmg	-4.3366952e-05
632	kesari	-4.336839e-05
632	ohira	-4.338975e-05
632	lenten	-4.3390268e-05
632	perkasa	-4.3392072e-05
632	wll	-4.3392076e-05
632	sipe	-4.3393513e-05
632	deutschemark	-4.3398002e-05
632	oakdal	-4.340191e-05
632	solvenc	-4.3410768e-05
632	pipelai	-4.3425563e-05
632	sombun	-4.3425567e-05
632	reptil	-4.3474796e-05
632	kuranari	-4.3504562e-05
632	sawamura	-4.3504562e-05
632	oaza	-4.3504562e-05
632	torpedoman	-4.3504562e-05
632	quad	-4.3556647e-05
632	imex	-4.355979e-05
632	kakuei	-4.3624204e-05
632	1148	-4.3640328e-05
632	183	-4.3644905e-05
632	t3	-4.373177e-05
632	marunouchi	-4.373177e-05
632	giga	-4.375112e-05
632	0213	-4.378387e-05
632	larynx	-4.378387e-05
632	uterin	-4.378387e-05
632	poh	-4.3803197e-05
632	paral	-4.387208e-05
632	0531	-4.3885808e-05
632	milosev	-4.389622e-05
632	1j	-4.391754e-05
632	polyacrylamid	-4.391754e-05
632	retire	-4.3925505e-05
632	cone	-4.3927037e-05
632	danu	-4.394701e-05
632	silistra	-4.3989836e-05
632	abdo	-4.4019085e-05
632	kozlik	-4.405039e-05
632	magnesia	-4.4098597e-05
632	0622	-4.4098597e-05
632	umi	-4.4102384e-05
632	jiamusi	-4.4102384e-05
632	tieshan	-4.4102384e-05
632	caster	-4.411115e-05
632	joe	-4.4122913e-05
632	belorussian	-4.413447e-05
632	408	-4.417295e-05
632	trident	-4.4181703e-05
632	stoeckel	-4.418517e-05
632	doddi	-4.418517e-05
632	tredia	-4.4185177e-05
632	sparc	-4.4197313e-05
632	zainul	-4.4217264e-05
632	uxp	-4.4217264e-05
632	producit	-4.4217264e-05
632	hsiong	-4.4217264e-05
632	tokorozawa	-4.4217264e-05
632	akkuyu	-4.4217264e-05
632	svr4	-4.4217264e-05
632	b24	-4.4217264e-05
632	priorit	-4.4234617e-05
632	zieleniec	-4.4252407e-05
632	0952	-4.428504e-05
632	nengkuan	-4.4315253e-05
632	yonghuai	-4.4315257e-05
632	669	-4.4320146e-05
632	4b	-4.43211e-05
632	2508	-4.433937e-05
632	lombard	-4.436044e-05
632	hazratb	-4.438796e-05
632	coplei	-4.438925e-05
632	stg	-4.442738e-05
632	diyan	-4.442738e-05
632	lerma	-4.442738e-05
632	multifib	-4.442738e-05
632	stiffen	-4.4471653e-05
632	incorrect	-4.4480377e-05
632	gutsalov	-4.449821e-05
632	karpukhin	-4.449821e-05
632	yessentuki	-4.449821e-05
632	moiseyeva	-4.449821e-05
632	visherskii	-4.449821e-05
632	tsimlyansk	-4.449821e-05
632	cheremkhovo	-4.449821e-05
632	vanad	-4.449821e-05
632	vuktyl	-4.449821e-05
632	fokino	-4.449821e-05
632	kiselevsk	-4.449821e-05
632	hopkinsvil	-4.451012e-05
632	sapura	-4.451012e-05
632	salti	-4.4525957e-05
632	bomblet	-4.4531334e-05
632	elbow	-4.454171e-05
632	fib	-4.4548902e-05
632	nongmin	-4.455822e-05
632	nazi	-4.4565346e-05
632	vid	-4.4581564e-05
632	webber	-4.4604018e-05
632	2490	-4.472488e-05
632	cyclotron	-4.4731205e-05
632	quito	-4.473981e-05
632	iwata	-4.4754786e-05
632	37th	-4.476561e-05
632	slobodan	-4.4776174e-05
632	newsdai	-4.4783734e-05
632	rosen	-4.4819033e-05
632	subcrit	-4.4859054e-05
632	tokushima	-4.4872242e-05
632	shokusan	-4.4872242e-05
632	essar	-4.4872242e-05
632	upson	-4.4872242e-05
632	0559	-4.493494e-05
632	galosh	-4.4943034e-05
632	qingtai	-4.495011e-05
632	tianh	-4.495011e-05
632	hieng	-4.495011e-05
632	dialoqu	-4.4974633e-05
632	instabail	-4.4974633e-05
632	635	-4.4981094e-05
632	todorov	-4.5024848e-05
632	kombinat	-4.5024848e-05
632	wissmann	-4.5024848e-05
632	0514	-4.504955e-05
632	wanbao	-4.5103694e-05
632	uong	-4.513648e-05
632	vietames	-4.513648e-05
632	kaiwen	-4.513648e-05
632	kukmin	-4.513648e-05
632	juroku	-4.513648e-05
632	biocenos	-4.5137873e-05
632	minebea	-4.5155863e-05
632	namtu	-4.516816e-05
632	baltimor	-4.5200894e-05
632	sardin	-4.521904e-05
632	meespierson	-4.5237364e-05
632	dongwan	-4.5237364e-05
632	b16	-4.5237364e-05
632	downriv	-4.526308e-05
632	latvian	-4.52981e-05
632	sanatorium	-4.5307348e-05
632	beyon	-4.5317152e-05
632	gokamura	-4.5317152e-05
632	izuhara	-4.5317152e-05
632	ominato	-4.5317152e-05
632	nakashizu	-4.5317152e-05
632	okishima	-4.5317152e-05
632	liancourt	-4.5317152e-05
632	fusosha	-4.5317152e-05
632	higashijima	-4.5317152e-05
632	tatsugumo	-4.5317152e-05
632	workpiec	-4.5348006e-05
632	sober	-4.535634e-05
632	belaya	-4.536722e-05
632	iowa	-4.5431207e-05
632	c8	-4.5463563e-05
632	hulin	-4.547316e-05
632	xiaoshan	-4.547316e-05
632	intima	-4.547316e-05
632	landmin	-4.547773e-05
632	gleason	-4.5487675e-05
632	dodger	-4.5507102e-05
632	vainli	-4.55127e-05
632	drchi033	-4.5512792e-05
632	expropri	-4.5518133e-05
632	sev	-4.552318e-05
632	haii	-4.552489e-05
632	teknik	-4.5545155e-05
632	technopark	-4.5545155e-05
632	gwc	-4.5569494e-05
632	phuc	-4.558162e-05
632	1421	-4.558261e-05
632	ryazan	-4.5588564e-05
632	zement	-4.5600667e-05
632	organization	-4.5600726e-05
632	nanhu	-4.5606695e-05
632	l980	-4.5606695e-05
632	necrosi	-4.561011e-05
632	aquif	-4.5670495e-05
632	guan	-4.5688892e-05
632	0826	-4.5711724e-05
632	coproduct	-4.573765e-05
632	akiyama	-4.5737655e-05
632	between	-4.5838147e-05
632	tantamount	-4.5863802e-05
632	708	-4.5864304e-05
632	yusuk	-4.587664e-05
632	superabund	-4.587989e-05
632	806	-4.5915152e-05
632	changzheng	-4.5915436e-05
632	gedeon	-4.591758e-05
632	unissu	-4.5917703e-05
632	colloid	-4.5926576e-05
632	subleg	-4.5927434e-05
632	preambl	-4.5929075e-05
632	1316	-4.5930537e-05
632	hydrophon	-4.594542e-05
632	haa	-4.5947996e-05
632	xin	-4.6005793e-05
632	drchi102	-4.601302e-05
632	tara	-4.6047728e-05
632	0925	-4.6054094e-05
632	t1	-4.6054778e-05
632	seizo	-4.6056146e-05
632	vod	-4.6056146e-05
632	23mar94	-4.6056146e-05
632	mainchi	-4.6059547e-05
632	zhengqin	-4.6059547e-05
632	9feb94	-4.6059547e-05
632	0546z	-4.6059547e-05
632	inouir	-4.6059547e-05
632	henamari	-4.6059547e-05
632	developmeddt	-4.6059547e-05
632	atmx	-4.6059547e-05
632	iiigh	-4.6059547e-05
632	tbktsg	-4.6059547e-05
632	ews4800	-4.6059547e-05
632	faciiig	-4.6059547e-05
632	administrr	-4.6059547e-05
632	matsuto	-4.6059547e-05
632	onjer	-4.6059547e-05
632	phaisitphathanaphong	-4.6059547e-05
632	ruak	-4.6059547e-05
632	siector	-4.6059547e-05
632	juchuan	-4.6059547e-05
632	jiarngsu	-4.6059547e-05
632	pyoldoro	-4.6059547e-05
632	seram	-4.6059547e-05
632	liuzhuang	-4.6059547e-05
632	secibd	-4.6059547e-05
632	masterless	-4.6059547e-05
632	kantu	-4.6059547e-05
632	oingdao	-4.6059547e-05
632	salawati	-4.6059547e-05
632	cgpc	-4.6059547e-05
632	thilawa	-4.6059547e-05
632	mapview	-4.6059547e-05
632	shijian	-4.6067667e-05
632	ako	-4.608448e-05
632	rss	-4.608884e-05
632	fok	-4.608884e-05
632	nafco	-4.6103873e-05
632	viro	-4.6103873e-05
632	lands	-4.6103873e-05
632	beta	-4.611314e-05
632	erlu	-4.6161622e-05
632	qiuxin	-4.6161622e-05
632	cotermin	-4.6174773e-05
632	911	-4.618976e-05
632	617	-4.6209596e-05
632	broadwai	-4.6214234e-05
632	marshland	-4.6218556e-05
632	yawata	-4.6235782e-05
632	fangzhi	-4.6235782e-05
632	ligang	-4.6235782e-05
632	mers	-4.6235782e-05
632	matsuzaki	-4.6235782e-05
632	unfamiliar	-4.6243487e-05
632	c13	-4.6246903e-05
632	decison	-4.6246903e-05
632	gyor	-4.6257555e-05
632	godo	-4.6257555e-05
632	kimstach	-4.6352197e-05
632	shepeleva	-4.6352197e-05
632	nrn	-4.6352197e-05
632	sneo	-4.6352197e-05
632	vavilin	-4.6352197e-05
632	lenticl	-4.6352197e-05
632	hcch	-4.6352197e-05
632	vakhrushev	-4.6352197e-05
632	krasnodarskoy	-4.6352197e-05
632	chapayevka	-4.6352197e-05
632	khilchevskaya	-4.6352197e-05
632	overfel	-4.6352197e-05
632	tskk	-4.6352197e-05
632	kstovo	-4.6352197e-05
632	wigri	-4.6352197e-05
632	gorkovskoy	-4.6352197e-05
632	roskommunkhoz	-4.6352197e-05
632	katunskaya	-4.6352197e-05
632	helminthoma	-4.6352197e-05
632	shusharina	-4.6352197e-05
632	tauyskaya	-4.6352197e-05
632	vedenyapin	-4.6352197e-05
632	pelagian	-4.6352197e-05
632	tsimlyanskoy	-4.6352197e-05
632	kondrovo	-4.6352197e-05
632	fedotkin	-4.6352197e-05
632	kizelovsk	-4.6352197e-05
632	svirsk	-4.6352197e-05
632	solombalskii	-4.6352197e-05
632	kertsman	-4.6352197e-05
632	berlyant	-4.6352197e-05
632	avdyushin	-4.6352197e-05
632	trephalan	-4.6352197e-05
632	ekobezopasnost	-4.6352197e-05
632	kadastr	-4.6352197e-05
632	grabovnikov	-4.6352197e-05
632	averchenkov	-4.6352197e-05
632	barguzin	-4.6352197e-05
632	pskovsko	-4.6352197e-05
632	kavminvod	-4.6352197e-05
632	uglichskoy	-4.6352197e-05
632	lubyako	-4.6352197e-05
632	pribaykalskii	-4.6352197e-05
632	kontarovich	-4.6352197e-05
632	kvasnikova	-4.6352197e-05
632	nazarova	-4.6352197e-05
632	sochinskii	-4.6352197e-05
632	imshennik	-4.6352197e-05
632	chusovoi	-4.6352197e-05
632	pasvik	-4.6352197e-05
632	alkylbenzen	-4.6410136e-05
632	inayama	-4.6410136e-05
632	chiah	-4.6410136e-05
632	vinalimex	-4.6410136e-05
632	pihyon	-4.6410136e-05
632	zhanghua	-4.6410136e-05
632	xiangji	-4.6410136e-05
632	zhoutouzui	-4.6410136e-05
632	fuhui	-4.6410136e-05
632	tosoh	-4.648894e-05
632	gaya	-4.648894e-05
632	jinxiang	-4.648894e-05
632	taiheiyo	-4.648894e-05
632	teal	-4.6497582e-05
632	ast	-4.6511715e-05
632	dakar	-4.6556408e-05
632	gca	-4.6600966e-05
632	boguslaw	-4.6624227e-05
632	hassal	-4.6627618e-05
632	sock	-4.665576e-05
632	barrack	-4.667498e-05
632	hashimoto	-4.6688452e-05
632	aaron	-4.6703033e-05
632	asamera	-4.6736714e-05
632	burnt	-4.6764388e-05
632	nui	-4.67819e-05
632	pomona	-4.6809346e-05
632	teammat	-4.6811223e-05
632	hotspot	-4.6814857e-05
632	b747	-4.6827296e-05
632	sakurauchi	-4.6827296e-05
632	akademiya	-4.6829442e-05
632	dolphin	-4.6845504e-05
632	nonproduc	-4.691625e-05
632	651	-4.695242e-05
632	minelai	-4.6960522e-05
632	tranfer	-4.6996724e-05
632	fairfax	-4.7013833e-05
632	brezhnev	-4.701403e-05
632	sumgait	-4.701652e-05
632	vehement	-4.7041278e-05
632	yizheng	-4.708572e-05
632	naeo	-4.708572e-05
632	commodor	-4.7142003e-05
632	contempt	-4.7166264e-05
632	arduous	-4.717677e-05
632	3352	-4.7186608e-05
632	42d	-4.718786e-05
632	dc10	-4.7193884e-05
632	gwinnett	-4.725349e-05
632	406	-4.7373636e-05
632	0761	-4.737734e-05
632	companywid	-4.741294e-05
632	magneto	-4.744923e-05
632	6o	-4.7457113e-05
632	plamen	-4.7457113e-05
632	acm	-4.748673e-05
632	fanat	-4.7502173e-05
632	reiichi	-4.7537775e-05
632	doumen	-4.7537775e-05
632	leotard	-4.7543956e-05
632	bongkot	-4.7554237e-05
632	perum	-4.7554237e-05
632	ouan	-4.7554237e-05
632	segy	-4.759384e-05
632	negron	-4.760029e-05
632	yak	-4.7610913e-05
632	kinshasa	-4.761966e-05
632	happier	-4.763992e-05
632	poet	-4.76569e-05
632	ungul	-4.766991e-05
632	3823	-4.7671958e-05
632	sk7	-4.7690795e-05
632	sobota	-4.7690795e-05
632	timothi	-4.7700152e-05
632	2718	-4.7716992e-05
632	yuasa	-4.776399e-05
632	shimada	-4.776399e-05
632	ovalnaya	-4.7797952e-05
632	flatcar	-4.7824138e-05
632	tpi	-4.7826965e-05
632	athena	-4.783728e-05
632	dieter	-4.7885493e-05
632	firework	-4.7948954e-05
632	discontinu	-4.7970458e-05
632	apc	-4.7971847e-05
632	698	-4.798727e-05
632	834	-4.801301e-05
632	reseda	-4.8020596e-05
632	qfp	-4.8033853e-05
632	boten	-4.8033853e-05
632	roar	-4.8044472e-05
632	goda	-4.8076883e-05
632	huazhong	-4.8076883e-05
632	unisia	-4.8076883e-05
632	xinglin	-4.8076883e-05
632	5o	-4.8076883e-05
632	kanematsu	-4.810574e-05
632	sagaci	-4.8165813e-05
632	anomal	-4.8178954e-05
632	fraught	-4.8187238e-05
632	forcedli	-4.81902e-05
632	petrich	-4.8196438e-05
632	paprin	-4.824013e-05
632	egaskro	-4.824013e-05
632	bilgewat	-4.824013e-05
632	intracycl	-4.824013e-05
632	tarkhankut	-4.824013e-05
632	unchannel	-4.824013e-05
632	diosdado	-4.8243994e-05
632	hawthorn	-4.830008e-05
632	hafiz	-4.8318296e-05
632	masan	-4.8340935e-05
632	xiangyu	-4.8340935e-05
632	fuk	-4.8340935e-05
632	mepe	-4.8343783e-05
632	reamplifi	-4.8343783e-05
632	maninawa	-4.8343783e-05
632	jinwanli	-4.8343783e-05
632	toshiuchi	-4.8343783e-05
632	0345z	-4.8343783e-05
632	petrochemc	-4.8343783e-05
632	comglomer	-4.8343783e-05
632	wuyangfu	-4.8343783e-05
632	tapur	-4.8343783e-05
632	agrocommod	-4.8343783e-05
632	nakahid	-4.8343783e-05
632	kezai	-4.8343783e-05
632	gsmc	-4.8343783e-05
632	tobekan	-4.8343783e-05
632	techniga	-4.8343783e-05
632	savico	-4.8343783e-05
632	gumizawa	-4.8343783e-05
632	babak	-4.8357066e-05
632	sanan	-4.83663e-05
632	bogor	-4.842888e-05
632	996	-4.8429687e-05
632	chul	-4.8442893e-05
632	jia	-4.8442977e-05
632	pcb	-4.845662e-05
632	z4	-4.847138e-05
632	xylen	-4.848645e-05
632	vigilant	-4.851086e-05
632	karelian	-4.8532685e-05
632	jetstream	-4.8562786e-05
632	leuk	-4.8578087e-05
632	chemitron	-4.8578087e-05
632	bouraq	-4.8578087e-05
632	gaoyou	-4.8578087e-05
632	songnim	-4.8578087e-05
632	kikaku	-4.8578087e-05
632	railcar	-4.8609105e-05
632	bewar	-4.860954e-05
632	misconduct	-4.8620393e-05
632	dsi	-4.863792e-05
632	guran	-4.8649887e-05
632	walentin	-4.8649887e-05
632	shaposhnikov	-4.865951e-05
632	buron	-4.8693248e-05
632	kazakhstanskaya	-4.8706435e-05
632	0669	-4.8716065e-05
632	primera	-4.8724294e-05
632	939	-4.8735845e-05
632	zhongshan	-4.8743357e-05
632	sampo	-4.875062e-05
632	wakamatsu	-4.875062e-05
632	heroic	-4.8760845e-05
632	feloni	-4.877551e-05
632	pushcha	-4.878187e-05
632	pundit	-4.8827464e-05
632	6a	-4.8903777e-05
632	tsim	-4.8935377e-05
632	biofuel	-4.8952737e-05
632	marg	-4.8975744e-05
632	blix	-4.8998212e-05
632	aleksandrov	-4.9016497e-05
632	ravin	-4.903208e-05
632	daza	-4.903373e-05
632	baku	-4.9071008e-05
632	meilan	-4.9073133e-05
632	delica	-4.9073133e-05
632	zhenya	-4.9073133e-05
632	dubnica	-4.9075137e-05
632	zhukov	-4.9078615e-05
632	hcc	-4.909904e-05
632	ongc	-4.9201324e-05
632	yongsheng	-4.9201324e-05
632	3j	-4.9201324e-05
632	ttg	-4.9201324e-05
632	utsunomiya	-4.92481e-05
632	5933	-4.9259346e-05
632	slavic	-4.926527e-05
632	zai	-4.9277576e-05
632	dudlei	-4.932403e-05
632	ivo	-4.9333332e-05
632	sepulveda	-4.9348688e-05
632	goskomstat	-4.9353683e-05
632	shinbun	-4.935964e-05
632	rimavska	-4.940904e-05
632	abauj	-4.940904e-05
632	cadca	-4.940904e-05
632	mkb	-4.940904e-05
632	shigeyuki	-4.9412793e-05
632	nagahama	-4.9412793e-05
632	kontum	-4.9412793e-05
632	culver	-4.9434086e-05
632	608	-4.943463e-05
632	fuhai	-4.9486873e-05
632	750th	-4.9486873e-05
632	irt	-4.9514976e-05
632	neon	-4.953765e-05
632	winthrop	-4.9539136e-05
632	roth	-4.95709e-05
632	blackmail	-4.958019e-05
632	necrot	-4.958318e-05
632	yonggui	-4.958318e-05
632	reticl	-4.958318e-05
632	untru	-4.959097e-05
632	pointer	-4.960682e-05
632	icm	-4.9648977e-05
632	dresner	-4.970221e-05
632	cincom	-4.9702274e-05
632	daehan	-4.9702274e-05
632	iwasa	-4.9702274e-05
632	fukatsu	-4.9702274e-05
632	hogg	-4.9706843e-05
632	rosenberg	-4.975812e-05
632	sastrowardoyo	-4.976602e-05
632	redeploi	-4.9766506e-05
632	ktm	-4.9768656e-05
632	zemplen	-4.9768656e-05
632	maritsa	-4.9768656e-05
632	lorenz	-4.979378e-05
632	haulag	-4.9820206e-05
632	infield	-4.9821094e-05
632	marietta	-4.9821385e-05
632	hotli	-4.9825965e-05
632	3494	-4.987292e-05
632	baroqu	-4.9940303e-05
632	yosahiko	-4.9948856e-05
632	1945z	-4.9948856e-05
632	riba0	-4.9948856e-05
632	sogreah	-4.9948856e-05
632	ba0	-4.9948856e-05
632	jangguo	-4.9948856e-05
632	coinvertir	-4.9948856e-05
632	syvelyn	-4.9948856e-05
632	sueaki	-4.9948856e-05
632	auditori	-4.994973e-05
632	aspin	-5.000825e-05
632	exuber	-5.0021157e-05
632	zhiyi	-5.004991e-05
632	bronchial	-5.0055784e-05
632	dacca	-5.0099843e-05
632	knesset	-5.010221e-05
632	neftokhim	-5.015826e-05
632	zori	-5.015826e-05
632	musk	-5.016396e-05
632	expendiencei	-5.0198e-05
632	uichongbu	-5.0198e-05
632	perostroyka	-5.0198e-05
632	relsolut	-5.0198e-05
632	pyongyan	-5.0198e-05
632	rak	-5.02042e-05
632	supersed	-5.022367e-05
632	qiqihar	-5.0229162e-05
632	chavez	-5.0242772e-05
632	yerevan	-5.0243532e-05
632	noncompost	-5.025002e-05
632	antislippag	-5.025002e-05
632	cenos	-5.025002e-05
632	karkinit	-5.025002e-05
632	biogas	-5.025002e-05
632	berezinki	-5.025002e-05
632	novocherkessk	-5.025002e-05
632	methylmercaptan	-5.025002e-05
632	plausibl	-5.0251125e-05
632	hongx	-5.0265866e-05
632	ulu	-5.0265866e-05
632	morohashi	-5.0265866e-05
632	wusong	-5.0265866e-05
632	namura	-5.0277125e-05
632	1o5	-5.0277125e-05
632	17o	-5.0277125e-05
632	cikampek	-5.0277125e-05
632	vq	-5.0277125e-05
632	ywangan	-5.028374e-05
632	hsaung	-5.0283743e-05
632	lifetim	-5.02997e-05
632	roper	-5.0299845e-05
632	laci	-5.0382303e-05
632	gimmick	-5.0396557e-05
632	ml	-5.0429695e-05
632	bewteen	-5.043672e-05
632	tongguk	-5.0436724e-05
632	deregist	-5.0479972e-05
632	frantic	-5.0545907e-05
632	macapag	-5.0557785e-05
632	fp	-5.0575032e-05
632	gustavo	-5.0580704e-05
632	ksh	-5.0583338e-05
632	sk12	-5.0583338e-05
632	vilk	-5.0583338e-05
632	dealership	-5.0589588e-05
632	martyr	-5.064376e-05
632	sarid	-5.064804e-05
632	zlenko	-5.0658244e-05
632	isostat	-5.0673334e-05
632	huiyang	-5.0673334e-05
632	1921	-5.0691808e-05
632	chelni	-5.0739884e-05
632	nibbl	-5.0762366e-05
632	minatom	-5.076825e-05
632	deceit	-5.0780647e-05
632	rabbi	-5.0797655e-05
632	dreas032	-5.0874434e-05
632	comb	-5.0884006e-05
632	coyot	-5.0898707e-05
632	tianj	-5.0910294e-05
632	braodcast	-5.0910294e-05
632	shinroku	-5.0910294e-05
632	asea	-5.098875e-05
632	closet	-5.099961e-05
632	interdict	-5.1000505e-05
632	mudslid	-5.100266e-05
632	esop	-5.102605e-05
632	crimea	-5.103937e-05
632	bereg	-5.1051e-05
632	jl	-5.1071016e-05
632	defiant	-5.1078136e-05
632	restat	-5.107897e-05
632	stalinist	-5.1092447e-05
632	boveri	-5.1096198e-05
632	incens	-5.1100287e-05
632	kamchatskii	-5.1117382e-05
632	jiujiang	-5.1161616e-05
632	zip	-5.116959e-05
632	moldovan	-5.122157e-05
632	opel	-5.1299852e-05
632	asssembl	-5.1318963e-05
632	jiaozhou	-5.131897e-05
632	amrin	-5.131897e-05
632	phinit	-5.131897e-05
632	benkan	-5.131897e-05
632	hironori	-5.131897e-05
632	dongan	-5.131897e-05
632	b767	-5.131897e-05
632	harsono	-5.131897e-05
632	nanchong	-5.1359595e-05
632	xinli	-5.1359595e-05
632	haishan	-5.1359595e-05
632	heizo	-5.1359595e-05
632	yukimura	-5.1359595e-05
632	picosecond	-5.138943e-05
632	nezhad	-5.138943e-05
632	adriat	-5.139952e-05
632	lutheran	-5.142608e-05
632	comprehend	-5.1426094e-05
632	subchas	-5.1436597e-05
632	lamp	-5.1436826e-05
632	char	-5.152105e-05
632	gosatomnadzor	-5.1523217e-05
632	anguish	-5.153088e-05
632	iztok	-5.1570714e-05
632	m7	-5.1570714e-05
632	karvina	-5.1570714e-05
632	wisconsin	-5.158511e-05
632	blanc	-5.1588002e-05
632	7614	-5.1604336e-05
632	glue	-5.1621715e-05
632	az	-5.165947e-05
632	murofushi	-5.166259e-05
632	huanan	-5.166259e-05
632	donggang	-5.166259e-05
632	organochlorin	-5.1665556e-05
632	eschew	-5.1694587e-05
632	vongsai	-5.1752468e-05
632	khachonprasat	-5.1752468e-05
632	qiandaohu	-5.1752468e-05
632	7400	-5.1758147e-05
632	foong	-5.179173e-05
632	bais	-5.179173e-05
632	noritak	-5.179173e-05
632	restaurateur	-5.1930936e-05
632	unprejud	-5.1946467e-05
632	508	-5.1971576e-05
632	shanh	-5.202994e-05
632	multicrystallin	-5.202994e-05
632	jingjibao	-5.202994e-05
632	lasertec	-5.202994e-05
632	pao11	-5.202994e-05
632	0ver	-5.202994e-05
632	wanii	-5.202994e-05
632	thricholosil	-5.202994e-05
632	afterservic	-5.202994e-05
632	proexcel	-5.202994e-05
632	yohap	-5.202994e-05
632	jaaarta	-5.202994e-05
632	sumikazu	-5.202994e-05
632	qbro	-5.202994e-05
632	safepromot	-5.202994e-05
632	seiuemon	-5.202994e-05
632	vietranimex	-5.202994e-05
632	pakati	-5.202994e-05
632	noksan	-5.202994e-05
632	ilyang	-5.202994e-05
632	ky0ngj	-5.202994e-05
632	okuramech	-5.202994e-05
632	jncreas	-5.202994e-05
632	yojon	-5.202994e-05
632	0il	-5.202994e-05
632	zhizhuang	-5.202994e-05
632	1o0	-5.202994e-05
632	robofil	-5.202994e-05
632	0ffice	-5.202994e-05
632	linbang	-5.202994e-05
632	yoksam	-5.202994e-05
632	kamaya	-5.202994e-05
632	vidamco	-5.202994e-05
632	mutual1i	-5.202994e-05
632	robotech	-5.202994e-05
632	robocut	-5.202994e-05
632	fshore	-5.202994e-05
632	bitung	-5.202994e-05
632	yale	-5.203541e-05
632	chino	-5.205687e-05
632	kongdonghua	-5.2060994e-05
632	fangshuo	-5.2060994e-05
632	amazingli	-5.209283e-05
632	z500	-5.215556e-05
632	bardejov	-5.215556e-05
632	sk20	-5.215556e-05
632	vratsa	-5.215556e-05
632	energetick	-5.215556e-05
632	loaf	-5.218354e-05
632	meciar	-5.2224095e-05
632	sp1	-5.223066e-05
632	uari	-5.223066e-05
632	suprast	-5.224034e-05
632	bogota	-5.224835e-05
632	hamilton	-5.2255356e-05
632	neoplasm	-5.2275624e-05
632	naberezhnyy	-5.2275624e-05
632	lamson	-5.2282972e-05
632	narrat	-5.2284173e-05
632	hahn	-5.2287098e-05
632	eaeg	-5.228912e-05
632	interbr	-5.228912e-05
632	upstair	-5.229593e-05
632	arroyo	-5.2312458e-05
632	outag	-5.231991e-05
632	svg	-5.2339376e-05
632	bud	-5.2362077e-05
632	sandi	-5.236869e-05
632	ibarra	-5.2398304e-05
632	petrolimex	-5.242387e-05
632	charusombat	-5.242387e-05
632	transstroi	-5.242387e-05
632	phokkhaphan	-5.242387e-05
632	flamethrow	-5.2438525e-05
632	prognosi	-5.2509342e-05
632	cre	-5.252107e-05
632	ongch	-5.2535994e-05
632	offload	-5.2542426e-05
632	veal	-5.255813e-05
632	schwartz	-5.256474e-05
632	megavolt	-5.2566284e-05
632	pudu	-5.2566284e-05
632	naohiko	-5.2566284e-05
632	15jun94	-5.2566284e-05
632	fujii	-5.257434e-05
632	lafayett	-5.257738e-05
632	extran	-5.2579297e-05
632	kuybyshev	-5.2608564e-05
632	desmond	-5.2649535e-05
632	pnoc	-5.2713538e-05
632	irrepar	-5.272001e-05
632	hako	-5.2766336e-05
632	gustav	-5.277595e-05
632	chukchi	-5.2783056e-05
632	rambl	-5.2788128e-05
632	noonei	-5.279766e-05
632	xinxi	-5.2808322e-05
632	matsuzaka	-5.2808853e-05
632	44o	-5.2808853e-05
632	taewon	-5.2808853e-05
632	chuc	-5.2808853e-05
632	infract	-5.2815023e-05
632	forbo	-5.2824205e-05
632	bozhidar	-5.2824205e-05
632	strojirenstvi	-5.2824213e-05
632	sk13	-5.2824213e-05
632	telemecaniqu	-5.2824213e-05
632	smedvig	-5.2824213e-05
632	hopkin	-5.2831077e-05
632	899	-5.283463e-05
632	objection	-5.2852338e-05
632	tic	-5.2864765e-05
632	moren	-5.287156e-05
632	shank	-5.2872387e-05
632	fairer	-5.2873973e-05
632	demauro	-5.2878302e-05
632	novo	-5.2898253e-05
632	travers	-5.2900847e-05
632	incurs	-5.292879e-05
632	mezhdunarodnykh	-5.2995467e-05
632	belovizh	-5.2995467e-05
632	mirovoi	-5.2995467e-05
632	yien	-5.300342e-05
632	wira	-5.3010383e-05
632	buten	-5.3010383e-05
632	thachilek	-5.3010383e-05
632	salesroom	-5.3010383e-05
632	omiya	-5.3010383e-05
632	zhaoyuan	-5.3010383e-05
632	decept	-5.301816e-05
632	plaster	-5.3033356e-05
632	vibrantli	-5.3052157e-05
632	platter	-5.307594e-05
632	zhirinovski	-5.3094926e-05
632	oceango	-5.312136e-05
632	sleepi	-5.313056e-05
632	groan	-5.3138134e-05
632	airi	-5.3138134e-05
632	autograph	-5.314279e-05
632	biblic	-5.3162355e-05
632	ppg	-5.3190583e-05
632	conservat	-5.3191914e-05
632	awac	-5.3199983e-05
632	lifelong	-5.3228956e-05
632	monasteri	-5.3238615e-05
632	infrastuctur	-5.325018e-05
632	chanh	-5.325018e-05
632	lich	-5.325018e-05
632	493	-5.325024e-05
632	enslav	-5.327509e-05
632	769	-5.3305215e-05
632	nonpollut	-5.331142e-05
632	reborn	-5.33334e-05
632	kislovodsk	-5.3343065e-05
632	cracker	-5.3365307e-05
632	cinnamon	-5.3370855e-05
632	recklessli	-5.3393473e-05
632	howitz	-5.3414602e-05
632	enmiti	-5.3437216e-05
632	7311	-5.348453e-05
632	heineken	-5.3502168e-05
632	dermat	-5.354341e-05
632	apport	-5.3573254e-05
632	huf3	-5.3604796e-05
632	kalocsa	-5.3604796e-05
632	kysuc	-5.3604796e-05
632	zelezarni	-5.3604796e-05
632	minitractor	-5.3604796e-05
632	lillei	-5.3669322e-05
632	boross	-5.3683183e-05
632	communi	-5.3683663e-05
632	848	-5.3686217e-05
632	choir	-5.3687538e-05
632	inadmiss	-5.3694803e-05
632	dongwon	-5.369804e-05
632	muyangxi	-5.369804e-05
632	clam	-5.3700736e-05
632	choru	-5.3736614e-05
632	donet	-5.3751453e-05
632	painstak	-5.3756725e-05
632	porgi	-5.376811e-05
632	momentarili	-5.3768552e-05
632	budiarjo	-5.379372e-05
632	phonkeo	-5.379372e-05
632	outh	-5.379372e-05
632	qd	-5.379372e-05
632	sportswear	-5.381115e-05
632	racket	-5.3819258e-05
632	ib	-5.3844113e-05
632	tuntex	-5.385407e-05
632	ideologiya	-5.3864056e-05
632	pupuk	-5.3903164e-05
632	legan	-5.3903164e-05
632	sibor	-5.3903164e-05
632	samnam	-5.3903164e-05
632	18may94	-5.3903164e-05
632	snh	-5.3903164e-05
632	santoso	-5.3903164e-05
632	mabuhai	-5.3903164e-05
632	suseno	-5.3903164e-05
632	1645z	-5.3903164e-05
632	kyoryoku	-5.3903164e-05
632	kazakov	-5.3967826e-05
632	herbivor	-5.3967826e-05
632	janata	-5.400542e-05
632	hirohisa	-5.4012227e-05
632	legco	-5.407974e-05
632	transregion	-5.409979e-05
632	flemish	-5.4112526e-05
632	nanosecond	-5.4119355e-05
632	otnoshenii	-5.413646e-05
632	dian	-5.4145596e-05
632	monologu	-5.4193282e-05
632	stefan	-5.4229316e-05
632	hugo	-5.428748e-05
632	grief	-5.430471e-05
632	nicola	-5.433134e-05
632	cecilia	-5.433518e-05
632	syke	-5.4353786e-05
632	softli	-5.4400596e-05
632	bakersfield	-5.4410408e-05
632	rotor	-5.445617e-05
632	hitotsubashi	-5.4522923e-05
632	hare	-5.4525306e-05
632	magyar	-5.452965e-05
632	0961	-5.453768e-05
632	schmidtbauer	-5.4542455e-05
632	sk24	-5.4542455e-05
632	zsolnai	-5.4542455e-05
632	ajka	-5.4542455e-05
632	5oo	-5.4542455e-05
632	sk19	-5.4542455e-05
632	lovech	-5.4542455e-05
632	micronesia	-5.454378e-05
632	helo	-5.4544496e-05
632	reamer	-5.4544496e-05
632	rye	-5.462949e-05
632	geniu	-5.4636985e-05
632	profus	-5.464949e-05
632	flute	-5.466155e-05
632	disembark	-5.4673692e-05
632	astonishingli	-5.471319e-05
632	rodriguez	-5.4718832e-05
632	yantian	-5.4727705e-05
632	kedrovka	-5.472887e-05
632	sito	-5.4734686e-05
632	jindong	-5.4734686e-05
632	khammon	-5.4734686e-05
632	harmac	-5.4734686e-05
632	huada	-5.4734686e-05
632	ters	-5.4741024e-05
632	tuxedo	-5.476511e-05
632	unlucki	-5.4817407e-05
632	unti	-5.48226e-05
632	laureat	-5.483337e-05
632	fling	-5.4843695e-05
632	enrag	-5.485835e-05
632	sophi	-5.487009e-05
632	partnersh	-5.490321e-05
632	ovon	-5.4908953e-05
632	brunch	-5.4923144e-05
632	polecat	-5.49319e-05
632	wako	-5.4955588e-05
632	sn	-5.496376e-05
632	liangh	-5.5009103e-05
632	2144z	-5.5009103e-05
632	o945	-5.5009103e-05
632	pokkhaphan	-5.5009103e-05
632	o644	-5.5009103e-05
632	megawai	-5.5009103e-05
632	54o	-5.5009103e-05
632	baiqiao	-5.5009103e-05
632	eikogyo	-5.5009103e-05
632	chinwon	-5.5009103e-05
632	hemarat	-5.5009103e-05
632	kahoku	-5.5009103e-05
632	gistex	-5.5009103e-05
632	yukihiro	-5.5009103e-05
632	1o3	-5.5009103e-05
632	ktnyu	-5.5009103e-05
632	shirun	-5.5009103e-05
632	jinhai	-5.5009103e-05
632	saidaiji	-5.5009103e-05
632	hochstadt	-5.5009103e-05
632	amort	-5.5011416e-05
632	c4	-5.5019344e-05
632	earthi	-5.503045e-05
632	delawar	-5.5053548e-05
632	famigliett	-5.508144e-05
632	martini	-5.5084696e-05
632	874th	-5.5091572e-05
632	872nd	-5.5091572e-05
632	renkai	-5.5091572e-05
632	zircalloi	-5.5091572e-05
632	weilu	-5.5091572e-05
632	rongzheng	-5.5091572e-05
632	707th	-5.5091572e-05
632	implicitli	-5.514387e-05
632	filatov	-5.5191416e-05
632	trollei	-5.5209613e-05
632	ruipu	-5.5213288e-05
632	indovina	-5.5213288e-05
632	chonwon	-5.5213288e-05
632	sitong	-5.5213288e-05
632	haenam	-5.5213288e-05
632	baosh	-5.5213288e-05
632	xinfa	-5.5213288e-05
632	doughnut	-5.522213e-05
632	emblazon	-5.522868e-05
632	unpublish	-5.5242333e-05
632	cnea	-5.527072e-05
632	joachim	-5.527784e-05
632	incendiari	-5.528554e-05
632	lesbian	-5.529584e-05
632	boar	-5.530051e-05
632	mabuchi	-5.5350505e-05
632	chaozhou	-5.5350505e-05
632	xiaoxi	-5.5350505e-05
632	hiep	-5.5350505e-05
632	walsin	-5.5350505e-05
632	multitud	-5.5373243e-05
632	colo	-5.5401997e-05
632	novosti	-5.5404456e-05
632	counterparti	-5.5407716e-05
632	arturo	-5.5409088e-05
632	331	-5.541434e-05
632	quesion	-5.542912e-05
632	valet	-5.544759e-05
632	razor	-5.5456592e-05
632	discoveri	-5.5471e-05
632	marvin	-5.5479242e-05
632	krasnyi	-5.5487115e-05
632	novomoskovsk	-5.5487122e-05
632	handmad	-5.5505057e-05
632	mare	-5.550999e-05
632	pitc	-5.553394e-05
632	987	-5.5559114e-05
632	chechnya	-5.5594643e-05
632	gearbox	-5.5624372e-05
632	teller	-5.568416e-05
632	petrozavodsk	-5.56842e-05
632	bharatiya	-5.569505e-05
632	cajol	-5.5709883e-05
632	zachrisson	-5.571676e-05
632	mav	-5.571676e-05
632	kdc	-5.571676e-05
632	tlmace	-5.571676e-05
632	iocu	-5.571676e-05
632	dvur	-5.571676e-05
632	jakubs	-5.571676e-05
632	bilina	-5.571676e-05
632	ostravsko	-5.571676e-05
632	chomutov	-5.571676e-05
632	orava	-5.571676e-05
632	byzantin	-5.5721852e-05
632	quebec	-5.5748365e-05
632	shoddi	-5.577154e-05
632	almighti	-5.579986e-05
632	salzburg	-5.5828918e-05
632	asparagu	-5.5890167e-05
632	quaint	-5.5896307e-05
632	unhul	-5.5913122e-05
632	4may94	-5.5913122e-05
632	jiux	-5.5913122e-05
632	fuje	-5.5913122e-05
632	tuban	-5.5913122e-05
632	heartili	-5.5938403e-05
632	qwz	-5.5946828e-05
632	oiler	-5.5949553e-05
632	recogniz	-5.5961646e-05
632	schlesing	-5.599589e-05
632	impractic	-5.6065874e-05
632	constitution	-5.606914e-05
632	bashkiria	-5.6073262e-05
632	assemblywoman	-5.6089237e-05
632	492	-5.610241e-05
632	unabash	-5.6106324e-05
632	amphibian	-5.6109377e-05
632	atihuta	-5.6148998e-05
632	zuhal	-5.6148998e-05
632	tonguk	-5.6148998e-05
632	kasryono	-5.6148998e-05
632	lingshan	-5.6148998e-05
632	kyungnam	-5.6148998e-05
632	sunhil	-5.6148998e-05
632	kaigai	-5.6148998e-05
632	xuepo	-5.6148998e-05
632	technopow	-5.6148998e-05
632	sriwijaya	-5.6148998e-05
632	pada	-5.6148998e-05
632	yasua	-5.6148998e-05
632	lembak	-5.6148998e-05
632	hadiarjo	-5.6148998e-05
632	viettran	-5.6148998e-05
632	shimex	-5.6148998e-05
632	sindpec	-5.6148998e-05
632	snatcher	-5.6206325e-05
632	esmeralda	-5.6206332e-05
632	cockpit	-5.6232562e-05
632	dill	-5.6232795e-05
632	jasper	-5.6232795e-05
632	1334	-5.6264762e-05
632	bunin	-5.627066e-05
632	porter	-5.6273326e-05
632	denunci	-5.6295707e-05
632	jingmao	-5.6318702e-05
632	warrante	-5.6318702e-05
632	ligong	-5.6318702e-05
632	dreas034	-5.632786e-05
632	dnester	-5.632915e-05
632	severest	-5.637255e-05
632	superl	-5.6394052e-05
632	prism	-5.6465502e-05
632	dm11	-5.647951e-05
632	chaplin	-5.6492554e-05
632	breathless	-5.652569e-05
632	goofi	-5.6558973e-05
632	hangout	-5.6558973e-05
632	anglican	-5.657468e-05
632	theodolit	-5.658508e-05
632	benoit	-5.659241e-05
632	bryan	-5.6602632e-05
632	pdp	-5.662838e-05
632	motlei	-5.6635206e-05
632	hobb	-5.670316e-05
632	mapl	-5.6710618e-05
632	napkin	-5.672773e-05
632	grammar	-5.6736357e-05
632	gunship	-5.6742265e-05
632	nbc	-5.678319e-05
632	teardrop	-5.678657e-05
632	hustl	-5.6794437e-05
632	copacabana	-5.679559e-05
632	elan	-5.6796347e-05
632	scoter	-5.6804776e-05
632	mcr	-5.6804776e-05
632	jochen	-5.6808007e-05
632	garvei	-5.68309e-05
632	inalien	-5.6840152e-05
632	dreas008	-5.6879308e-05
632	creme	-5.69005e-05
632	tad	-5.69005e-05
632	sybron	-5.6916346e-05
632	0811	-5.692272e-05
632	strai	-5.693716e-05
632	sudanes	-5.696351e-05
632	cognac	-5.6970777e-05
632	leroi	-5.7030724e-05
632	evangel	-5.7030724e-05
632	679	-5.7096382e-05
632	gemini	-5.7135043e-05
632	contour	-5.7153546e-05
632	bapindo	-5.7168516e-05
632	mauritanian	-5.7178444e-05
632	belikov	-5.7191268e-05
632	golubev	-5.7191268e-05
632	oktyabr	-5.7191268e-05
632	ahm	-5.720104e-05
632	jozabu	-5.7210458e-05
632	kakyo	-5.721046e-05
632	mahayanist	-5.721046e-05
632	1535	-5.722226e-05
632	scoreboard	-5.7233217e-05
632	euphem	-5.723643e-05
632	gunneri	-5.7237896e-05
632	nutmeg	-5.7258905e-05
632	quorum	-5.7263183e-05
632	judaism	-5.7269473e-05
632	abati	-5.7275814e-05
632	swiecko	-5.728897e-05
632	karamfilov	-5.728897e-05
632	spravodajstvo	-5.728897e-05
632	financn	-5.728897e-05
632	lvia	-5.728897e-05
632	budapesti	-5.728897e-05
632	karvinsk	-5.728897e-05
632	markagjoni	-5.728897e-05
632	zionism	-5.7336012e-05
632	adequaci	-5.7368725e-05
632	monthlong	-5.73695e-05
632	cn	-5.742689e-05
632	falsifi	-5.742854e-05
632	0555	-5.744291e-05
632	traditionalist	-5.7451485e-05
632	yoichi	-5.7456735e-05
632	buzzword	-5.7470912e-05
632	profoundli	-5.7477984e-05
632	nicest	-5.748276e-05
632	kihung	-5.7490885e-05
632	merak	-5.7490885e-05
632	seyong	-5.7490885e-05
632	shiqi	-5.7490885e-05
632	kumaga	-5.7490885e-05
632	reguarante	-5.7490885e-05
632	0016z	-5.7490885e-05
632	nh14	-5.7490885e-05
632	sufici	-5.7490885e-05
632	kwangwoon	-5.7490885e-05
632	carlman	-5.7490885e-05
632	k0gyo	-5.7490885e-05
632	hualin	-5.7490885e-05
632	ryoden	-5.7490885e-05
632	yangxi	-5.7490885e-05
632	chunlaket	-5.7490885e-05
632	sitix	-5.751371e-05
632	chengao	-5.751371e-05
632	nikran	-5.751371e-05
632	samchulli	-5.751371e-05
632	hangu1	-5.751371e-05
632	sanduoa	-5.751371e-05
632	longhu	-5.751371e-05
632	nangang	-5.751371e-05
632	yuey	-5.751371e-05
632	huiya	-5.751371e-05
632	xiangzhi	-5.751371e-05
632	rattananakhon	-5.751371e-05
632	kyongdong	-5.751371e-05
632	resp9nd	-5.751371e-05
632	busineesmen	-5.751371e-05
632	paburik	-5.751371e-05
632	wonjin	-5.751371e-05
632	a1so	-5.751371e-05
632	shuikui	-5.751371e-05
632	kin1	-5.751371e-05
632	samtan	-5.751371e-05
632	huashui	-5.751371e-05
632	huabin	-5.751371e-05
632	tangcheng	-5.751371e-05
632	klnyu	-5.751371e-05
632	yuefang	-5.751371e-05
632	marujun	-5.751371e-05
632	inadvert	-5.7518362e-05
632	fussi	-5.7520752e-05
632	hosseinian	-5.7531248e-05
632	hechi	-5.7531248e-05
632	legamex	-5.7531248e-05
632	megaflop	-5.7531248e-05
632	pushtu	-5.7541918e-05
632	selva	-5.7586833e-05
632	eider	-5.7607518e-05
632	soddi	-5.7607518e-05
632	khakassia	-5.7607518e-05
632	amursk	-5.7607518e-05
632	overton	-5.7639074e-05
632	sakhalinsk	-5.766182e-05
632	overdraft	-5.7674537e-05
632	varianc	-5.7687186e-05
632	fddi	-5.7692516e-05
632	zan	-5.7729936e-05
632	pieti	-5.7748355e-05
632	huriat	-5.7796668e-05
632	hurtl	-5.7819383e-05
632	maroni	-5.7832054e-05
632	protempor	-5.784772e-05
632	unrival	-5.7848247e-05
632	gulp	-5.7894416e-05
632	imanu	-5.7898258e-05
632	themat	-5.7924863e-05
632	vitrifi	-5.7934638e-05
632	meng	-5.7943467e-05
632	kenkyu	-5.7999998e-05
632	igo	-5.7999998e-05
632	puma	-5.800455e-05
632	rebutt	-5.801477e-05
632	mauro	-5.803363e-05
632	kline	-5.8036596e-05
632	undocu	-5.8053654e-05
632	hayfield	-5.8058493e-05
632	dessic	-5.8058497e-05
632	insurmount	-5.8070953e-05
632	977	-5.8111415e-05
632	cartagena	-5.8148686e-05
632	921	-5.81543e-05
632	1459	-5.8171154e-05
632	shoichiro	-5.8213485e-05
632	hpc	-5.821738e-05
632	shoal	-5.8244794e-05
632	claud	-5.824677e-05
632	faria	-5.8271013e-05
632	slippag	-5.82826e-05
632	1505	-5.8289537e-05
632	referenc	-5.8313646e-05
632	flamboy	-5.836405e-05
632	hashemit	-5.8375077e-05
632	zealot	-5.8375077e-05
632	enumer	-5.8383095e-05
632	hora	-5.8396454e-05
632	headhunt	-5.840242e-05
632	catholic	-5.8413665e-05
632	undervalu	-5.8424503e-05
632	intermiss	-5.847817e-05
632	1023	-5.849784e-05
632	frontal	-5.8523845e-05
632	twelfth	-5.8525977e-05
632	interchang	-5.8528887e-05
632	overspend	-5.855501e-05
632	rakhin	-5.8576188e-05
632	0719	-5.85869e-05
632	litani	-5.8594902e-05
632	xisha	-5.860147e-05
632	onlook	-5.860547e-05
632	drsov051	-5.8612524e-05
632	salami	-5.8629776e-05
632	aide	-5.8677015e-05
632	weekdai	-5.8689788e-05
632	farah	-5.868989e-05
632	penalit	-5.871031e-05
632	cilantro	-5.8719088e-05
632	pip	-5.8750185e-05
632	artichok	-5.8809503e-05
632	zucchini	-5.8855145e-05
632	oblivi	-5.8874168e-05
632	throne	-5.8880298e-05
632	meloni	-5.8881706e-05
632	kdh	-5.892104e-05
632	leopold	-5.8976133e-05
632	enstar	-5.897869e-05
632	silki	-5.89938e-05
632	doyen	-5.899423e-05
632	fryer	-5.9040616e-05
632	uhd	-5.9056576e-05
632	miroslav	-5.9058326e-05
632	polyana	-5.9091835e-05
632	kansk	-5.9091843e-05
632	kruglaya	-5.909233e-05
632	szabo	-5.9105263e-05
632	indeterminaci	-5.9132144e-05
632	jianl	-5.915466e-05
632	taiwaines	-5.915466e-05
632	pripen	-5.915466e-05
632	revew	-5.915466e-05
632	sahawiriya	-5.915466e-05
632	mikiko	-5.915466e-05
632	2153z	-5.915466e-05
632	gongy	-5.915466e-05
632	gamsakhurdiya	-5.916563e-05
632	incit	-5.9182024e-05
632	orellana	-5.9186415e-05
632	sikh	-5.9187892e-05
632	convoc	-5.9228416e-05
632	astrolog	-5.9230988e-05
632	rajiv	-5.923099e-05
632	chime	-5.9254842e-05
632	gutsi	-5.9279322e-05
632	cajun	-5.9339454e-05
632	orco	-5.9351543e-05
632	butler	-5.9360544e-05
632	1893	-5.9377053e-05
632	astra	-5.939448e-05
632	giver	-5.94019e-05
632	housewif	-5.9414844e-05
632	9325	-5.9426413e-05
632	oliva	-5.9448066e-05
632	harmless	-5.946184e-05
632	mainz	-5.948642e-05
632	mercosur	-5.9500846e-05
632	3932	-5.9542916e-05
632	hamlet	-5.9572907e-05
632	ruhr	-5.9585076e-05
632	tutu	-5.96306e-05
632	frenchmen	-5.96306e-05
632	blindli	-5.9647347e-05
632	kirghizia	-5.9653095e-05
632	lodz	-5.9662205e-05
632	iwc	-5.967139e-05
632	janovicova	-5.9675873e-05
632	kyselo	-5.9675873e-05
632	mosonmagyarovar	-5.9675873e-05
632	ekita	-5.9675873e-05
632	presneho	-5.9675873e-05
632	wismann	-5.9675873e-05
632	slovnaf	-5.9675873e-05
632	sokolovo	-5.9675873e-05
632	nastup	-5.9675873e-05
632	kraluv	-5.9675873e-05
632	zspp	-5.9675873e-05
632	pamukchiev	-5.9675873e-05
632	pisek	-5.9675873e-05
632	kc1o	-5.9675873e-05
632	huf450	-5.9675873e-05
632	oltenita	-5.9675873e-05
632	videomax	-5.9675873e-05
632	palivovi	-5.9675873e-05
632	mineralimpex	-5.9675873e-05
632	fleischhan	-5.9675873e-05
632	hybler	-5.9675873e-05
632	35o	-5.9675873e-05
632	schrak	-5.9675873e-05
632	emiliyan	-5.9675873e-05
632	hodru	-5.9675873e-05
632	aruhazak	-5.9675873e-05
632	febc	-5.9675873e-05
632	sisop	-5.9675873e-05
632	sliacki	-5.9675873e-05
632	smrzovka	-5.9675873e-05
632	otf	-5.9675873e-05
632	ehud	-5.9722424e-05
632	camouflag	-5.972715e-05
632	1404	-5.975859e-05
632	artfulli	-5.9781683e-05
632	farmstead	-5.979367e-05
632	mountainsid	-5.9815407e-05
632	1447	-5.983389e-05
632	duress	-5.9837723e-05
632	sana	-5.9847727e-05
632	md	-5.985995e-05
632	jeg	-5.986099e-05
632	592	-5.986318e-05
632	ibero	-5.987672e-05
632	sinotechmart	-5.98862e-05
632	warsa	-5.98862e-05
632	hwasung	-5.98862e-05
632	nitsui	-5.98862e-05
632	suixi	-5.98862e-05
632	zh0ngguo	-5.98862e-05
632	rhemium	-5.98862e-05
632	vpp5oo	-5.98862e-05
632	chuncheng	-5.98862e-05
632	t9ward	-5.98862e-05
632	shrinc	-5.98862e-05
632	304n1	-5.98862e-05
632	wharnei	-5.98862e-05
632	cymer	-5.98862e-05
632	phatanaphan	-5.98862e-05
632	sanguohong	-5.98862e-05
632	b0i	-5.98862e-05
632	formach	-5.98862e-05
632	kyongan	-5.98862e-05
632	avenoir	-5.98862e-05
632	mutein	-5.98862e-05
632	cs640o	-5.98862e-05
632	hypoid	-5.98862e-05
632	kikham	-5.98862e-05
632	huihua	-5.9886203e-05
632	toux	-5.9886203e-05
632	hwacheon	-5.9886203e-05
632	kyoryang	-5.9886203e-05
632	trotter	-5.9886464e-05
632	mccarti	-5.9886464e-05
632	cio	-5.988827e-05
632	mahler	-5.991699e-05
632	extermin	-5.9930284e-05
632	1480	-5.9939433e-05
632	veneto	-5.9939433e-05
632	cuenca	-5.996507e-05
632	rosa	-6.0004564e-05
632	ricketi	-6.0046536e-05
632	eskimo	-6.005313e-05
632	rife	-6.0077055e-05
632	tick	-6.009106e-05
632	germain	-6.0100683e-05
632	reignit	-6.0101604e-05
632	tightrop	-6.01081e-05
632	fallaci	-6.0121016e-05
632	undef	-6.012481e-05
632	undistinguish	-6.015295e-05
632	mozzarella	-6.0155242e-05
632	rarefi	-6.0155242e-05
632	bailout	-6.0177506e-05
632	handbook	-6.0188722e-05
632	lenin	-6.0253053e-05
632	reinhard	-6.0261144e-05
632	fluff	-6.0265604e-05
632	partisan	-6.0285805e-05
632	dataquest	-6.034979e-05
632	send	-6.0364822e-05
632	yasnaya	-6.037037e-05
632	pnt	-6.037037e-05
632	boneless	-6.0377668e-05
632	atif	-6.0396993e-05
632	uz	-6.0398856e-05
632	berhad	-6.0412865e-05
632	unbeaten	-6.042372e-05
632	souffl	-6.0434362e-05
632	brag	-6.0435475e-05
632	gingerli	-6.044451e-05
632	ism	-6.04502e-05
632	carlyl	-6.0476177e-05
632	1113	-6.050305e-05
632	40th	-6.053655e-05
632	crunchi	-6.0549082e-05
632	stoop	-6.0576745e-05
632	venetian	-6.0595296e-05
632	unkind	-6.0595707e-05
632	stimuli	-6.0598053e-05
632	holiest	-6.0604794e-05
632	maitr	-6.0607133e-05
632	unadorn	-6.0607133e-05
632	ostrich	-6.0638402e-05
632	onsidedli	-6.064599e-05
632	tsiang	-6.064599e-05
632	spangl	-6.066565e-05
632	wreck	-6.067496e-05
632	stale	-6.0709302e-05
632	disparag	-6.071943e-05
632	curi	-6.075636e-05
632	forgett	-6.078412e-05
632	hazi	-6.0798717e-05
632	quebecoi	-6.08161e-05
632	ass	-6.083127e-05
632	1214	-6.084409e-05
632	ravioli	-6.084409e-05
632	yucca	-6.084409e-05
632	doyukai	-6.088266e-05
632	846	-6.0890197e-05
632	intrins	-6.0895123e-05
632	wmd	-6.089995e-05
632	supra	-6.090226e-05
632	1191	-6.0904556e-05
632	sorrel	-6.0904556e-05
632	mannerplaw	-6.0905673e-05
632	foreground	-6.091617e-05
632	careerist	-6.1005496e-05
632	burrito	-6.102703e-05
632	snld	-6.1030976e-05
632	bamah	-6.103098e-05
632	drier	-6.103779e-05
632	glee	-6.1060266e-05
632	767	-6.107769e-05
632	subvert	-6.111993e-05
632	unmark	-6.112654e-05
632	needlessli	-6.112702e-05
632	sculptor	-6.1142375e-05
632	sokolovskii	-6.114435e-05
632	gosstroi	-6.114435e-05
632	roskommetallurgiya	-6.114435e-05
632	liza	-6.115159e-05
632	sfr	-6.118822e-05
632	wiper	-6.1214785e-05
632	conif	-6.1237035e-05
632	painlessli	-6.1237166e-05
632	energiya	-6.1254905e-05
632	tnt	-6.126724e-05
632	scotch	-6.127987e-05
632	geodes	-6.1281164e-05
632	startup	-6.1285915e-05
632	dreas021	-6.1290375e-05
632	1885	-6.1309256e-05
632	yichun	-6.1329396e-05
632	balsam	-6.1342565e-05
632	sawdust	-6.1342565e-05
632	senlin	-6.144249e-05
632	chou	-6.146307e-05
632	mesquit	-6.147272e-05
632	brais	-6.1472725e-05
632	faxon	-6.152438e-05
632	cutleri	-6.153869e-05
632	prettiest	-6.153869e-05
632	magdalena	-6.153869e-05
632	unpleas	-6.155507e-05
632	6th	-6.155567e-05
632	campfir	-6.1579245e-05
632	exclusionari	-6.160428e-05
632	gerhard	-6.1613966e-05
632	carbondioxid	-6.161929e-05
632	daemyung	-6.161929e-05
632	wakatsuki	-6.161929e-05
632	apprqval	-6.161929e-05
632	guilinyang	-6.161929e-05
632	keimei	-6.161929e-05
632	environmnent	-6.161929e-05
632	rs6o0o	-6.161929e-05
632	decmpp	-6.161929e-05
632	p0sco	-6.161929e-05
632	raizu	-6.161929e-05
632	linhwa	-6.161929e-05
632	fsrc	-6.161929e-05
632	jiangang	-6.161929e-05
632	4o0	-6.161929e-05
632	unyield	-6.164647e-05
632	phantom	-6.168797e-05
632	1884	-6.172769e-05
632	officehold	-6.179093e-05
632	acc	-6.180522e-05
632	2155	-6.1808714e-05
632	graciou	-6.182254e-05
632	ishikawa	-6.182605e-05
632	turkmenia	-6.182609e-05
632	tet	-6.183499e-05
632	shallot	-6.187783e-05
632	fatter	-6.187783e-05
632	cayman	-6.192673e-05
632	cau	-6.1942985e-05
632	vsc	-6.1942985e-05
632	assad	-6.194633e-05
632	elia	-6.195088e-05
632	elec	-6.196039e-05
632	wafd	-6.197918e-05
632	1860	-6.1984036e-05
632	dien	-6.199731e-05
632	flaunt	-6.201121e-05
632	pet	-6.201423e-05
632	pesto	-6.201804e-05
632	jana	-6.202568e-05
632	drnes025	-6.203818e-05
632	jinmen	-6.203898e-05
632	turboprop	-6.204404e-05
632	m2	-6.207148e-05
632	esta	-6.2076615e-05
632	adject	-6.2101535e-05
632	urchin	-6.216103e-05
632	517	-6.21885e-05
632	fukuda	-6.2195315e-05
632	bleacher	-6.220904e-05
632	diversionari	-6.228253e-05
632	1045	-6.228385e-05
632	6d	-6.228613e-05
632	rugova	-6.229481e-05
632	whiskei	-6.236342e-05
632	irk	-6.237767e-05
632	1443	-6.2387924e-05
632	supposit	-6.238941e-05
632	wilfri	-6.239974e-05
632	classless	-6.242698e-05
632	strawberri	-6.2436455e-05
632	toshiki	-6.2446125e-05
632	kinross	-6.245573e-05
632	caller	-6.245695e-05
632	chesapeak	-6.249318e-05
632	kiep	-6.249676e-05
632	minsk	-6.2502644e-05
632	hafez	-6.251516e-05
632	statehood	-6.252354e-05
632	tendenti	-6.2527884e-05
632	gallucci	-6.259134e-05
632	katerina	-6.259737e-05
632	lompoc	-6.2636296e-05
632	jpusr017	-6.264181e-05
632	unsavouri	-6.266214e-05
632	masteri	-6.268152e-05
632	bridgeston	-6.271103e-05
632	maui	-6.272189e-05
632	clair	-6.275758e-05
632	minnelli	-6.276292e-05
632	wiri	-6.276819e-05
632	manmad	-6.281605e-05
632	manta	-6.2822466e-05
632	csfr	-6.282254e-05
632	magdeburg	-6.2852254e-05
632	electropl	-6.286917e-05
632	actor	-6.2873005e-05
632	grumpi	-6.292153e-05
632	grassi	-6.29553e-05
632	clae	-6.297013e-05
632	1b	-6.300002e-05
632	drchi086	-6.304982e-05
632	vindict	-6.305253e-05
632	kcna	-6.305619e-05
632	thyssen	-6.305863e-05
632	pyshma	-6.3079606e-05
632	bolder	-6.3080486e-05
632	gehri	-6.308369e-05
632	sultri	-6.3087595e-05
632	mohawk	-6.3112675e-05
632	ndb	-6.312481e-05
632	novodvinsk	-6.313322e-05
632	burbot	-6.313322e-05
632	nonmetallifer	-6.313322e-05
632	kovrov	-6.313323e-05
632	lrw	-6.313323e-05
632	604	-6.3149135e-05
632	tamal	-6.316614e-05
632	deftli	-6.3166444e-05
632	beteiligung	-6.317036e-05
632	varna	-6.3174644e-05
632	1824	-6.319965e-05
632	radioisotop	-6.333325e-05
632	primordi	-6.334928e-05
632	plainli	-6.337429e-05
632	cataclysm	-6.337731e-05
632	deviant	-6.33996e-05
632	impercept	-6.340838e-05
632	chaim	-6.341841e-05
632	calamari	-6.341929e-05
632	sinmum	-6.342028e-05
632	komaki	-6.342028e-05
632	kashiwa	-6.342028e-05
632	gflop	-6.342028e-05
632	0605	-6.3422805e-05
632	slavon	-6.346538e-05
632	cnl	-6.350292e-05
632	recoilless	-6.350338e-05
632	literari	-6.351088e-05
632	ananda	-6.3523075e-05
632	1523	-6.354506e-05
632	1389	-6.357957e-05
632	bustamant	-6.357957e-05
632	bristol	-6.358862e-05
632	duckl	-6.359309e-05
632	piano	-6.359356e-05
632	conspir	-6.361453e-05
632	doze	-6.3623425e-05
632	gia	-6.3623425e-05
632	woodstock	-6.362852e-05
632	pharma	-6.365347e-05
632	marissa	-6.3657964e-05
632	workman	-6.3674604e-05
632	pana	-6.3675085e-05
632	fettuccin	-6.368158e-05
632	brule	-6.368158e-05
632	hello	-6.369144e-05
632	svetlana	-6.3727086e-05
632	synonym	-6.3791005e-05
632	to	-6.380051e-05
632	pappa	-6.386187e-05
632	706th	-6.3924555e-05
632	sjd	-6.392456e-05
632	macmahon	-6.3944346e-05
632	husayn	-6.395127e-05
632	jozef	-6.3969586e-05
632	simic	-6.398015e-05
632	ningbo	-6.398108e-05
632	judith	-6.401424e-05
632	816	-6.401645e-05
632	karol	-6.403238e-05
632	1349	-6.404661e-05
632	dayton	-6.405443e-05
632	aimless	-6.406917e-05
632	kurchatov	-6.409488e-05
632	sel	-6.412447e-05
632	relaunch	-6.413546e-05
632	waltz	-6.413719e-05
632	tenderloin	-6.414099e-05
632	unadulter	-6.414099e-05
632	peron	-6.414669e-05
632	rocki	-6.41505e-05
632	jute	-6.416252e-05
632	swig	-6.416979e-05
632	cti	-6.416996e-05
632	eyeglass	-6.42001e-05
632	deacon	-6.42001e-05
632	hyperbol	-6.4207394e-05
632	headband	-6.423139e-05
632	dant	-6.423561e-05
632	belovezhskaya	-6.424955e-05
632	811	-6.426057e-05
632	ffca	-6.43009e-05
632	uptown	-6.431201e-05
632	dunhuang	-6.431948e-05
632	planck	-6.432962e-05
632	scowcroft	-6.4334294e-05
632	virtuou	-6.435641e-05
632	promissori	-6.4367254e-05
632	nip	-6.4382104e-05
632	1220	-6.440451e-05
632	amirkhanov	-6.449249e-05
632	kovdor	-6.449249e-05
632	paralysi	-6.4493535e-05
632	spinner	-6.450093e-05
632	rudi	-6.4501684e-05
632	hedon	-6.451517e-05
632	faciliti	-6.452963e-05
632	hcmc	-6.452963e-05
632	rudder	-6.453076e-05
632	haphazardli	-6.455158e-05
632	tumultu	-6.460965e-05
632	ferrari	-6.463278e-05
632	inconceiv	-6.4640015e-05
632	incontest	-6.4652006e-05
632	splatter	-6.465758e-05
632	lubomir	-6.470297e-05
632	belliger	-6.473455e-05
632	melang	-6.474439e-05
632	welch	-6.4750995e-05
632	delco	-6.475572e-05
632	knockout	-6.489127e-05
632	morimoto	-6.4935215e-05
632	salin	-6.493527e-05
632	feta	-6.4942484e-05
632	languor	-6.4942484e-05
632	rind	-6.4942484e-05
632	unambigu	-6.4959e-05
632	gaza	-6.497652e-05
632	econometr	-6.503021e-05
632	kubota	-6.503021e-05
632	claudio	-6.503547e-05
632	4025	-6.504919e-05
632	sillama	-6.510509e-05
632	screwdriv	-6.514308e-05
632	giusepp	-6.515744e-05
632	enchilada	-6.51575e-05
632	jaeger	-6.519529e-05
632	sculpt	-6.5207285e-05
632	unlov	-6.525513e-05
632	fato	-6.52674e-05
632	wemblei	-6.528109e-05
632	2455	-6.529586e-05
632	laurenc	-6.531109e-05
632	antoin	-6.5356115e-05
632	nonpubl	-6.5359905e-05
632	eulog	-6.5359905e-05
632	allegheni	-6.5364824e-05
632	loveliest	-6.537908e-05
632	roach	-6.5423344e-05
632	aplomb	-6.542624e-05
632	shadan	-6.546064e-05
632	streetcar	-6.547426e-05
632	haicang	-6.548991e-05
632	foodi	-6.549246e-05
632	doggi	-6.549246e-05
632	0149	-6.5502376e-05
632	abkhaz	-6.55168e-05
632	loh	-6.552223e-05
632	revivalist	-6.553241e-05
632	8171	-6.560764e-05
632	frilli	-6.560764e-05
632	sorbet	-6.560764e-05
632	corfu	-6.565654e-05
632	restart	-6.565864e-05
632	meritori	-6.566197e-05
632	0048	-6.566866e-05
632	scholarship	-6.568268e-05
632	clintworth	-6.568883e-05
632	apef	-6.568883e-05
632	iea	-6.569622e-05
632	prosciutto	-6.572468e-05
632	walloon	-6.5738546e-05
632	iz	-6.584363e-05
632	0703	-6.584363e-05
632	demystifi	-6.584363e-05
632	unregist	-6.591962e-05
632	revuls	-6.5963344e-05
632	meryl	-6.5963344e-05
632	sourdough	-6.5964574e-05
632	oracl	-6.596484e-05
632	rw	-6.603063e-05
632	1481	-6.605029e-05
632	cucumb	-6.605779e-05
632	counterrevolutionari	-6.60587e-05
632	redo	-6.608724e-05
632	flan	-6.608755e-05
632	utilitarian	-6.609086e-05
632	chequ	-6.60949e-05
632	stroller	-6.6124165e-05
632	krypton	-6.617682e-05
632	azeglio	-6.619807e-05
632	0034	-6.621267e-05
632	7515	-6.621267e-05
632	949	-6.621841e-05
632	multilateralist	-6.622451e-05
632	cnaic	-6.622451e-05
632	dm6	-6.623133e-05
632	cellophan	-6.6264e-05
632	mamba	-6.6290864e-05
632	laurent	-6.630742e-05
632	dorogobuzh	-6.6312336e-05
632	srw	-6.6312336e-05
632	krasnokamsk	-6.6312336e-05
632	selenginsk	-6.6312336e-05
632	yamburg	-6.633459e-05
632	guacamol	-6.633998e-05
632	unprepossess	-6.633998e-05
632	spiel	-6.633998e-05
632	unlaw	-6.639443e-05
632	astronavig	-6.641163e-05
632	gilt	-6.6434055e-05
632	workmen	-6.6439236e-05
632	palaung	-6.6457316e-05
632	bourguignon	-6.646955e-05
632	lavishli	-6.6493936e-05
632	plovdiv	-6.6513385e-05
632	steelwork	-6.651984e-05
632	unreserv	-6.653851e-05
632	kozlodui	-6.655976e-05
632	1889	-6.6560526e-05
632	marmalad	-6.660148e-05
632	rotisseri	-6.660148e-05
632	nightlin	-6.660513e-05
632	gulli	-6.665298e-05
632	candl	-6.666529e-05
632	tra	-6.6671295e-05
632	gall	-6.670026e-05
632	shetrit	-6.67112e-05
632	9025	-6.673587e-05
632	keeff	-6.673587e-05
632	undisclos	-6.6738125e-05
632	loav	-6.674007e-05
632	stupend	-6.674777e-05
632	gn	-6.6783345e-05
632	not	-6.682655e-05
632	preschool	-6.6832356e-05
632	beltwai	-6.684771e-05
632	noontim	-6.6865745e-05
632	toshiyuki	-6.689116e-05
632	hallidai	-6.6914035e-05
632	juraj	-6.6914035e-05
632	diminut	-6.6934284e-05
632	unflapp	-6.694687e-05
632	suzett	-6.701232e-05
632	queue	-6.7030385e-05
632	magnum	-6.7083674e-05
632	wastag	-6.710896e-05
632	busboi	-6.71546e-05
632	balt	-6.721422e-05
632	beetl	-6.7223606e-05
632	homili	-6.72313e-05
632	magisteri	-6.72313e-05
632	unwav	-6.723301e-05
632	subcompact	-6.7284345e-05
632	cheri	-6.7286586e-05
632	testi	-6.7286586e-05
632	0143	-6.729511e-05
632	caixa	-6.7333895e-05
632	hussain	-6.734933e-05
632	spsi	-6.736834e-05
632	ossetia	-6.73926e-05
632	parisian	-6.73989e-05
632	swivel	-6.741256e-05
632	curriculum	-6.7418194e-05
632	wendi	-6.742594e-05
632	handcraft	-6.74353e-05
632	pasha	-6.746702e-05
632	heartbeat	-6.747564e-05
632	reinvigor	-6.747564e-05
632	betwen	-6.7476714e-05
632	0239	-6.748102e-05
632	loafer	-6.75263e-05
632	shoemak	-6.758113e-05
632	bakel	-6.7584835e-05
632	leme	-6.758484e-05
632	primavera	-6.7598994e-05
632	luncheon	-6.761416e-05
632	husak	-6.7627894e-05
632	stab	-6.7641064e-05
632	kwok	-6.768114e-05
632	multivis	-6.7700064e-05
632	1353	-6.7710665e-05
632	2709	-6.775339e-05
632	pita	-6.775339e-05
632	camden	-6.7756046e-05
632	sidtec	-6.777906e-05
632	bulki	-6.777988e-05
632	makita	-6.780292e-05
632	pantri	-6.783272e-05
632	allr	-6.783272e-05
632	michiko	-6.7882655e-05
632	guesthous	-6.789316e-05
632	delicaci	-6.7933e-05
632	kanagawa	-6.793519e-05
632	matlock	-6.793706e-05
632	883	-6.798424e-05
632	apostol	-6.799049e-05
632	irrefut	-6.801494e-05
632	z1	-6.803392e-05
632	tsuchiya	-6.804925e-05
632	1351	-6.8062065e-05
632	killea	-6.807056e-05
632	0107	-6.807239e-05
632	dalai	-6.811112e-05
632	bantam	-6.811988e-05
632	shinagawa	-6.81368e-05
632	nankai	-6.818284e-05
632	colwel	-6.8183464e-05
632	dominiqu	-6.818879e-05
632	zhanwang	-6.819835e-05
632	astroturf	-6.8237314e-05
632	0941	-6.8237314e-05
632	cirqu	-6.8237314e-05
632	unmarket	-6.827696e-05
632	432	-6.829443e-05
632	alabama	-6.833886e-05
632	unquench	-6.8344445e-05
632	tahoua	-6.835129e-05
632	casam	-6.835129e-05
632	tarapur	-6.835742e-05
632	nonconsolid	-6.8378635e-05
632	ruru	-6.8378635e-05
632	tianzhu	-6.8378635e-05
632	904	-6.8399066e-05
632	svmda	-6.8425696e-05
632	dkrp	-6.8425696e-05
632	kedo	-6.8425696e-05
632	reysei	-6.8425696e-05
632	lyaovan	-6.8425696e-05
632	beluga	-6.844138e-05
632	balkar	-6.844138e-05
632	insituform	-6.845955e-05
632	yamada	-6.845965e-05
632	kamal	-6.851328e-05
632	cesk	-6.853765e-05
632	ooo	-6.853765e-05
632	snap	-6.8540445e-05
632	succinct	-6.854326e-05
632	amoco	-6.855696e-05
632	quesadilla	-6.857884e-05
632	theorist	-6.8584166e-05
632	reprivat	-6.8588706e-05
632	eva	-6.8588946e-05
632	overrul	-6.859955e-05
632	arcad	-6.86024e-05
632	jayakumar	-6.86101e-05
632	acolyt	-6.865494e-05
632	0223	-6.868695e-05
632	hound	-6.86883e-05
632	sapropel	-6.8697635e-05
632	jupp	-6.870441e-05
632	furtiv	-6.871866e-05
632	senkaku	-6.872768e-05
632	pejor	-6.874206e-05
632	farmwork	-6.874206e-05
632	followup	-6.875447e-05
632	2079	-6.875583e-05
632	hzd	-6.877021e-05
632	immemori	-6.879253e-05
632	duk	-6.8859204e-05
632	turret	-6.888378e-05
632	roquefort	-6.893723e-05
632	sconc	-6.893723e-05
632	safeguard	-6.9063164e-05
632	nondiscriminatori	-6.9071706e-05
632	yegsem	-6.9075184e-05
632	temryuk	-6.9075184e-05
632	ilmen	-6.9075184e-05
632	tsaturov	-6.9075184e-05
632	nelma	-6.9075184e-05
632	gosarkhstroynadzor	-6.9075184e-05
632	stepanitskii	-6.9075184e-05
632	zhirov	-6.9075184e-05
632	samotesov	-6.9075184e-05
632	ionescu	-6.9080925e-05
632	horizont	-6.90973e-05
632	coppe	-6.910161e-05
632	dm27	-6.912129e-05
632	calli	-6.91233e-05
632	tempura	-6.91233e-05
632	escargot	-6.91233e-05
632	universalist	-6.91291e-05
632	drlat122	-6.916402e-05
632	moresbi	-6.916669e-05
632	resold	-6.9207934e-05
632	stepanenko	-6.924954e-05
632	catto	-6.9258465e-05
632	width	-6.926357e-05
632	spillwai	-6.9265596e-05
632	0809	-6.9265596e-05
632	rooftop	-6.9284775e-05
632	onyx	-6.928587e-05
632	mestizo	-6.929658e-05
632	6703	-6.9314265e-05
632	5955	-6.9314265e-05
632	salina	-6.937571e-05
632	ccpc	-6.94197e-05
632	imperfectli	-6.9467955e-05
632	36th	-6.946923e-05
632	guil	-6.9475755e-05
632	0607	-6.948079e-05
632	underutil	-6.94829e-05
632	lafarg	-6.94857e-05
632	lsi	-6.949312e-05
632	suarez	-6.949618e-05
632	hemophiliac	-6.9499336e-05
632	physicist	-6.950541e-05
632	rosenzweig	-6.951039e-05
632	giorgio	-6.9570495e-05
632	doctrinair	-6.963359e-05
632	geez	-6.967029e-05
632	fier	-6.9670496e-05
632	sk5	-6.9670496e-05
632	0753	-6.968924e-05
632	alimentari	-6.9695976e-05
632	alfr	-6.971063e-05
632	gnocchi	-6.971196e-05
632	8601	-6.971197e-05
632	4905	-6.971197e-05
632	reapprais	-6.972953e-05
632	mussel	-6.973437e-05
632	artistri	-6.973869e-05
632	demean	-6.975022e-05
632	aei	-6.977502e-05
632	ther	-6.984544e-05
632	huafeng	-6.985082e-05
632	pridiyathon	-6.985082e-05
632	vip	-6.986404e-05
632	gera	-6.989809e-05
632	rashli	-6.990111e-05
632	warmest	-6.990277e-05
632	zhizn	-6.991802e-05
632	brisket	-6.9919304e-05
632	silliest	-6.9919304e-05
632	hurrican	-6.992344e-05
632	0650	-6.992987e-05
632	epilogu	-6.993419e-05
632	rewir	-6.997137e-05
632	recollect	-6.99826e-05
632	standoff	-7.0075876e-05
632	oga	-7.011462e-05
632	8360	-7.013274e-05
632	hotdog	-7.013274e-05
632	ranchero	-7.013274e-05
632	asada	-7.013274e-05
632	travemund	-7.019635e-05
632	bandi	-7.022767e-05
632	otavalo	-7.025056e-05
632	rossi	-7.0287824e-05
632	mirzayanov	-7.030313e-05
632	nishi	-7.033093e-05
632	6667	-7.035263e-05
632	porcini	-7.035263e-05
632	torricelli	-7.036781e-05
632	497	-7.036873e-05
632	bartlei	-7.0382855e-05
632	deli	-7.04544e-05
632	hokuriku	-7.0456685e-05
632	ser	-7.046347e-05
632	boldyrev	-7.048822e-05
632	grope	-7.048885e-05
632	suchard	-7.0502436e-05
632	spt	-7.054046e-05
632	pharmaci	-7.0555434e-05
632	chesterton	-7.056194e-05
632	soc	-7.0568894e-05
632	0231	-7.05794e-05
632	pomodoro	-7.05794e-05
632	cree	-7.058943e-05
632	505k	-7.060302e-05
632	kyunik	-7.060302e-05
632	panmen	-7.060302e-05
632	froze	-7.0619324e-05
632	blowout	-7.0631686e-05
632	ariwibowo	-7.0649716e-05
632	sidedli	-7.065603e-05
632	szabolc	-7.066121e-05
632	sk4	-7.066121e-05
632	esztergom	-7.066121e-05
632	dongfang	-7.074231e-05
632	puff	-7.076997e-05
632	bogu	-7.0784954e-05
632	gershon	-7.079413e-05
632	allud	-7.079583e-05
632	0911	-7.079939e-05
632	lushun	-7.080802e-05
632	strangl	-7.0870075e-05
632	inordin	-7.091323e-05
632	downpay	-7.091393e-05
632	repetiti	-7.092139e-05
632	rocard	-7.0936745e-05
632	nuncio	-7.094997e-05
632	1032	-7.09576e-05
632	deprav	-7.0994014e-05
632	glaverbel	-7.1002556e-05
632	leuven	-7.100468e-05
632	lothar	-7.101347e-05
632	custodianship	-7.101894e-05
632	elbasan	-7.1025686e-05
632	katsumi	-7.104947e-05
632	3115	-7.1055394e-05
632	0267	-7.1055394e-05
632	cassoulet	-7.1055394e-05
632	miso	-7.1055394e-05
632	bonner	-7.106085e-05
632	severodvinsk	-7.110772e-05
632	honggang	-7.114156e-05
632	giscard	-7.114725e-05
632	cheat	-7.114907e-05
632	divvi	-7.118064e-05
632	theocrat	-7.122143e-05
632	howel	-7.12374e-05
632	dismemb	-7.1282266e-05
632	fanciest	-7.130563e-05
632	galapago	-7.130796e-05
632	scania	-7.133753e-05
632	solemn	-7.137215e-05
632	gratuiti	-7.1381524e-05
632	c90	-7.141078e-05
632	vitol	-7.141078e-05
632	chariot	-7.154079e-05
632	1605	-7.1551694e-05
632	0843	-7.15576e-05
632	warranti	-7.15626e-05
632	5444	-7.15648e-05
632	drnes048	-7.1577255e-05
632	garten	-7.158132e-05
632	9o	-7.162935e-05
632	berti	-7.1649694e-05
632	reit	-7.172525e-05
632	knpp	-7.172908e-05
632	zhongyu	-7.1743096e-05
632	lesse	-7.174432e-05
632	sublet	-7.1755865e-05
632	hexaval	-7.178978e-05
632	acquit	-7.179318e-05
632	indah	-7.179654e-05
632	sumita	-7.1806215e-05
632	saifullah	-7.1806215e-05
632	gastrointestin	-7.181095e-05
632	yona	-7.181777e-05
632	udvm	-7.1821865e-05
632	samhwan	-7.1821865e-05
632	dagu	-7.1821865e-05
632	kyc	-7.1821865e-05
632	laddi	-7.183358e-05
632	alabast	-7.183358e-05
632	jericho	-7.184166e-05
632	binyan	-7.186942e-05
632	opa	-7.188499e-05
632	adnan	-7.190697e-05
632	destat	-7.193244e-05
632	preempt	-7.193782e-05
632	armymen	-7.19608e-05
632	spong	-7.1967144e-05
632	sfr3	-7.202217e-05
632	albumin	-7.202536e-05
632	immatur	-7.206799e-05
632	dreas002	-7.208389e-05
632	5855	-7.21127e-05
632	hormon	-7.217228e-05
632	thief	-7.221809e-05
632	rozlucki	-7.2250616e-05
632	borsod	-7.225062e-05
632	ryohei	-7.2269424e-05
632	madinat	-7.231518e-05
632	substrat	-7.233359e-05
632	hasan	-7.236251e-05
632	5123	-7.240298e-05
632	bernardin	-7.240298e-05
632	echt	-7.240298e-05
632	siri	-7.240298e-05
632	4313	-7.240298e-05
632	demagogi	-7.242121e-05
632	terek	-7.242708e-05
632	kuznetsk	-7.242708e-05
632	leper	-7.247672e-05
632	worthless	-7.249043e-05
632	girlfriend	-7.249165e-05
632	hazama	-7.2508476e-05
632	clot	-7.252239e-05
632	stinger	-7.255827e-05
632	tidili	-7.2563584e-05
632	cst	-7.256652e-05
632	stonewar	-7.25963e-05
632	toulous	-7.263309e-05
632	713th	-7.2662144e-05
632	710th	-7.266215e-05
632	divulg	-7.2674e-05
632	parachut	-7.267575e-05
632	dm3	-7.268957e-05
632	0668	-7.269335e-05
632	provencal	-7.2705356e-05
632	chevr	-7.2705356e-05
632	kft	-7.271234e-05
632	dreas116	-7.274165e-05
632	1506	-7.275157e-05
632	physico	-7.2768315e-05
632	billet	-7.277701e-05
632	obstin	-7.28205e-05
632	hfc	-7.283976e-05
632	0828	-7.284257e-05
632	ohara	-7.286497e-05
632	unwritten	-7.2869705e-05
632	yuzhno	-7.289541e-05
632	jindrich	-7.2899486e-05
632	alena	-7.2899486e-05
632	ibc	-7.292986e-05
632	emmanuel	-7.293473e-05
632	hiramatsu	-7.293757e-05
632	minicar	-7.295487e-05
632	sigh	-7.300175e-05
632	kori	-7.3006544e-05
632	3706	-7.30209e-05
632	forsman	-7.30209e-05
632	wordlessli	-7.30209e-05
632	bocus	-7.30209e-05
632	heinrich	-7.304485e-05
632	novocherkassk	-7.312663e-05
632	guangda	-7.313007e-05
632	seb	-7.31799e-05
632	noncombat	-7.318319e-05
632	koenigsberg	-7.3194424e-05
632	nograd	-7.3207055e-05
632	tribal	-7.320832e-05
632	stuttgart	-7.3209456e-05
632	international	-7.324624e-05
632	yarov	-7.326656e-05
632	corollari	-7.328667e-05
632	takemura	-7.330777e-05
632	hernan	-7.3317475e-05
632	8720	-7.335079e-05
632	0777	-7.335079e-05
632	tapenad	-7.335079e-05
632	761	-7.338766e-05
632	enceph	-7.342283e-05
632	loi	-7.345136e-05
632	sant	-7.35027e-05
632	miass	-7.3503805e-05
632	gethseman	-7.352691e-05
632	overdid	-7.3546624e-05
632	017	-7.356416e-05
632	orphanag	-7.357411e-05
632	35th	-7.359193e-05
632	yamagata	-7.3599556e-05
632	972	-7.360132e-05
632	1235	-7.360605e-05
632	luckier	-7.3626696e-05
632	acquiesc	-7.3658106e-05
632	yeah	-7.3673065e-05
632	marsh	-7.367717e-05
632	8686	-7.3696385e-05
632	5233	-7.3696385e-05
632	karun	-7.3722294e-05
632	kishor	-7.375129e-05
632	brass	-7.375636e-05
632	1136	-7.3797935e-05
632	uncompromis	-7.380039e-05
632	condens	-7.381713e-05
632	eddin	-7.3833995e-05
632	0625	-7.3859235e-05
632	nazarov	-7.390195e-05
632	wolgan	-7.391783e-05
632	filtrat	-7.392964e-05
632	souvenir	-7.393375e-05
632	fukui	-7.394398e-05
632	azar	-7.3954136e-05
632	audi	-7.397476e-05
632	minasyan	-7.397832e-05
632	yegor	-7.398001e-05
632	leviathan	-7.4010786e-05
632	unemot	-7.402089e-05
632	ioanni	-7.40297e-05
632	tequ	-7.405513e-05
632	5541	-7.4059266e-05
632	chinoiseri	-7.4059266e-05
632	nynex	-7.4065356e-05
632	qingyuan	-7.4096155e-05
632	radiant	-7.413303e-05
632	counteroffens	-7.415892e-05
632	korotkov	-7.417936e-05
632	solo	-7.418365e-05
632	seminarian	-7.419322e-05
632	134a	-7.422703e-05
632	trnava	-7.425699e-05
632	wheelchair	-7.425935e-05
632	euphor	-7.426913e-05
632	0429	-7.430967e-05
632	ekologiya	-7.4323536e-05
632	morozov	-7.432365e-05
632	unipolar	-7.435539e-05
632	turnabout	-7.4407544e-05
632	caiss	-7.4424584e-05
632	8638	-7.4441254e-05
632	feu	-7.4441254e-05
632	nobu	-7.4441254e-05
632	splichal	-7.4441254e-05
632	stroganoff	-7.4441254e-05
632	901	-7.445006e-05
632	braun	-7.447907e-05
632	2oo	-7.448162e-05
632	yanas	-7.449714e-05
632	egat	-7.449714e-05
632	sii	-7.4520976e-05
632	premedit	-7.4560725e-05
632	yitzhaq	-7.463144e-05
632	suri	-7.464001e-05
632	windbreak	-7.465255e-05
632	luoyang	-7.466579e-05
632	shushkevich	-7.467206e-05
632	beween	-7.468017e-05
632	poznan	-7.4686184e-05
632	denud	-7.4703516e-05
632	3550	-7.471112e-05
632	483	-7.4731826e-05
632	cherkessia	-7.477147e-05
632	pa0	-7.481427e-05
632	yuangpu	-7.481427e-05
632	donghaian	-7.481427e-05
632	tellstar	-7.481427e-05
632	transsector	-7.481427e-05
632	ptsc	-7.481427e-05
632	hyosan	-7.481427e-05
632	tancom	-7.481427e-05
632	tamexco	-7.481427e-05
632	kuanshi	-7.481427e-05
632	maruka	-7.481427e-05
632	riga	-7.481675e-05
632	krishan	-7.48404e-05
632	9351	-7.484448e-05
632	fenig	-7.484448e-05
632	pecorino	-7.484448e-05
632	5840	-7.484448e-05
632	faut	-7.484448e-05
632	9235	-7.484448e-05
632	apolit	-7.488346e-05
632	chandeli	-7.489284e-05
632	stepanovo	-7.489861e-05
632	visaya	-7.4942494e-05
632	fgt	-7.4942494e-05
632	olivetti	-7.495213e-05
632	557	-7.4963755e-05
632	panhellen	-7.497795e-05
632	blick	-7.497795e-05
632	atacam	-7.5078766e-05
632	flotel	-7.5078766e-05
632	purulia	-7.5078766e-05
632	diskett	-7.512518e-05
632	recapit	-7.514541e-05
632	wanchai	-7.5165386e-05
632	masashi	-7.522465e-05
632	urakami	-7.524189e-05
632	achinsk	-7.524931e-05
632	martynov	-7.524931e-05
632	sozaburo	-7.5269345e-05
632	julia	-7.5270735e-05
632	6266	-7.5271426e-05
632	porterhous	-7.5271426e-05
632	soupcon	-7.5271426e-05
632	cannelloni	-7.5271426e-05
632	blanchet	-7.5271426e-05
632	mer	-7.5285854e-05
632	pervomaysk	-7.5320946e-05
632	ssha	-7.534924e-05
632	debaucheri	-7.538253e-05
632	electro	-7.53874e-05
632	boycot	-7.538989e-05
632	hiro	-7.539483e-05
632	slantlin	-7.540354e-05
632	shine	-7.5456315e-05
632	unnot	-7.5459284e-05
632	ceausescu	-7.545968e-05
632	taesong	-7.546816e-05
632	shikata	-7.5471005e-05
632	dm63	-7.5472395e-05
632	louisvil	-7.548745e-05
632	abstrus	-7.551893e-05
632	997	-7.552752e-05
632	prodig	-7.555324e-05
632	taegu	-7.556649e-05
632	catalog	-7.56195e-05
632	poprad	-7.563987e-05
632	xiii	-7.569283e-05
632	libor	-7.570037e-05
632	8303	-7.57251e-05
632	multicours	-7.57251e-05
632	selvaggio	-7.57251e-05
632	9795	-7.57251e-05
632	8744	-7.57251e-05
632	proactiv	-7.573424e-05
632	linh	-7.5755495e-05
632	beholden	-7.578445e-05
632	nuremberg	-7.581503e-05
632	osawa	-7.583092e-05
632	belovezha	-7.5851494e-05
632	pasok	-7.5873424e-05
632	unwarr	-7.589191e-05
632	yangjiang	-7.589312e-05
632	yalu	-7.5908436e-05
632	deuterid	-7.591177e-05
632	infal	-7.5911856e-05
632	inexhaust	-7.591912e-05
632	slimmer	-7.5925724e-05
632	vltava	-7.592727e-05
632	vlastimil	-7.592727e-05
632	kabardino	-7.596748e-05
632	homm	-7.600563e-05
632	0036	-7.6054246e-05
632	separat	-7.60623e-05
632	seguin	-7.607e-05
632	moranbong	-7.609536e-05
632	tangerang	-7.609536e-05
632	p6021	-7.613081e-05
632	giancarlo	-7.6137876e-05
632	shaver	-7.614959e-05
632	tagliatel	-7.620902e-05
632	ueda	-7.627588e-05
632	slovensko	-7.6288685e-05
632	hen	-7.629603e-05
632	sfr4	-7.630015e-05
632	caliendo	-7.633243e-05
632	penza	-7.633716e-05
632	rode	-7.637143e-05
632	berg	-7.637627e-05
632	szatmar	-7.640991e-05
632	sk14	-7.640991e-05
632	rieff	-7.6412485e-05
632	universit	-7.6439894e-05
632	mabe	-7.645699e-05
632	taenong	-7.654956e-05
632	takeyama	-7.6586235e-05
632	dreas011	-7.6601245e-05
632	uncharit	-7.662034e-05
632	sinuiju	-7.6628094e-05
632	eindhoven	-7.669131e-05
632	dehuai	-7.6709344e-05
632	9271	-7.6727534e-05
632	9043	-7.6727534e-05
632	yuca	-7.6727534e-05
632	meatloaf	-7.6727534e-05
632	glenneyr	-7.6727534e-05
632	lapland	-7.673599e-05
632	0604	-7.6774275e-05
632	rada	-7.678271e-05
632	parker	-7.679348e-05
632	phuchatkan	-7.6814176e-05
632	expound	-7.683194e-05
632	aranda	-7.6860575e-05
632	hradcani	-7.690059e-05
632	tadahiro	-7.693435e-05
632	crack	-7.69364e-05
632	roa	-7.6966026e-05
632	bohai	-7.699584e-05
632	patricia	-7.700443e-05
632	abn	-7.701023e-05
632	hefei	-7.70157e-05
632	thigh	-7.707149e-05
632	panoram	-7.710812e-05
632	windshield	-7.710857e-05
632	bil	-7.713673e-05
632	turbojet	-7.717819e-05
632	zhangxian	-7.723151e-05
632	hongjin	-7.723151e-05
632	medford	-7.7242395e-05
632	instantan	-7.724873e-05
632	alija	-7.724939e-05
632	trong	-7.726204e-05
632	tommasi	-7.728598e-05
632	insalata	-7.728598e-05
632	udon	-7.728598e-05
632	9560	-7.728598e-05
632	boit	-7.728598e-05
632	crudit	-7.728598e-05
632	centripet	-7.7294244e-05
632	1144	-7.731066e-05
632	christophersen	-7.733656e-05
632	dragan	-7.733763e-05
632	defect	-7.736291e-05
632	smale	-7.736407e-05
632	climatolog	-7.73785e-05
632	amro	-7.73866e-05
632	megac	-7.7392026e-05
632	zenko	-7.7424054e-05
632	pele	-7.743389e-05
632	chronolog	-7.743736e-05
632	drachma	-7.7459e-05
632	vodochodi	-7.749232e-05
632	thalwitz	-7.749232e-05
632	zb	-7.749232e-05
632	lipa	-7.749232e-05
632	weggen	-7.749232e-05
632	maij	-7.749232e-05
632	agrobanka	-7.749232e-05
632	kontin	-7.750896e-05
632	dagen	-7.752081e-05
632	semifinalist	-7.75312e-05
632	repackag	-7.753778e-05
632	4850	-7.7557364e-05
632	jpusr041	-7.7569865e-05
632	parenthesi	-7.7636025e-05
632	8375	-7.767504e-05
632	0812	-7.767504e-05
632	versatil	-7.773591e-05
632	alden	-7.774272e-05
632	fireproof	-7.778676e-05
632	unreal	-7.780297e-05
632	vulgar	-7.783155e-05
632	referr	-7.783213e-05
632	anatolii	-7.788055e-05
632	gelati	-7.789101e-05
632	8764	-7.789101e-05
632	3959	-7.789101e-05
632	8238	-7.789101e-05
632	hindutva	-7.7918594e-05
632	zvonko	-7.7918594e-05
632	kyorin	-7.792589e-05
632	ren	-7.8014644e-05
632	alco	-7.802321e-05
632	886	-7.804961e-05
632	czechinvest	-7.8098965e-05
632	uzhhorod	-7.8098965e-05
632	tasr	-7.8098965e-05
632	tlh	-7.8098965e-05
632	lazanski	-7.8098965e-05
632	knotti	-7.8120924e-05
632	konrad	-7.8132434e-05
632	rundschau	-7.816213e-05
632	ploskaya	-7.817242e-05
632	misahu	-7.8206875e-05
632	dagana	-7.8206875e-05
632	tiljalaa	-7.8206875e-05
632	hayattabad	-7.8206875e-05
632	an	-7.8213605e-05
632	maurizio	-7.8228695e-05
632	rb	-7.8229124e-05
632	adminstr	-7.8229335e-05
632	mkm	-7.8267156e-05
632	schoeller	-7.8267156e-05
632	rezek	-7.8267156e-05
632	dvina	-7.827899e-05
632	formalist	-7.830362e-05
632	rpm	-7.8313504e-05
632	adorn	-7.832178e-05
632	usha	-7.833129e-05
632	spd	-7.83426e-05
632	curios	-7.8358105e-05
632	maryland	-7.83622e-05
632	haruo	-7.8377394e-05
632	1137	-7.839668e-05
632	krona	-7.842529e-05
632	kudla	-7.848637e-05
632	haeju	-7.84997e-05
632	pura	-7.84997e-05
632	chongju	-7.84997e-05
632	tulli	-7.853033e-05
632	zagat	-7.8551115e-05
632	bosc	-7.8551115e-05
632	deceas	-7.856765e-05
632	galkin	-7.859973e-05
632	nakauchi	-7.8607154e-05
632	kbp	-7.8607154e-05
632	nonforc	-7.86219e-05
632	candidli	-7.864804e-05
632	eyewit	-7.8683064e-05
632	kinmen	-7.86856e-05
632	euromarket	-7.869963e-05
632	1229	-7.873041e-05
632	scud	-7.8736506e-05
632	yunan	-7.87501e-05
632	ogarevo	-7.87501e-05
632	bri	-7.875131e-05
632	zivnostenska	-7.876084e-05
632	znojmo	-7.876084e-05
632	sk15	-7.876084e-05
632	jablonec	-7.876084e-05
632	praiseworthi	-7.877948e-05
632	shumeyko	-7.8794634e-05
632	xiang	-7.884045e-05
632	katsuhiko	-7.885433e-05
632	jammu	-7.886761e-05
632	karabakh	-7.888804e-05
632	mbp	-7.889287e-05
632	484	-7.893769e-05
632	dongli	-7.89836e-05
632	shimbashi	-7.901092e-05
632	2021	-7.9017445e-05
632	1720	-7.901745e-05
632	tei	-7.903282e-05
632	procurator	-7.904026e-05
632	stb	-7.906683e-05
632	syarifudin	-7.909342e-05
632	jimei	-7.909342e-05
632	kremenyuk	-7.911855e-05
632	reinvent	-7.91537e-05
632	inventor	-7.9217505e-05
632	steakhous	-7.923301e-05
632	floral	-7.924195e-05
632	playmak	-7.92519e-05
632	theoretician	-7.927254e-05
632	huevo	-7.9277335e-05
632	jacquot	-7.9277335e-05
632	springlik	-7.9277335e-05
632	8741	-7.9277335e-05
632	peekaboo	-7.9277335e-05
632	9724	-7.9277335e-05
632	3168	-7.9277335e-05
632	kadar	-7.928258e-05
632	detector	-7.9297264e-05
632	eakc0aauft	-7.9301295e-05
632	ostroumov	-7.933935e-05
632	heavenli	-7.9361926e-05
632	thoroughgo	-7.93788e-05
632	surgeri	-7.938162e-05
632	constructor	-7.9395824e-05
632	huf1	-7.942371e-05
632	slavik	-7.942371e-05
632	ngkm	-7.942371e-05
632	conversationalist	-7.943096e-05
632	koyang	-7.9436555e-05
632	kadin	-7.94657e-05
632	hanja	-7.948899e-05
632	nineteen	-7.950535e-05
632	paldiski	-7.951649e-05
632	yoshihiko	-7.955153e-05
632	reshap	-7.955338e-05
632	lavatori	-7.957526e-05
632	waddl	-7.9614874e-05
632	joo	-7.9614874e-05
632	memo	-7.961612e-05
632	detaine	-7.962274e-05
632	forestal	-7.9650206e-05
632	chalmer	-7.965814e-05
632	grenobl	-7.966838e-05
632	stain	-7.9704114e-05
632	reconfigur	-7.971351e-05
632	scorn	-7.972832e-05
632	rei	-7.973955e-05
632	yasukuni	-7.980195e-05
632	penn	-7.982101e-05
632	taedok	-7.9853446e-05
632	oblivion	-7.988569e-05
632	durr	-7.988727e-05
632	volkhov	-7.9972655e-05
632	og	-7.998443e-05
632	8855	-7.998539e-05
632	nonrefund	-7.998675e-05
632	sila	-7.9993195e-05
632	silesia	-8.000035e-05
632	djojohadikusumo	-8.001562e-05
632	dazhong	-8.005178e-05
632	wirtschaft	-8.00651e-05
632	thirteen	-8.006529e-05
632	genin	-8.008441e-05
632	9641	-8.008441e-05
632	pibil	-8.008441e-05
632	9809	-8.008441e-05
632	6054	-8.008441e-05
632	omakas	-8.008441e-05
632	dummi	-8.010006e-05
632	ciotti	-8.013607e-05
632	hongh	-8.0165264e-05
632	kondo	-8.0232545e-05
632	dall	-8.02546e-05
632	torqu	-8.0277234e-05
632	696	-8.028868e-05
632	otnosheniya	-8.0294354e-05
632	mezhdunarodnyy	-8.0294354e-05
632	zantovski	-8.029822e-05
632	cento	-8.029822e-05
632	novaki	-8.0298225e-05
632	nyhet	-8.0311314e-05
632	clamp	-8.033223e-05
632	0515	-8.033652e-05
632	bayerisch	-8.0363905e-05
632	sgt	-8.036586e-05
632	enzo	-8.044094e-05
632	randomli	-8.0449936e-05
632	1844	-8.045804e-05
632	microprocess	-8.046011e-05
632	countenanc	-8.047047e-05
632	dama	-8.051364e-05
632	0336	-8.052544e-05
632	neuropathi	-8.052951e-05
632	dustri	-8.054627e-05
632	edmonton	-8.054952e-05
632	humpuss	-8.056047e-05
632	731	-8.062808e-05
632	agroindustri	-8.065722e-05
632	seismolog	-8.067529e-05
632	24bn	-8.068543e-05
632	subdistrict	-8.0728656e-05
632	demarch	-8.079363e-05
632	christin	-8.0805185e-05
632	huf2	-8.0813006e-05
632	burzov	-8.0813006e-05
632	dm100	-8.082372e-05
632	pepsi	-8.08318e-05
632	finansovyy	-8.085785e-05
632	948	-8.0873375e-05
632	agement	-8.091909e-05
632	lazio	-8.094358e-05
632	degust	-8.0992606e-05
632	bronzino	-8.0992606e-05
632	vincenti	-8.0992606e-05
632	9639	-8.0992606e-05
632	desfoss	-8.100083e-05
632	roundabout	-8.100371e-05
632	insan	-8.1029924e-05
632	funabashi	-8.10415e-05
632	bosh	-8.10415e-05
632	dnieper	-8.1044396e-05
632	suvorov	-8.1044396e-05
632	agronomist	-8.109065e-05
632	untruth	-8.1108934e-05
632	1923	-8.1158345e-05
632	timmi	-8.117066e-05
632	mirovaya	-8.1204926e-05
632	sanjiv	-8.120885e-05
632	desta	-8.120885e-05
632	marketa	-8.120885e-05
632	letnani	-8.120885e-05
632	biotika	-8.120885e-05
632	liberec	-8.120885e-05
632	tritical	-8.120885e-05
632	sk30	-8.120885e-05
632	hsing	-8.128905e-05
632	xuhua	-8.13059e-05
632	xiyao	-8.13059e-05
632	huanwu	-8.13059e-05
632	seakeep	-8.13059e-05
632	kroupa	-8.132758e-05
632	downwind	-8.136005e-05
632	515	-8.136523e-05
632	pharmacolog	-8.136721e-05
632	suo	-8.141008e-05
632	petrov	-8.141435e-05
632	pathogen	-8.148876e-05
632	maxwel	-8.150605e-05
632	barnaul	-8.151284e-05
632	csce	-8.15368e-05
632	schneider	-8.154468e-05
632	disengag	-8.1561644e-05
632	tsushin	-8.1585466e-05
632	rd	-8.1598424e-05
632	proprietorship	-8.159857e-05
632	ethan	-8.159947e-05
632	alga	-8.15995e-05
632	festiv	-8.1617836e-05
632	1455	-8.16337e-05
632	sfr40	-8.164807e-05
632	aera	-8.1669656e-05
632	saic	-8.167497e-05
632	prose	-8.1717626e-05
632	escape	-8.174532e-05
632	exclaim	-8.174957e-05
632	unavail	-8.175584e-05
632	figalora	-8.175644e-05
632	avoles	-8.175644e-05
632	kight	-8.176794e-05
632	overburden	-8.1776554e-05
632	huong	-8.1794744e-05
632	gubernatori	-8.1817285e-05
632	768	-8.1830956e-05
632	dm30	-8.184137e-05
632	3k	-8.1864775e-05
632	bungl	-8.188717e-05
632	jinrong	-8.189541e-05
632	2200	-8.193256e-05
632	warbl	-8.197709e-05
632	compassion	-8.201612e-05
632	rostang	-8.2030965e-05
632	ponzu	-8.2030965e-05
632	spaetzl	-8.2030965e-05
632	lavash	-8.2030965e-05
632	nontradit	-8.20335e-05
632	dreas125	-8.2078135e-05
632	trichet	-8.213889e-05
632	926	-8.215567e-05
632	guerin	-8.216973e-05
632	fuze	-8.2190774e-05
632	mellon	-8.21972e-05
632	archdiocesan	-8.2234386e-05
632	arseni	-8.2240156e-05
632	picot	-8.2249884e-05
632	veton	-8.2249884e-05
632	ondrov	-8.224998e-05
632	oliviera	-8.224998e-05
632	paramo	-8.224998e-05
632	elso	-8.224998e-05
632	canstar	-8.224998e-05
632	stavbi	-8.224998e-05
632	samek	-8.224998e-05
632	zhenhua	-8.2263e-05
632	gaidar	-8.2266306e-05
632	633	-8.2285136e-05
632	breaker	-8.233071e-05
632	iglesia	-8.239041e-05
632	sh	-8.241044e-05
632	thua	-8.2420964e-05
632	t3d	-8.245909e-05
632	hybrid	-8.2460494e-05
632	shanzai	-8.248445e-05
632	kangdong	-8.248445e-05
632	okayama	-8.248545e-05
632	bora	-8.250445e-05
632	nedbank	-8.2508384e-05
632	modem	-8.253949e-05
632	mez	-8.25529e-05
632	zagorka	-8.25529e-05
632	semili	-8.25529e-05
632	ortega	-8.2605104e-05
632	dens	-8.264969e-05
632	krishna	-8.2666025e-05
632	cheven	-8.268958e-05
632	songliao	-8.269442e-05
632	peaceabl	-8.270459e-05
632	reunit	-8.274763e-05
632	durch	-8.2763356e-05
632	anton	-8.27844e-05
632	ikeda	-8.279571e-05
632	her	-8.2828155e-05
632	jaeri	-8.283849e-05
632	overproduc	-8.287502e-05
632	ember	-8.2933606e-05
632	amurskaya	-8.297033e-05
632	overstat	-8.3011415e-05
632	rabin	-8.301555e-05
632	lar	-8.302272e-05
632	andoni	-8.30312e-05
632	bayview	-8.304917e-05
632	traci	-8.309657e-05
632	minsit	-8.309835e-05
632	hama	-8.3110186e-05
632	approx	-8.315901e-05
632	childhood	-8.3163606e-05
632	jennif	-8.317663e-05
632	voprosi	-8.317698e-05
632	baudi	-8.319892e-05
632	maz	-8.319943e-05
632	imam	-8.32005e-05
632	magnusson	-8.3213905e-05
632	staid	-8.3223735e-05
632	stimulatori	-8.3233164e-05
632	meridian	-8.323524e-05
632	lere	-8.324314e-05
632	businesswoman	-8.324608e-05
632	filmmak	-8.325059e-05
632	vestig	-8.3251376e-05
632	extrabudgetari	-8.328068e-05
632	wenyi	-8.329332e-05
632	morihito	-8.329332e-05
632	sly	-8.3296334e-05
632	firuz	-8.330436e-05
632	glendal	-8.3339444e-05
632	mortim	-8.335139e-05
632	delux	-8.33596e-05
632	pachinko	-8.3388826e-05
632	drogin	-8.340232e-05
632	sender	-8.341433e-05
632	unprivat	-8.3465384e-05
632	flon	-8.3465384e-05
632	petrzalka	-8.3465384e-05
632	biotest	-8.3465384e-05
632	makovec	-8.3465384e-05
632	sk400	-8.3465384e-05
632	kutna	-8.3465384e-05
632	dm104	-8.3465384e-05
632	idou	-8.348024e-05
632	nizhnekamsk	-8.348173e-05
632	zoellick	-8.3486586e-05
632	1a	-8.348897e-05
632	2056	-8.3536055e-05
632	standart	-8.353789e-05
632	iaa	-8.361033e-05
632	hof	-8.362755e-05
632	oncolog	-8.3631814e-05
632	hydrochem	-8.363261e-05
632	sibirskoy	-8.363261e-05
632	novolipetsk	-8.3632614e-05
632	zv	-8.3632614e-05
632	unggul	-8.3640494e-05
632	nachin	-8.365058e-05
632	cantones	-8.366966e-05
632	yongxin	-8.368937e-05
632	923	-8.370189e-05
632	4767	-8.3710554e-05
632	bsn	-8.371084e-05
632	pyongsan	-8.373521e-05
632	grater	-8.376378e-05
632	6372	-8.383987e-05
632	techno	-8.386107e-05
632	nuke	-8.39043e-05
632	yerasimo	-8.3904815e-05
632	romanc	-8.392536e-05
632	wagner	-8.3961226e-05
632	latex	-8.402522e-05
632	mitsuhiro	-8.4063206e-05
632	newsmen	-8.409965e-05
632	bachelor	-8.415283e-05
632	linek	-8.4187945e-05
632	0455	-8.42362e-05
632	yuekan	-8.423792e-05
632	conifer	-8.4316554e-05
632	sarcophagu	-8.437257e-05
632	vike	-8.440568e-05
632	tianxi	-8.44261e-05
632	kandalaksha	-8.4444844e-05
632	madura	-8.4444844e-05
632	cologn	-8.445517e-05
632	headroom	-8.446775e-05
632	bitingli	-8.446888e-05
632	carbohydr	-8.4479354e-05
632	manifestli	-8.44821e-05
632	machinegun	-8.452199e-05
632	fr1	-8.453134e-05
632	surroi	-8.453536e-05
632	straighten	-8.45386e-05
632	backyard	-8.459463e-05
632	1750	-8.4600935e-05
632	copa	-8.4609295e-05
632	chaiyot	-8.4645784e-05
632	chabran	-8.469923e-05
632	olhat	-8.469923e-05
632	cochinita	-8.469923e-05
632	9597	-8.469923e-05
632	mitsuki	-8.469923e-05
632	couronn	-8.469924e-05
632	lichauco	-8.471364e-05
632	poscon	-8.471364e-05
632	lebaran	-8.471364e-05
632	starex	-8.471364e-05
632	ui	-8.472151e-05
632	kamen	-8.473174e-05
632	nexu	-8.474362e-05
632	rearmament	-8.474583e-05
632	needless	-8.477271e-05
632	0631	-8.4790496e-05
632	hongru	-8.4790496e-05
632	spous	-8.480601e-05
632	abneg	-8.487078e-05
632	tusimic	-8.488238e-05
632	elitex	-8.4882384e-05
632	huf300	-8.4882384e-05
632	preslav	-8.4882384e-05
632	kendal	-8.488243e-05
632	yao	-8.4889965e-05
632	disarm	-8.490307e-05
632	intelsat	-8.4903455e-05
632	0001	-8.49054e-05
632	onei	-8.492538e-05
632	kc25o	-8.492538e-05
632	rybar	-8.492538e-05
632	stur	-8.492538e-05
632	zimanova	-8.492538e-05
632	dzida	-8.492538e-05
632	lupca	-8.492538e-05
632	letov	-8.492538e-05
632	sk120	-8.492538e-05
632	viza	-8.492538e-05
632	chaloupka	-8.492538e-05
632	klak	-8.492538e-05
632	vodni	-8.492538e-05
632	kc70	-8.492538e-05
632	kc40	-8.492538e-05
632	sk200	-8.492538e-05
632	odyssei	-8.499349e-05
632	sdpj	-8.500526e-05
632	inflex	-8.50081e-05
632	gmac	-8.5012834e-05
632	ih	-8.5014435e-05
632	interfarm	-8.502403e-05
632	mangunwijaya	-8.50283e-05
632	cdi	-8.502959e-05
632	upfield	-8.505148e-05
632	plm	-8.508409e-05
632	pharise	-8.5096275e-05
632	5344	-8.5096275e-05
632	mather	-8.513494e-05
632	glitch	-8.513494e-05
632	1816	-8.514906e-05
632	roadsid	-8.517208e-05
632	sunan	-8.5225554e-05
632	ongjin	-8.5225554e-05
632	ikishima	-8.526011e-05
632	kamitsushima	-8.526011e-05
632	aspergillu	-8.530228e-05
632	cefta	-8.534964e-05
632	unswervingli	-8.5390915e-05
632	exemplari	-8.5396714e-05
632	limb	-8.543097e-05
632	ichthyofauna	-8.543323e-05
632	reassign	-8.547856e-05
632	galloi	-8.548413e-05
632	kigyo	-8.549143e-05
632	hac	-8.5543244e-05
632	constanta	-8.55523e-05
632	taizo	-8.556973e-05
632	numb	-8.557411e-05
632	mitsuhid	-8.562646e-05
632	chisinau	-8.564695e-05
632	931	-8.56533e-05
632	sibl	-8.566044e-05
632	1226	-8.5677086e-05
632	romp	-8.573743e-05
632	smack	-8.5741056e-05
632	borchert	-8.574462e-05
632	2829	-8.5751104e-05
632	octan	-8.576672e-05
632	reenter	-8.577414e-05
632	pfp	-8.579111e-05
632	steelmak	-8.579593e-05
632	settler	-8.582685e-05
632	0549	-8.584555e-05
632	xt	-8.584555e-05
632	loui	-8.590803e-05
632	myamar	-8.593245e-05
632	setyanto	-8.596964e-05
632	benda	-8.597166e-05
632	shaox	-8.5979176e-05
632	thyroid	-8.598985e-05
632	mob	-8.602015e-05
632	boster	-8.607178e-05
632	superphosph	-8.609318e-05
632	12jan94	-8.609318e-05
632	sasu	-8.609318e-05
632	rsm	-8.609318e-05
632	yomju	-8.609318e-05
632	chungsan	-8.609318e-05
632	dauphin	-8.612862e-05
632	everbright	-8.613028e-05
632	27ub	-8.61347e-05
632	errat	-8.6151296e-05
632	kosta	-8.622823e-05
632	dm24	-8.622823e-05
632	kaijia	-8.62632e-05
632	lithuanian	-8.62633e-05
632	splendidli	-8.6265885e-05
632	xiangang	-8.63038e-05
632	baton	-8.6351945e-05
632	jetlin	-8.6361426e-05
632	764	-8.64537e-05
632	semipalatinsk	-8.646141e-05
632	volumin	-8.6484724e-05
632	drchi011	-8.648927e-05
632	908	-8.650208e-05
632	roxxi	-8.652282e-05
632	whitebait	-8.652282e-05
632	adobada	-8.652282e-05
632	gao	-8.654092e-05
632	dalin	-8.6578635e-05
632	guoshi	-8.6578635e-05
632	sevil	-8.6585125e-05
632	azizan	-8.661135e-05
632	anuar	-8.661135e-05
632	vpx	-8.661135e-05
632	medellin	-8.6629996e-05
632	irrecover	-8.664111e-05
632	modifi	-8.668189e-05
632	underwear	-8.670647e-05
632	multivitamin	-8.6728855e-05
632	memor	-8.673824e-05
632	uhlir	-8.6753826e-05
632	kc84	-8.6753826e-05
632	kc380	-8.6753826e-05
632	rehau	-8.6753826e-05
632	eurow	-8.6753826e-05
632	ronal	-8.6753826e-05
632	lubomira	-8.6753826e-05
632	kc31	-8.6753826e-05
632	privatizaton	-8.6753826e-05
632	inekon	-8.6753826e-05
632	mihok	-8.6753826e-05
632	kc79	-8.6753826e-05
632	dopravni	-8.6753826e-05
632	kc26	-8.6753826e-05
632	kc71	-8.6753826e-05
632	kc58	-8.6753826e-05
632	husek	-8.6753826e-05
632	rencko	-8.6753826e-05
632	vostri	-8.6753826e-05
632	fao	-8.676724e-05
632	vogt	-8.679249e-05
632	sarot	-8.680298e-05
632	crunch	-8.680912e-05
632	blum	-8.681592e-05
632	knive	-8.6816646e-05
632	bookstor	-8.685279e-05
632	ambyo	-8.685896e-05
632	shkoder	-8.687308e-05
632	mum	-8.689664e-05
632	properti	-8.703507e-05
632	bbp	-8.706953e-05
632	rine	-8.706953e-05
632	tokin	-8.706953e-05
632	masateru	-8.706953e-05
632	kowon	-8.706953e-05
632	nanam	-8.706953e-05
632	roxburgh	-8.707751e-05
632	cellnet	-8.7088134e-05
632	buzz	-8.709057e-05
632	hydrobiont	-8.709067e-05
632	sasomsap	-8.7102846e-05
632	1747	-8.716128e-05
632	rs	-8.71651e-05
632	2012	-8.722137e-05
632	887	-8.723872e-05
632	1203	-8.725131e-05
632	cylind	-8.725303e-05
632	hiroyuki	-8.7285094e-05
632	brod	-8.7295746e-05
632	crankshaf	-8.730122e-05
632	indetermin	-8.732165e-05
632	mohd	-8.734153e-05
632	sapporo	-8.736165e-05
632	karlheinz	-8.7366316e-05
632	vra	-8.737101e-05
632	babe	-8.737843e-05
632	milliwatt	-8.739515e-05
632	drydock	-8.7396074e-05
632	whereabout	-8.7401415e-05
632	sula	-8.743209e-05
632	sjac	-8.748499e-05
632	gomez	-8.754986e-05
632	gridlock	-8.7551736e-05
632	inp	-8.755488e-05
632	cmc	-8.756658e-05
632	ambul	-8.759094e-05
632	kirin	-8.759115e-05
632	meadow	-8.7593166e-05
632	bit	-8.759784e-05
632	4792	-8.760031e-05
632	liquifi	-8.7600856e-05
632	scandanavia	-8.7621214e-05
632	5534	-8.7621214e-05
632	igur	-8.7624714e-05
632	pettersson	-8.766474e-05
632	finn	-8.766483e-05
632	bacteriolog	-8.7668406e-05
632	matsui	-8.7695225e-05
632	dope	-8.772865e-05
632	neediest	-8.7734494e-05
632	renaud	-8.7734494e-05
632	tambon	-8.7736e-05
632	glasnost	-8.776988e-05
632	angra	-8.778477e-05
632	shelbi	-8.780222e-05
632	kotenev	-8.784397e-05
632	vasilchuk	-8.784397e-05
632	izmaylov	-8.784397e-05
632	needto	-8.7865934e-05
632	haetzni	-8.7865934e-05
632	broach	-8.7958484e-05
632	resound	-8.797239e-05
632	wien	-8.797571e-05
632	0109	-8.810387e-05
632	2623	-8.810387e-05
632	mope	-8.811418e-05
632	ddt	-8.812944e-05
632	motto	-8.813721e-05
632	vernyi	-8.8161934e-05
632	khartoum	-8.823239e-05
632	hug	-8.825112e-05
632	drabb	-8.827203e-05
632	reset	-8.8273264e-05
632	waterfowl	-8.828173e-05
632	meola	-8.829325e-05
632	fr3	-8.829465e-05
632	overtak	-8.831864e-05
632	mysl	-8.832543e-05
632	3r	-8.835693e-05
632	postech	-8.839552e-05
632	predestin	-8.8410045e-05
632	kelenfold	-8.841894e-05
632	elektropristroj	-8.841894e-05
632	palaba	-8.841894e-05
632	strojplast	-8.841894e-05
632	danev	-8.841894e-05
632	lifechoic	-8.841894e-05
632	prosyst	-8.841894e-05
632	hradok	-8.841894e-05
632	kralovopolska	-8.841894e-05
632	khvm	-8.841894e-05
632	radvanic	-8.841894e-05
632	gasifi	-8.843136e-05
632	maid	-8.846438e-05
632	revanchist	-8.8473986e-05
632	scoundrel	-8.84743e-05
632	khalid	-8.847493e-05
632	inexplic	-8.850289e-05
632	daqe	-8.852315e-05
632	drchi101	-8.856918e-05
632	fedorov	-8.857773e-05
632	38th	-8.85858e-05
632	operation	-8.861966e-05
632	friuli	-8.8624845e-05
632	rediscount	-8.8687266e-05
632	sniper	-8.869554e-05
632	evoc	-8.869821e-05
632	chaff	-8.8776265e-05
632	collet	-8.881514e-05
632	equitec	-8.883379e-05
632	pore	-8.890281e-05
632	bottarga	-8.896431e-05
632	shumai	-8.896432e-05
632	klinsmann	-8.89692e-05
632	nordin	-8.89692e-05
632	southernmost	-8.8993605e-05
632	deskjet	-8.904206e-05
632	tzu	-8.9049114e-05
632	mezhdunarodnaya	-8.907396e-05
632	arafat	-8.9093526e-05
632	6285	-8.9096786e-05
632	kha	-8.9129855e-05
632	booz	-8.913146e-05
632	apatit	-8.915994e-05
632	throat	-8.9166206e-05
632	southmark	-8.9183624e-05
632	gtaf	-8.9201836e-05
632	kc5o	-8.9201836e-05
632	sk640	-8.9201836e-05
632	vacikov	-8.9201836e-05
632	botana	-8.9201836e-05
632	kc49	-8.9201836e-05
632	kc645	-8.9201836e-05
632	kc59	-8.9201836e-05
632	kc153	-8.9201836e-05
632	denkstein	-8.9201836e-05
632	kaspersk	-8.9201836e-05
632	tradewai	-8.9201836e-05
632	kc910	-8.9201836e-05
632	kc4o	-8.9201836e-05
632	sk86	-8.9201836e-05
632	sklounion	-8.9201836e-05
632	sk101	-8.9201836e-05
632	hazai	-8.9201836e-05
632	jihostroj	-8.9201836e-05
632	kc20o	-8.9201836e-05
632	schaerding	-8.9201836e-05
632	ceskomoravsk	-8.9201836e-05
632	kc34	-8.9201836e-05
632	korotnoki	-8.9201836e-05
632	kc484	-8.9201836e-05
632	vlaschek	-8.9201836e-05
632	pozito	-8.9201836e-05
632	gerza	-8.9201836e-05
632	vrana	-8.9201836e-05
632	wurmboeck	-8.9201836e-05
632	laubenheim	-8.9201836e-05
632	kaffenberg	-8.9201836e-05
632	metalimex	-8.9201836e-05
632	portu	-8.9201836e-05
632	kohoutek	-8.9201836e-05
632	kc474	-8.9201836e-05
632	faktorhaz	-8.9201836e-05
632	shonyang	-8.9201836e-05
632	brezhrad	-8.9201836e-05
632	borovska	-8.9201836e-05
632	behriwerk	-8.9201836e-05
632	kc640	-8.9201836e-05
632	wollburg	-8.9201836e-05
632	kc235	-8.9201836e-05
632	sk580	-8.9201836e-05
632	mayred	-8.9201836e-05
632	2029z	-8.9201836e-05
632	kc256	-8.9201836e-05
632	grifoi	-8.9201836e-05
632	kc65o	-8.9201836e-05
632	kc522	-8.9201836e-05
632	poistovna	-8.9201836e-05
632	pragur	-8.9201836e-05
632	mokrsko	-8.9201836e-05
632	moscowbratislava	-8.9201836e-05
632	dm5o	-8.9201836e-05
632	additin	-8.9201836e-05
632	humpolec	-8.9201836e-05
632	kc359	-8.9201836e-05
632	brhel	-8.9201836e-05
632	kc4oo	-8.9201836e-05
632	sk439	-8.9201836e-05
632	velesin	-8.9201836e-05
632	kc32	-8.9201836e-05
632	fuerstova	-8.9201836e-05
632	biotechnologist5	-8.9201836e-05
632	leciva	-8.9201836e-05
632	kco	-8.9201836e-05
632	dobrovic	-8.9201836e-05
632	xiangtan	-8.9216366e-05
632	diaz	-8.9221e-05
632	sergio	-8.928384e-05
632	6508	-8.930834e-05
632	gianluca	-8.932735e-05
632	moga	-8.9331545e-05
632	carpathian	-8.935028e-05
632	2244	-8.940186e-05
632	banyan	-8.943111e-05
632	doll	-8.94723e-05
632	afro	-8.947882e-05
632	kumkang	-8.948893e-05
632	yongkwang	-8.948893e-05
632	manpo	-8.948893e-05
632	koho	-8.948893e-05
632	songdowon	-8.948893e-05
632	saemaul	-8.948893e-05
632	yongh	-8.948893e-05
632	yonggang	-8.948893e-05
632	buryat	-8.950316e-05
632	xine	-8.953356e-05
632	namesak	-8.956302e-05
632	2422	-8.96116e-05
632	immut	-8.96197e-05
632	loutish	-8.970041e-05
632	3898	-8.970041e-05
632	392	-8.9705725e-05
632	chimkent	-8.97183e-05
632	margarin	-8.971999e-05
632	0748	-8.973589e-05
632	askar	-8.979042e-05
632	salah	-8.979894e-05
632	koeh	-8.9810674e-05
632	buckl	-8.983554e-05
632	beckon	-8.987669e-05
632	joyou	-8.988047e-05
632	hay	-8.988555e-05
632	shcherbak	-8.9951434e-05
632	karachai	-8.9951434e-05
632	shenxi	-8.995838e-05
632	vdu	-9.007667e-05
632	oll	-9.0089714e-05
632	immobl	-9.009055e-05
632	dreeu107	-9.0097084e-05
632	seaworthi	-9.012155e-05
632	com	-9.01454e-05
632	louisiana	-9.016355e-05
632	alexandro	-9.020499e-05
632	keligao	-9.0219946e-05
632	equalstar	-9.0219946e-05
632	museno	-9.0219946e-05
632	onk	-9.0219946e-05
632	vp2600	-9.0219946e-05
632	hwano	-9.0219946e-05
632	chawanawirat	-9.0222915e-05
632	killer	-9.022884e-05
632	mdf	-9.023156e-05
632	unreach	-9.026473e-05
632	huaxia	-9.029036e-05
632	playtex	-9.031998e-05
632	yuka	-9.034462e-05
632	synogogu	-9.034534e-05
632	rebecca	-9.0352856e-05
632	orsk	-9.037524e-05
632	peptid	-9.038244e-05
632	yutaka	-9.040406e-05
632	fur	-9.04077e-05
632	gmd	-9.042065e-05
632	rightism	-9.042765e-05
632	0f	-9.0430745e-05
632	alla	-9.046791e-05
632	factli	-9.048563e-05
632	psv	-9.04967e-05
632	jptdd021	-9.051923e-05
632	kasim	-9.0542715e-05
632	goro	-9.0542715e-05
632	sariwon	-9.0542715e-05
632	0824	-9.057068e-05
632	trairong	-9.0609756e-05
632	suwannakhiri	-9.0609756e-05
632	len	-9.0610556e-05
632	ia	-9.070964e-05
632	hideo	-9.071736e-05
632	1354	-9.0747e-05
632	hutton	-9.075732e-05
632	sieca	-9.076241e-05
632	solana	-9.078606e-05
632	eabbeacvft	-9.0799396e-05
632	riverwai	-9.081824e-05
632	quibbl	-9.0843256e-05
632	weihai	-9.08538e-05
632	perot	-9.0894035e-05
632	boyfriend	-9.090093e-05
632	uil	-9.093765e-05
632	instit	-9.103315e-05
632	shannxi	-9.105427e-05
632	tsusansho	-9.105427e-05
632	namgang	-9.105427e-05
632	t9	-9.105427e-05
632	6643	-9.108483e-05
632	verit	-9.110822e-05
632	indu	-9.111997e-05
632	0686	-9.112799e-05
632	4860	-9.112799e-05
632	arzama	-9.114308e-05
632	unswerv	-9.1244736e-05
632	plaic	-9.12887e-05
632	sellafield	-9.129446e-05
632	570	-9.1315254e-05
632	sebastiao	-9.137078e-05
632	grotesqu	-9.138894e-05
632	multilateralis	-9.139825e-05
632	divison	-9.143273e-05
632	2170	-9.14543e-05
632	sfr22	-9.1459406e-05
632	fr10	-9.1459406e-05
632	pagliarini	-9.1459406e-05
632	rybalskii	-9.150393e-05
632	zimich	-9.150393e-05
632	gubakha	-9.150393e-05
632	roskomrybolovstvo	-9.150393e-05
632	sandr	-9.150393e-05
632	psle	-9.150393e-05
632	yelokhin	-9.150393e-05
632	waterwork	-9.1540765e-05
632	deepest	-9.1551396e-05
632	sika	-9.155247e-05
632	jinhong	-9.156189e-05
632	tianchi	-9.156189e-05
632	yudong	-9.156189e-05
632	tabak	-9.159581e-05
632	sankyo	-9.159854e-05
632	reunion	-9.1622605e-05
632	tion	-9.1625305e-05
632	unlist	-9.1630805e-05
632	psychic	-9.166452e-05
632	6745	-9.168137e-05
632	bassa	-9.173142e-05
632	guangzhen	-9.176705e-05
632	acheiv	-9.177406e-05
632	benelux	-9.180145e-05
632	belatedli	-9.182326e-05
632	camarillo	-9.18263e-05
632	riedl	-9.184207e-05
632	huddl	-9.1848335e-05
632	impecc	-9.186886e-05
632	escobar	-9.1873204e-05
632	simiti	-9.201143e-05
632	0392	-9.2019094e-05
632	1oo	-9.2029986e-05
632	farther	-9.20603e-05
632	grachev	-9.2062306e-05
632	camaraderi	-9.207391e-05
632	yueyang	-9.2104245e-05
632	xianhu	-9.2134884e-05
632	taiga	-9.2139824e-05
632	cusco	-9.216259e-05
632	slupsk	-9.218611e-05
632	watchtow	-9.221016e-05
632	tokyu	-9.223134e-05
632	goran	-9.224903e-05
632	al35f	-9.225524e-05
632	councilman	-9.225578e-05
632	tokuyo	-9.2283146e-05
632	dsb	-9.2294795e-05
632	realmark	-9.2313116e-05
632	shower	-9.232254e-05
632	puzzl	-9.237014e-05
632	000km	-9.238396e-05
632	increment	-9.248504e-05
632	sammi	-9.252078e-05
632	y208	-9.2529044e-05
632	zhujun	-9.2529044e-05
632	chunqiu	-9.2529044e-05
632	500d	-9.253432e-05
632	demolit	-9.255054e-05
632	464	-9.255401e-05
632	ernest	-9.257711e-05
632	setub	-9.259745e-05
632	jpusr026	-9.2618386e-05
632	libra	-9.262045e-05
632	tm	-9.2633716e-05
632	malloreddu	-9.2670954e-05
632	awas	-9.2670954e-05
632	cacciota	-9.2670954e-05
632	barofski	-9.2670954e-05
632	marouch	-9.2670954e-05
632	autiero	-9.2670954e-05
632	chilapita	-9.2670954e-05
632	appam	-9.2670954e-05
632	ogata	-9.2687034e-05
632	pad	-9.2688526e-05
632	26jan94	-9.269284e-05
632	jijo	-9.269284e-05
632	koki	-9.269284e-05
632	forei	-9.2717266e-05
632	tianamen	-9.2717266e-05
632	etari	-9.2717266e-05
632	1114	-9.2745715e-05
632	sqd	-9.276882e-05
632	medlei	-9.2802075e-05
632	unstopp	-9.281721e-05
632	readership	-9.2837785e-05
632	myong	-9.284167e-05
632	frontpag	-9.285484e-05
632	calleo	-9.2855014e-05
632	komiyama	-9.2855014e-05
632	100mm	-9.285558e-05
632	matthaeu	-9.28663e-05
632	gro	-9.2901144e-05
632	1001	-9.293647e-05
632	speedili	-9.293902e-05
632	easiest	-9.300817e-05
632	pukchong	-9.301468e-05
632	o0o	-9.301468e-05
632	dx200	-9.301468e-05
632	mankyongda	-9.301468e-05
632	benzoin	-9.301468e-05
632	sopyongyang	-9.301468e-05
632	haesan	-9.301468e-05
632	namsinuiju	-9.301468e-05
632	2138z	-9.301468e-05
632	kogo	-9.301468e-05
632	eurocat	-9.301468e-05
632	wenzhou	-9.303212e-05
632	ensembl	-9.304048e-05
632	langfang	-9.3065224e-05
632	skate	-9.310456e-05
632	dominion	-9.313987e-05
632	silverwar	-9.314866e-05
632	rv	-9.316125e-05
632	stanford	-9.31885e-05
632	adrenalin	-9.32386e-05
632	schemat	-9.329274e-05
632	unremittingli	-9.32928e-05
632	lop	-9.329584e-05
632	ideologist	-9.330766e-05
632	10cm	-9.332352e-05
632	carp	-9.3324554e-05
632	libel	-9.333966e-05
632	bipolar	-9.3364375e-05
632	sociologist	-9.336745e-05
632	nanshi	-9.337224e-05
632	ipco	-9.337225e-05
632	6534	-9.338229e-05
632	hid	-9.3404065e-05
632	smc	-9.344303e-05
632	sled	-9.3494586e-05
632	bilingu	-9.350785e-05
632	1470	-9.350845e-05
632	agronomi	-9.3550225e-05
632	zt	-9.35566e-05
632	shingo	-9.36093e-05
632	787	-9.364066e-05
632	ironwork	-9.365328e-05
632	elop	-9.371109e-05
632	1052	-9.3711824e-05
632	allergi	-9.372428e-05
632	chakri	-9.3757015e-05
632	pcn	-9.385843e-05
632	itch	-9.38657e-05
632	aloft	-9.388438e-05
632	hymn	-9.390778e-05
632	tver	-9.3925024e-05
632	delink	-9.394573e-05
632	duma	-9.395366e-05
632	unessenti	-9.395524e-05
632	upcountri	-9.400274e-05
632	yoido	-9.400274e-05
632	vpa	-9.400274e-05
632	5132	-9.400274e-05
632	maria	-9.400566e-05
632	underclass	-9.401328e-05
632	nesdb	-9.40212e-05
632	rijkaard	-9.402305e-05
632	glaciolog	-9.402846e-05
632	vulkan	-9.40322e-05
632	airlift	-9.4040704e-05
632	tambov	-9.406649e-05
632	vekel	-9.410949e-05
632	meshketian	-9.41095e-05
632	letrov	-9.41095e-05
632	predag	-9.41095e-05
632	merillon	-9.41095e-05
632	goertmak	-9.41095e-05
632	eliyakum	-9.41095e-05
632	nonstopp	-9.41095e-05
632	kazemzadeh	-9.41095e-05
632	vallanc	-9.411035e-05
632	papandoni	-9.424288e-05
632	slang	-9.4247385e-05
632	emotion	-9.427219e-05
632	hasin	-9.4274306e-05
632	shiman	-9.4326315e-05
632	mayhem	-9.434823e-05
632	bintulu	-9.436338e-05
632	hudong	-9.438531e-05
632	burlatskii	-9.439454e-05
632	parboil	-9.440324e-05
632	1936	-9.441022e-05
632	534	-9.442826e-05
632	sanikidz	-9.4456715e-05
632	kostelnik	-9.452658e-05
632	kenkelen	-9.452658e-05
632	demo	-9.453187e-05
632	bisdn	-9.454444e-05
632	kiyadeibi	-9.454444e-05
632	sakogawa	-9.454444e-05
632	sukandar	-9.454444e-05
632	rabbani	-9.456786e-05
632	sicilian	-9.456787e-05
632	glasswar	-9.457418e-05
632	lurid	-9.4584255e-05
632	bedfellow	-9.458868e-05
632	2535	-9.461507e-05
632	unlead	-9.4634524e-05
632	miklosko	-9.466278e-05
632	voeller	-9.466278e-05
632	favorita	-9.466278e-05
632	punctur	-9.470289e-05
632	gdr	-9.470964e-05
632	vostoka	-9.4778705e-05
632	clone	-9.4812516e-05
632	placid	-9.481417e-05
632	1350	-9.4893774e-05
632	vinh	-9.490295e-05
632	cj	-9.492117e-05
632	eib	-9.492449e-05
632	manifesto	-9.494196e-05
632	maklamah	-9.4950025e-05
632	hereditari	-9.496776e-05
632	circulatori	-9.49746e-05
632	autopilot	-9.498507e-05
632	csr	-9.501691e-05
632	macedonia	-9.502444e-05
632	gladli	-9.503193e-05
632	blasphemi	-9.5071475e-05
632	dreas050	-9.509759e-05
632	bunthan	-9.514246e-05
632	fazhi	-9.516454e-05
632	attari	-9.518639e-05
632	storm	-9.5210824e-05
632	stew	-9.5225696e-05
632	positivi	-9.5244926e-05
632	mitsuo	-9.5247844e-05
632	scuttl	-9.5316354e-05
632	reevalu	-9.5321935e-05
632	0942	-9.533933e-05
632	vialli	-9.5351745e-05
632	fiorentina	-9.5351745e-05
632	keynot	-9.536262e-05
632	mankun	-9.5376745e-05
632	gaoyuan	-9.5376745e-05
632	guangchu	-9.5376745e-05
632	shaotong	-9.5376745e-05
632	wulichong	-9.5376745e-05
632	pingdi	-9.5376745e-05
632	lanjian	-9.5376745e-05
632	yangzonhai	-9.5376745e-05
632	chaishitan	-9.5376745e-05
632	songhuaba	-9.5376745e-05
632	shimonoseki	-9.538256e-05
632	hongkou	-9.538256e-05
632	6286	-9.538664e-05
632	disconnect	-9.5391784e-05
632	0901	-9.539811e-05
632	faulti	-9.541711e-05
632	gonna	-9.546668e-05
632	curtain	-9.549916e-05
632	4958	-9.55076e-05
632	clamor	-9.551713e-05
632	cmdr	-9.551805e-05
632	satoshi	-9.5537296e-05
632	9596	-9.5541516e-05
632	councilor	-9.560104e-05
632	strube	-9.5601776e-05
632	serapimovna	-9.563937e-05
632	pukdaechon	-9.563937e-05
632	2so	-9.563937e-05
632	daechon	-9.563937e-05
632	m88a1e1	-9.563937e-05
632	hohwan	-9.563937e-05
632	governmewnt	-9.563937e-05
632	alvb	-9.563937e-05
632	sokdo	-9.563937e-05
632	begunin	-9.563937e-05
632	khunananthakun	-9.563937e-05
632	asseng	-9.563937e-05
632	fukuno	-9.563937e-05
632	myongshim	-9.563937e-05
632	sohaegapmoon	-9.563937e-05
632	hewlet	-9.563937e-05
632	daean	-9.563937e-05
632	sibiwol	-9.563937e-05
632	elibigil	-9.563937e-05
632	dukchon	-9.563937e-05
632	kadong	-9.563937e-05
632	aekuk	-9.563937e-05
632	80th	-9.564262e-05
632	ballast	-9.567966e-05
632	edinburgh	-9.5689305e-05
632	brute	-9.572191e-05
632	understat	-9.572482e-05
632	emerson	-9.575842e-05
632	gorgeou	-9.576024e-05
632	saab	-9.57908e-05
632	phut	-9.580376e-05
632	ondrej	-9.581499e-05
632	500th	-9.581532e-05
632	exterior	-9.5824325e-05
632	1628	-9.583834e-05
632	sleazi	-9.584314e-05
632	atlanta	-9.587845e-05
632	orix	-9.5928146e-05
632	disillusion	-9.594907e-05
632	indomobil	-9.595785e-05
632	taper	-9.5970514e-05
632	5571	-9.599409e-05
632	maestro	-9.6003736e-05
632	vostrikov	-9.604569e-05
632	goncharenko	-9.6045704e-05
632	knowingli	-9.604632e-05
632	0916	-9.606919e-05
632	dunga	-9.60982e-05
632	benfica	-9.60982e-05
632	waitress	-9.611915e-05
632	noncompulsori	-9.61201e-05
632	inexperi	-9.6124975e-05
632	artifact	-9.61548e-05
632	khamen	-9.6174124e-05
632	cogniz	-9.618822e-05
632	mikula	-9.620069e-05
632	merbau	-9.621791e-05
632	bangladeshi	-9.622742e-05
632	independent	-9.6233394e-05
632	6287	-9.6233394e-05
632	yiorgo	-9.6233394e-05
632	problemi	-9.623729e-05
632	fl	-9.62434e-05
632	notari	-9.6304895e-05
632	onega	-9.632868e-05
632	qunma	-9.63842e-05
632	rujianglung	-9.63842e-05
632	gongtong	-9.63842e-05
632	waijiao	-9.63842e-05
632	tuhui	-9.63842e-05
632	nonsmok	-9.639557e-05
632	disinform	-9.6409116e-05
632	reciv	-9.6424825e-05
632	7122	-9.644461e-05
632	anchovi	-9.644848e-05
632	0747	-9.6454096e-05
632	bours	-9.647911e-05
632	sigma	-9.6480144e-05
632	toolmak	-9.65063e-05
632	ramna	-9.6513395e-05
632	hbt	-9.651884e-05
632	stanislav	-9.657526e-05
632	industrializ	-9.6580254e-05
632	sumiwak	-9.6580254e-05
632	4423	-9.6599055e-05
632	vietranscimex	-9.663375e-05
632	sikap	-9.663375e-05
632	opus	-9.664121e-05
632	scot	-9.6656004e-05
632	thanksgiv	-9.6679556e-05
632	616	-9.671132e-05
632	1202	-9.673382e-05
632	jill	-9.675794e-05
632	misrepresent	-9.676182e-05
632	manklang	-9.680672e-05
632	eslami	-9.681981e-05
632	glean	-9.683787e-05
632	kinder	-9.684955e-05
632	kite	-9.6900236e-05
632	taffarel	-9.691261e-05
632	stojkov	-9.691261e-05
632	baresi	-9.691261e-05
632	kami	-9.694618e-05
632	574	-9.7060976e-05
632	patio	-9.709693e-05
632	6506	-9.716289e-05
632	sano	-9.717369e-05
632	smilingli	-9.717369e-05
632	cilacap	-9.7188065e-05
632	dongkuk	-9.7188065e-05
632	crosier	-9.719392e-05
632	knopf	-9.724842e-05
632	uic	-9.728066e-05
632	xinbao	-9.731017e-05
632	dlinnaya	-9.731351e-05
632	motherland	-9.732674e-05
632	masayoshi	-9.732981e-05
632	bere	-9.733648e-05
632	beam	-9.733763e-05
632	banc	-9.7342134e-05
632	trickl	-9.7360884e-05
632	yangsan	-9.740647e-05
632	oltcit	-9.740647e-05
632	ineffectu	-9.741138e-05
632	1644	-9.742211e-05
632	yamato	-9.7442135e-05
632	paralys	-9.7445794e-05
632	sk6	-9.746002e-05
632	reznik	-9.748442e-05
632	graniela	-9.7494805e-05
632	kume	-9.751936e-05
632	motoo	-9.7540484e-05
632	faithfulli	-9.7542186e-05
632	conco	-9.7560354e-05
632	wet	-9.759113e-05
632	appet	-9.759391e-05
632	6473	-9.766405e-05
632	potent	-9.766462e-05
632	telemetri	-9.767548e-05
632	jodi	-9.768763e-05
632	courterpart	-9.771378e-05
632	aoyagi	-9.7756245e-05
632	donadoni	-9.780858e-05
632	preud	-9.780858e-05
632	drsov080	-9.786462e-05
632	zanderij	-9.787236e-05
632	oancea	-9.789219e-05
632	quixot	-9.7931144e-05
632	reemploy	-9.7999764e-05
632	concomit	-9.804558e-05
632	photomask	-9.807405e-05
632	dacom	-9.8085766e-05
632	panopli	-9.8131364e-05
632	duti	-9.8139724e-05
632	mele	-9.819268e-05
632	fr8	-9.819306e-05
632	papadhopoulo	-9.819306e-05
632	bietz	-9.8265904e-05
632	seduc	-9.832372e-05
632	akhtuba	-9.838693e-05
632	xinan	-9.842805e-05
632	1218	-9.8428536e-05
632	seibu	-9.845091e-05
632	kyosei	-9.851111e-05
632	brandish	-9.8529796e-05
632	chili	-9.8567325e-05
632	balikpapan	-9.8624216e-05
632	tre	-9.863575e-05
632	strewn	-9.86849e-05
632	dostam	-9.870449e-05
632	cedok	-9.8721786e-05
632	bushel	-9.8762444e-05
632	6320	-9.876358e-05
632	vdo	-9.878114e-05
632	saiga	-9.879611e-05
632	ocur	-9.880432e-05
632	zenga	-9.880432e-05
632	hysen	-9.880432e-05
632	hyper	-9.882953e-05
632	thawat	-9.889097e-05
632	wichaidit	-9.889097e-05
632	pico	-9.8891374e-05
632	ethernet	-9.889716e-05
632	secess	-9.8908335e-05
632	randi	-9.892936e-05
632	0701	-9.8953475e-05
632	oral	-9.897038e-05
632	intimaci	-9.902169e-05
632	vinegar	-9.903672e-05
632	lorain	-9.90403e-05
632	0414	-9.909702e-05
632	pcbc	-9.913144e-05
632	interpol	-9.916696e-05
632	skd	-9.92073e-05
632	uritski	-9.92368e-05
632	midcours	-9.924666e-05
632	solovyev	-9.9272926e-05
632	tiao	-9.9325574e-05
632	bayer	-9.9348945e-05
632	1444	-9.939301e-05
632	esso	-9.944871e-05
632	munic	-9.946022e-05
632	130mm	-9.9610756e-05
632	bian	-9.962344e-05
632	utensil	-9.9627985e-05
632	lill	-9.965295e-05
632	bucol	-9.967622e-05
632	waver	-9.974874e-05
632	dc	-9.976587e-05
632	saku	-9.9774064e-05
632	shinshu	-9.9774064e-05
632	quli	-9.9774064e-05
632	bason	-9.9774064e-05
632	kusong	-9.9774064e-05
632	saleh	-9.980557e-05
632	bhamo	-9.982777e-05
632	olympu	-9.986434e-05
632	manicur	-9.992044e-05
632	suoguang	-9.992222e-05
632	tanshi	-9.992222e-05
632	communal	-9.9924815e-05
632	west	-9.9929355e-05
632	abovement	-9.995105e-05
632	indemnifi	-9.995311e-05
632	jinshan	-9.9963254e-05
632	devour	-9.9964884e-05
632	glamor	-9.997652e-05
632	sfr700	-9.998329e-05
632	fr15	-9.998329e-05
632	3692	-0.00010000139
632	ut	-0.00010000307
632	427	-0.00010001099
632	okamoto	-0.00010005948
632	afar	-0.00010008905
632	walid	-0.000100116595
632	tongu	-0.000100147656
632	1446	-0.00010015334
632	mytholog	-0.000100164354
632	kunihiko	-0.00010017182
632	impud	-0.000100188045
632	asylumseek	-0.000100237
632	forsook	-0.0001002416
632	glorious	-0.00010024224
632	scour	-0.00010025159
632	sterlitamak	-0.00010029422
632	sogema	-0.00010031331
632	sdx	-0.00010034937
632	mtcr	-0.000100397665
632	lena	-0.00010039867
632	hezb	-0.00010043568
632	changchun	-0.000100437865
632	bukaka	-0.00010044099
632	xiaofei	-0.00010044099
632	lousi	-0.000100456054
632	ultralow	-0.000100483245
632	zhan	-0.000100491896
632	empt	-0.00010050052
632	1880	-0.00010050052
632	photon	-0.00010051645
632	feud	-0.00010057051
632	sukharev	-0.0001005961
632	nitto	-0.00010060595
632	usti	-0.00010061473
632	sealift	-0.00010062108
632	randal	-0.000100628036
632	curricula	-0.000100639794
632	kopek	-0.00010065206
632	anilla	-0.00010066355
632	kainuu	-0.00010066355
632	jew	-0.00010067176
632	dissoci	-0.0001006953
632	spn	-0.0001007307
632	weightier	-0.00010074498
632	flotilla	-0.0001007956
632	thurow	-0.000100804944
632	snarl	-0.00010084599
632	tumult	-0.000100848985
632	entwin	-0.000100859725
632	dat	-0.000100859834
632	803	-0.000100863996
632	geochem	-0.000100918
632	clinker	-0.00010092463
632	tumor	-0.0001009306
632	denwa	-0.000100938756
632	0193	-0.00010094633
632	chamfer	-0.00010101249
632	4560	-0.00010104231
632	defector	-0.00010108731
632	chasa	-0.000101139034
632	denshin	-0.0001011937
632	zubizarreta	-0.0001012059
632	meazza	-0.0001012059
632	l00	-0.00010122869
632	bemus	-0.00010123229
632	fulf	-0.00010124343
632	tejima	-0.00010124843
632	prayogo	-0.00010124843
632	lotteria	-0.00010124843
632	tkb	-0.00010124843
632	starter	-0.00010126231
632	897	-0.000101262965
632	metropol	-0.000101272075
632	default	-0.00010134463
632	ibn	-0.00010135831
632	chauffeur	-0.000101378166
632	2500	-0.00010139179
632	approvingli	-0.000101444486
632	clergyman	-0.00010144572
632	trauma	-0.00010145046
632	steeplechas	-0.00010146141
632	fouo	-0.00010149444
632	pangasinan	-0.000101519276
632	katsuya	-0.00010159664
632	dagestan	-0.00010159957
632	ingrain	-0.00010162217
632	childless	-0.00010165012
632	sectarian	-0.00010168426
632	yinh	-0.00010172425
632	vindic	-0.00010173043
632	dreas055	-0.00010173747
632	kazuhiko	-0.00010178426
632	labyrinth	-0.0001017935
632	cylindr	-0.0001018122
632	robertson	-0.00010181811
632	1333	-0.00010183323
632	tabor	-0.000101855745
632	rearm	-0.00010188373
632	shaoguan	-0.00010191736
632	spy	-0.00010191951
632	hengyang	-0.00010192344
632	ankl	-0.00010192589
632	camper	-0.00010193911
632	1154	-0.0001019397
632	nickeri	-0.000101950136
632	neiuw	-0.000101950136
632	wakah	-0.000101950136
632	zhejian	-0.000101950136
632	grit	-0.00010197433
632	sinitsyn	-0.00010208261
632	med	-0.000102130674
632	technomatix	-0.00010216022
632	sjamsu	-0.00010216022
632	uraltrac	-0.00010216022
632	waldrich	-0.00010216022
632	shincom	-0.00010216022
632	fpe	-0.00010216022
632	uniphonekad	-0.00010216022
632	baraharum	-0.00010216022
632	palau	-0.00010216837
632	kuranti	-0.00010218016
632	harold	-0.00010219885
632	rosvooruzheniy	-0.000102309794
632	vibrat	-0.000102340564
632	youwei	-0.00010234755
632	procuraci	-0.00010235789
632	6627	-0.0001023781
632	flatter	-0.00010243454
632	kato	-0.000102467064
632	panick	-0.000102504535
632	nonuniform	-0.00010256741
632	closed	-0.00010263094
632	guesswork	-0.00010263452
632	sterner	-0.000102668426
632	kiddi	-0.00010271111
632	pornograph	-0.00010276443
632	progr	-0.000102784405
632	6126	-0.00010292389
632	742	-0.00010293415
632	aizuwakamatsu	-0.00010301949
632	daur	-0.00010301949
632	xiangtang	-0.00010301949
632	yongdo	-0.00010301949
632	1648	-0.00010304841
632	d13	-0.00010305602
632	meh	-0.000103095226
632	barum	-0.000103095226
632	struder	-0.000103095226
632	mollov	-0.000103095226
632	asimco	-0.00010310918
632	7302	-0.00010311668
632	icbm	-0.000103127255
632	paycheck	-0.000103138926
632	skillfulli	-0.00010316431
632	activit	-0.00010318378
632	obedi	-0.000103196144
632	sullivan	-0.000103222155
632	2b	-0.00010323069
632	aven	-0.00010323944
632	unsympathet	-0.00010324568
632	rashdan	-0.000103275226
632	bookism	-0.00010328322
632	plainer	-0.000103338156
632	townhous	-0.00010334245
632	moracco	-0.00010337143
632	overextens	-0.00010337143
632	ataul	-0.00010337143
632	sinanju	-0.00010343663
632	munch	-0.000103438855
632	chatham	-0.00010345715
632	css	-0.00010347894
632	labem	-0.00010349253
632	ifv	-0.00010349457
632	cafeteria	-0.000103515165
632	compliment	-0.00010351866
632	0022	-0.00010351956
632	michigan	-0.0001035308
632	27k	-0.00010353436
632	azabu	-0.00010360251
632	lev	-0.00010360908
632	heavier	-0.000103617305
632	unmarri	-0.000103640785
632	basil	-0.00010365505
632	longterm	-0.000103665036
632	1660	-0.00010368335
632	manhunt	-0.00010382404
632	barbi	-0.00010383589
632	kirishi	-0.000103868246
632	kozmin	-0.000103868246
632	vyatka	-0.00010389549
632	ostrov	-0.00010389549
632	mimick	-0.000103905506
632	versa	-0.00010392184
632	hydel	-0.00010395942
632	cahora	-0.0001040088
632	fr21	-0.0001040088
632	raci	-0.00010401387
632	propan	-0.00010401613
632	occlud	-0.00010403182
632	facad	-0.000104034625
632	embryon	-0.00010405394
632	4099	-0.000104057945
632	parenthood	-0.00010412284
632	cheboksari	-0.00010412681
632	2838	-0.000104170525
632	pemex	-0.000104172366
632	0552	-0.00010422529
632	transpacif	-0.00010424497
632	nagasaki	-0.000104377395
632	uncal	-0.00010440042
632	basel	-0.0001044139
632	2609	-0.00010443796
632	helper	-0.00010448413
632	lobanovski	-0.000104497885
632	osim	-0.000104497885
632	caper	-0.00010452763
632	faisal	-0.000104541774
632	orwel	-0.000104646955
632	toda	-0.000104649676
632	wuhu	-0.000104709514
632	xinxiang	-0.00010476883
632	jmb	-0.000104771316
632	vinyl	-0.00010482557
632	drchi076	-0.00010484458
632	unsolv	-0.00010485517
632	tritium	-0.000104867504
632	nc	-0.00010489018
632	sek	-0.00010498556
632	healthili	-0.000105017876
632	hanhsiang	-0.00010502439
632	0652	-0.00010502736
632	undcp	-0.00010505106
632	2km	-0.00010505428
632	2550	-0.00010505937
632	sotsium	-0.00010508531
632	solodovnik	-0.00010508531
632	timonina	-0.00010508531
632	avdashev	-0.00010508531
632	adminst	-0.00010512202
632	daerim	-0.00010516215
632	biota	-0.000105200095
632	kayaku	-0.00010521652
632	tatemono	-0.00010521652
632	co	-0.00010521977
632	videoconferenc	-0.00010522534
632	neax	-0.00010523749
632	nanji	-0.00010523749
632	pafic	-0.00010523749
632	pundang	-0.00010523749
632	yangja	-0.00010523749
632	hosoda	-0.00010523749
632	samkang	-0.00010523749
632	bp001	-0.00010523749
632	1917	-0.00010527033
632	hebrew	-0.00010536478
632	provenc	-0.00010537729
632	yuji	-0.000105383544
632	nordic	-0.00010540122
632	kahar	-0.000105402505
632	karawang	-0.000105402505
632	protagonist	-0.00010540759
632	4o	-0.000105458654
632	pumpkin	-0.00010548728
632	plenum	-0.000105555046
632	juki	-0.000105561754
632	salavat	-0.00010562494
632	northernmost	-0.00010564858
632	541	-0.0001057096
632	chulalongkon	-0.00010574745
632	ayodhya	-0.00010577484
632	taoyuan	-0.0001057871
632	1792	-0.00010582577
632	ailment	-0.000105826606
632	concoct	-0.000105910054
632	wachiralongkon	-0.00010591795
632	privat	-0.00010592037
632	chee	-0.00010594391
632	basement	-0.00010596274
632	nonalcohol	-0.000106017746
632	cosa	-0.00010607539
632	indiana	-0.00010607574
632	chuvash	-0.00010608817
632	hatchback	-0.00010609255
632	burdakov	-0.00010610453
632	pristan	-0.00010610453
632	feast	-0.000106165724
632	paddock	-0.00010618435
632	confidant	-0.00010620376
632	clan	-0.00010623247
632	charpin	-0.00010625918
632	fr0	-0.00010625918
632	sevin	-0.00010625918
632	t0	-0.00010625918
632	kanerva	-0.00010625918
632	koprivnic	-0.0001062623
632	cmss	-0.0001062623
632	atp	-0.000106281404
632	miscreant	-0.00010632805
632	subhead	-0.00010633928
632	1238	-0.000106351195
632	1056	-0.0001063588
632	yusen	-0.00010637989
632	manur	-0.00010638668
632	propagandist	-0.00010640506
632	sk500	-0.000106406864
632	indemnif	-0.00010641878
632	kal	-0.00010644317
632	strategia	-0.00010644868
632	nostra	-0.000106464584
632	concis	-0.00010648252
632	taejon	-0.00010648553
632	drchi094	-0.00010650647
632	phonet	-0.00010651243
632	ection	-0.00010651565
632	bespectacl	-0.000106544154
632	komsomolet	-0.0001066035
632	in	-0.00010661015
632	takanashi	-0.00010667897
632	songhua	-0.00010668976
632	growl	-0.00010670674
632	chant	-0.0001067278
632	sutherland	-0.000106728534
632	khame	-0.00010674773
632	thij	-0.00010674773
632	beenhakk	-0.00010674773
632	rinat	-0.00010674773
632	zavarov	-0.00010674773
632	zagalo	-0.00010674773
632	truest	-0.000106756655
632	dzerzhinsk	-0.00010676941
632	rafsanjani	-0.00010681718
632	samsudin	-0.00010683331
632	eduard	-0.00010686449
632	obihiro	-0.00010686962
632	ulan	-0.0001069292
632	assemblyman	-0.000106969404
632	unliber	-0.0001070268
632	paternalist	-0.00010704267
632	conei	-0.00010705396
632	typewrit	-0.00010706548
632	kamaishi	-0.0001070926
632	isotrop	-0.0001070926
632	loci	-0.0001070926
632	recur	-0.000107136286
632	minus	-0.00010713974
632	apprehend	-0.00010714088
632	bladder	-0.00010714412
632	mosquito	-0.000107155436
632	fanatic	-0.00010717318
632	unexplod	-0.00010718004
632	connor	-0.00010718757
632	truste	-0.000107216074
632	extraterritori	-0.000107216874
632	orchestra	-0.00010722619
632	schindl	-0.000107244705
632	sadder	-0.00010726517
632	726	-0.00010726528
632	witter	-0.00010729211
632	ruiq	-0.00010734428
632	whitnei	-0.00010739404
632	countercultur	-0.00010742867
632	2688	-0.0001074384
632	0023	-0.00010744451
632	himalaya	-0.00010744816
632	fresco	-0.00010750543
632	ceim	-0.000107578126
632	yidian	-0.000107578126
632	mtdc	-0.000107578126
632	shunq	-0.000107578126
632	furthest	-0.000107582964
632	wux	-0.000107586435
632	huangshi	-0.000107590786
632	nelahozev	-0.00010761358
632	artu	-0.000107621454
632	gasparri	-0.000107621454
632	samoylov	-0.00010769111
632	airbus	-0.0001076942
632	eral	-0.00010770352
632	jalalabad	-0.000107711894
632	npo	-0.00010778789
632	394	-0.00010782487
632	ustri	-0.000107863714
632	junichi	-0.000107863714
632	3668	-0.00010787089
632	toungoo	-0.00010790169
632	0088	-0.000107929736
632	delinqu	-0.00010793117
632	marriott	-0.00010793279
632	neva	-0.00010794267
632	bemoan	-0.000107945125
632	technol	-0.00010795612
632	paraphras	-0.0001079842
632	discret	-0.00010799374
632	jptdd007	-0.00010800708
632	ruchuphan	-0.000108007516
632	ibrd	-0.00010801481
632	hartman	-0.000108087785
632	4135	-0.00010817441
632	minami	-0.00010819895
632	izetbegov	-0.000108200686
632	enviroiiment	-0.00010820706
632	fman	-0.00010820706
632	foresco	-0.00010820706
632	yulchon	-0.00010820706
632	kequan	-0.00010820706
632	cd2	-0.00010820706
632	fijianci	-0.00010820706
632	techhnolog	-0.00010820706
632	kosokudorocho	-0.00010820706
632	n0mad630o	-0.00010820706
632	chizukawa	-0.00010820706
632	vinylon	-0.00010820706
632	3himbun	-0.00010820706
632	1710z	-0.00010820706
632	locm	-0.00010820706
632	sastroatmodjo	-0.00010820706
632	polmosang	-0.00010820706
632	hamatco	-0.00010820706
632	riyanto	-0.00010820706
632	ichinoseki	-0.00010820706
632	87billion	-0.00010820706
632	nomad6500	-0.00010820706
632	k0gy0	-0.00010820706
632	l97o	-0.00010820706
632	competitivenesss	-0.000108207074
632	quotient	-0.00010821215
632	dement	-0.00010829458
632	kt	-0.000108295644
632	0520	-0.00010830136
632	6253	-0.0001083214
632	belov	-0.000108326436
632	blohm	-0.00010834936
632	rch	-0.000108352644
632	prot	-0.000108352644
632	swoop	-0.000108362525
632	jizhi	-0.000108493376
632	tsimshatsui	-0.000108494976
632	alanco	-0.00010853747
632	janitori	-0.00010855116
632	hagen	-0.00010855662
632	clockwis	-0.000108568194
632	mtsuura	-0.00010858754
632	2680	-0.00010858915
632	sevastopol	-0.000108704095
632	broil	-0.000108707
632	pineappl	-0.00010873842
632	slani	-0.00010874051
632	podstupka	-0.00010874051
632	floodplain	-0.00010874588
632	shankil	-0.00010878348
632	xiangdong	-0.00010879066
632	ck	-0.00010881986
632	cabernet	-0.00010884722
632	miscarriag	-0.00010884969
632	nonnuclear	-0.000108867054
632	superconductor	-0.000108904074
632	glassmak	-0.00010892279
632	doug	-0.00010895603
632	remilitar	-0.000109000255
632	danilov	-0.000109011555
632	unc	-0.00010903682
632	ystem	-0.00010904508
632	hao	-0.00010908167
632	orson	-0.00010908167
632	usoly	-0.00010909858
632	goncharik	-0.00010909858
632	raskhn	-0.00010909858
632	natalchuk	-0.00010909858
632	cod	-0.00010911377
632	trean	-0.00010911443
632	patholog	-0.00010915901
632	affront	-0.00010916076
632	congresswomen	-0.000109166445
632	ordeal	-0.00010917506
632	toru	-0.00010920934
632	lappland	-0.000109211775
632	rightist	-0.00010929888
632	thirtysometh	-0.00010932547
632	sped	-0.0001093298
632	khunakasem	-0.00010933266
632	statoil	-0.000109344386
632	knockdown	-0.00010936296
632	ung	-0.000109405235
632	1422	-0.00010940959
632	lebanes	-0.00010942808
632	kejian	-0.000109446315
632	jingxi	-0.00010944633
632	madrid	-0.000109460976
632	kuniyasu	-0.000109499335
632	critici	-0.00010956511
632	prvni	-0.00010956511
632	koke	-0.00010956511
632	transeuropean	-0.00010956511
632	rootless	-0.000109585206
632	constru	-0.000109636174
632	geostrateg	-0.000109677654
632	cr	-0.00010967937
632	riflemen	-0.00010968748
632	0681	-0.000109700995
632	charismat	-0.00010970603
632	6079	-0.00010973414
632	aleinikov	-0.00010975993
632	bentegodi	-0.00010975993
632	mccoist	-0.00010975993
632	libregt	-0.00010975993
632	sportivo	-0.00010975993
632	shobeir	-0.00010975993
632	chanov	-0.00010975993
632	bessonov	-0.00010975993
632	talyani	-0.00010975993
632	drchi034	-0.00010976237
632	degusa	-0.00010979401
632	technopla	-0.00010979401
632	jpcar015	-0.00010979788
632	1770	-0.0001098264
632	sabbath	-0.00010985523
632	medicar	-0.00010987105
632	givi	-0.000109902176
632	9000	-0.00010992757
632	manageri	-0.00010994124
632	spokesperson	-0.00010998395
632	sprat	-0.00011006009
632	0117	-0.000110070425
632	austro	-0.000110127825
632	aeg	-0.00011012992
632	longgang	-0.00011014574
632	eunetcom	-0.00011016365
632	obstinaci	-0.00011019492
632	sk3	-0.000110293884
632	fixtur	-0.00011029653
632	yeiktha	-0.000110314046
632	karim	-0.00011032552
632	4793	-0.00011033852
632	514	-0.00011034151
632	parad	-0.000110371
632	wetland	-0.000110479894
632	clement	-0.0001104925
632	microfilm	-0.00011055251
632	metastasi	-0.000110586065
632	industr	-0.000110586065
632	otrokovic	-0.00011060383
632	kc19	-0.00011060383
632	strojimport	-0.00011060383
632	gonzal	-0.0001106194
632	penninsula	-0.000110645924
632	stereoscop	-0.00011065166
632	narodni	-0.000110682304
632	overbear	-0.000110686524
632	shinto	-0.00011072637
632	tortilla	-0.00011074473
632	idiot	-0.000110757486
632	jiankang	-0.00011075815
632	wholehearted	-0.00011084403
632	kebir	-0.00011085082
632	psychologist	-0.000110866444
632	sun	-0.000110869136
632	zhengzhou	-0.00011089502
632	sanm	-0.00011089518
632	uherski	-0.00011096978
632	kc50	-0.00011096978
632	vavra	-0.00011096978
632	krycer	-0.00011096978
632	lemaitr	-0.00011102307
632	3029	-0.00011108455
632	nef	-0.00011108461
632	ingram	-0.00011108665
632	buffet	-0.00011111409
632	ilka	-0.00011112213
632	fr35	-0.00011112213
632	fr23	-0.000111122135
632	fitoussi	-0.000111122135
632	guohua	-0.00011113893
632	carrel	-0.00011114472
632	rp	-0.00011114616
632	clarksvil	-0.00011119011
632	piero	-0.00011122563
632	bowman	-0.00011123428
632	transpac	-0.00011126408
632	ori	-0.00011129166
632	974	-0.00011130531
632	schizophren	-0.00011131526
632	hanhyo	-0.000111394045
632	kolyma	-0.00011143099
632	berezniki	-0.00011143099
632	kosei	-0.00011144823
632	kazumasa	-0.00011144823
632	denso	-0.00011144823
632	tetsu	-0.00011144823
632	superlattic	-0.00011145179
632	cpv	-0.000111452246
632	commiser	-0.000111499474
632	leskov	-0.00011154693
632	bleach	-0.00011154974
632	oder	-0.00011159366
632	tchin	-0.000111644455
632	gulag	-0.000111686
632	xicheng	-0.00011170229
632	lingao	-0.00011170229
632	3015	-0.00011172708
632	dumpl	-0.00011173749
632	gustaf	-0.00011178763
632	danilyan	-0.000111788555
632	vistula	-0.00011179578
632	turbomecanica	-0.00011180896
632	supercili	-0.00011196937
632	wanda	-0.00011198634
632	gaoteng	-0.00011198946
632	jinwon	-0.00011198946
632	xunda	-0.00011198946
632	faston	-0.00011198946
632	disabl	-0.000112007314
632	iri	-0.00011205968
632	restock	-0.00011207203
632	respublika	-0.00011207484
632	booster	-0.00011208779
632	hexi	-0.00011211477
632	murada	-0.00011221294
632	488	-0.00011224907
632	emilio	-0.00011225686
632	adminsit	-0.00011234689
632	henzada	-0.00011234689
632	5040	-0.00011238339
632	polsat	-0.00011238566
632	chih	-0.00011244771
632	exorc	-0.00011245826
632	35mm	-0.00011245826
632	olangapo	-0.00011248207
632	tachov	-0.00011253853
632	rodolfo	-0.00011257612
632	huntington	-0.00011257632
632	dalnego	-0.00011258136
632	yuichiro	-0.00011258281
632	nichirei	-0.00011258281
632	ryozo	-0.00011258281
632	ogino	-0.00011258281
632	fete	-0.00011260233
632	nisou	-0.00011260958
632	kc65	-0.00011260958
632	altimet	-0.0001126474
632	samoa	-0.00011268624
632	nikiei	-0.00011270417
632	nordon	-0.00011276955
632	xiulian	-0.00011282039
632	comptrol	-0.000112896116
632	posh	-0.00011290504
632	etna	-0.00011291609
632	cpac	-0.00011293129
632	asad	-0.00011295007
632	hongwei	-0.00011295709
632	2450	-0.00011298111
632	mercaptan	-0.0001130057
632	slander	-0.00011302938
632	cyclon	-0.00011304681
632	hamhung	-0.000113068054
632	thankfulli	-0.00011312206
632	gendai	-0.00011316223
632	clifford	-0.000113190734
632	fazhan	-0.00011324944
632	vietsopetro	-0.00011327571
632	hamstrung	-0.000113295435
632	loin	-0.00011330043
632	rhee	-0.000113400485
632	submachin	-0.00011340753
632	hypernation	-0.0001134134
632	own	-0.00011343543
632	midweek	-0.000113461465
632	samsonit	-0.00011349242
632	fr135	-0.00011351459
632	wisecrack	-0.00011352793
632	afghani	-0.00011357732
632	odessa	-0.00011357792
632	annum	-0.000113627466
632	rybinskoy	-0.00011364409
632	tsbz	-0.00011364409
632	nabrodov	-0.00011364409
632	lpk	-0.00011364409
632	2011	-0.000113714654
632	baod	-0.00011373702
632	combi	-0.00011378606
632	thien	-0.00011380432
632	demagogu	-0.00011380929
632	pratt	-0.00011383086
632	sekin	-0.00011385956
632	trawl	-0.000113859955
632	yoshino	-0.000113870236
632	edmond	-0.000113888316
632	pierer	-0.00011404114
632	tabaraden	-0.000114048155
632	qaysi	-0.00011405599
632	syring	-0.00011406734
632	brusqu	-0.00011407592
632	lizhi	-0.000114105074
632	antimonopoli	-0.00011412921
632	gigawatt	-0.000114134564
632	stoog	-0.00011416593
632	yasuhiro	-0.00011425949
632	ruffian	-0.000114287795
632	waistband	-0.00011429417
632	fouad	-0.000114302464
632	dasayev	-0.00011433299
632	bergomi	-0.00011433299
632	outpati	-0.000114339586
632	kawasaki	-0.00011436357
632	holm	-0.00011437578
632	cutthroat	-0.00011437773
632	sk2	-0.000114393304
632	jptdd019	-0.00011440169
632	tsuji	-0.000114427756
632	cebit	-0.00011445519
632	1803	-0.00011446945
632	chng	-0.00011450531
632	dei	-0.00011453157
632	strojirni	-0.00011457935
632	b19	-0.00011458041
632	licheng	-0.00011458041
632	b14	-0.00011458041
632	hulan	-0.00011458041
632	lintong	-0.00011458041
632	nanocomposit	-0.00011459024
632	heterojunct	-0.00011459025
632	indianapoli	-0.00011460312
632	pleas	-0.0001146427
632	tallinn	-0.000114706214
632	lightweight	-0.000114715906
632	545	-0.000114732975
632	susten	-0.000114737675
632	chixu	-0.00011474864
632	099	-0.00011475286
632	zavtra	-0.000114815855
632	dimitrov	-0.00011482411
632	exil	-0.00011484206
632	pechora	-0.00011484453
632	028	-0.00011490451
632	2704	-0.00011491184
632	kc850	-0.000114961476
632	prumysl	-0.000114961476
632	sk99	-0.000114961476
632	airburst	-0.0001149969
632	tijuana	-0.00011501097
632	rboc	-0.000115018775
632	theolog	-0.000115066665
632	mombasa	-0.00011507297
632	hilt	-0.00011509931
632	customarili	-0.00011510387
632	armenian	-0.000115132876
632	communion	-0.00011514268
632	daesung	-0.000115195246
632	ess	-0.00011519603
632	unsanct	-0.000115208684
632	yaobang	-0.000115286544
632	tostem	-0.0001153193
632	loo	-0.000115335875
632	rongzhen	-0.000115339855
632	lithographi	-0.000115419905
632	pacifist	-0.00011546918
632	shred	-0.00011547304
632	carn	-0.00011551354
632	catchment	-0.000115542156
632	couch	-0.000115548166
632	subtot	-0.00011555047
632	huanam	-0.000115568946
632	lyudmila	-0.00011560574
632	rolm	-0.000115612034
632	eel	-0.00011567126
632	dreas026	-0.00011568883
632	rankl	-0.00011569065
632	totem	-0.00011569065
632	covet	-0.000115728
632	keshan	-0.00011574689
632	wenzhai	-0.00011574689
632	condor	-0.000115836774
632	zilina	-0.00011584436
632	technica	-0.00011588977
632	esearch	-0.00011588977
632	inuzuka	-0.000115902345
632	yanke	-0.00011590689
632	balladur	-0.00011591235
632	prestipul	-0.00011594995
632	kaizuka	-0.000115951676
632	konosuk	-0.000116047326
632	sed	-0.00011604972
632	dogmat	-0.00011612115
632	jaundic	-0.000116137795
632	liao	-0.00011616741
632	4801	-0.00011619234
632	unmeasur	-0.00011619527
632	1027	-0.000116202114
632	haeng	-0.000116202136
632	kralov	-0.00011621776
632	televerket	-0.00011623826
632	matra	-0.00011625218
632	yongp	-0.000116393065
632	434	-0.00011639835
632	juken	-0.00011644987
632	0062	-0.00011646613
632	vsetin	-0.00011646739
632	firefight	-0.00011647189
632	harada	-0.00011653043
632	hradec	-0.00011660322
632	drweu106cc	-0.00011661369
632	jit	-0.000116617244
632	peroxid	-0.000116627154
632	experienti	-0.00011662991
632	im	-0.0001166675
632	lonardi	-0.00011671775
632	ec0nf	-0.00011671775
632	fr240	-0.00011671775
632	baldassari	-0.00011671775
632	feoga	-0.00011671775
632	sibil	-0.00011672544
632	baykonur	-0.00011680287
632	ind	-0.00011680769
632	82d	-0.00011683155
632	pimp	-0.00011684403
632	pei	-0.00011687427
632	chunlaphong	-0.00011688821
632	tongza	-0.00011688821
632	aruco	-0.00011688822
632	wideband	-0.000116901356
632	sobol	-0.00011691917
632	chek	-0.00011700394
632	dm1	-0.000117017924
632	koshiba	-0.00011702337
632	kricka	-0.00011704624
632	kc80	-0.00011704624
632	uvp	-0.00011704624
632	tatri	-0.00011704624
632	baryt	-0.00011704624
632	yucai	-0.00011705953
632	mashan	-0.00011705953
632	changd	-0.000117059535
632	minder	-0.000117175754
632	balm	-0.00011718255
632	exceedingli	-0.000117212585
632	jpusr034	-0.00011722766
632	afl	-0.00011724996
632	truk	-0.000117266376
632	amerasian	-0.00011730157
632	balneolog	-0.00011736802
632	resea	-0.00011737553
632	tajimi	-0.00011737553
632	fictiti	-0.00011741653
632	symphoni	-0.000117418305
632	0308	-0.000117424745
632	kokoshin	-0.00011747881
632	disgorg	-0.00011751549
632	dubcek	-0.000117603064
632	japia	-0.00011763983
632	daxi	-0.000117728094
632	indoc	-0.000117728094
632	weng	-0.00011774432
632	disarma	-0.00011775226
632	insomnia	-0.000117757
632	3134	-0.00011780377
632	supremaci	-0.00011781153
632	teatro	-0.00011786367
632	389	-0.000117981006
632	1322	-0.000118041804
632	250cc	-0.00011806998
632	carei	-0.000118086
632	altman	-0.00011819078
632	inhospit	-0.000118290496
632	liberadzki	-0.00011829347
632	tsekhmistrenko	-0.00011829482
632	hatr	-0.00011835089
632	geppo	-0.00011842316
632	millar	-0.00011846386
632	gunman	-0.000118515454
632	brea	-0.000118517404
632	bookmark	-0.00011854758
632	baishan	-0.00011856028
632	nanan	-0.000118560296
632	siecl	-0.000118587035
632	trimest	-0.00011866278
632	ibid	-0.0001187158
632	brasseri	-0.000118716765
632	eaasili	-0.000118761025
632	huaq	-0.00011884017
632	peppercorn	-0.00011886177
632	orgaiz	-0.000118874945
632	atheneum	-0.00011889053
632	riordan	-0.00011894574
632	trac	-0.000118980795
632	masatak	-0.000119070355
632	clearinghous	-0.00011909842
632	chongm	-0.00011910672
632	perodua	-0.00011910672
632	accoun	-0.00011910998
632	kiyomizu	-0.00011910998
632	woce	-0.00011910999
632	jidian	-0.00011917937
632	forsak	-0.00011922918
632	muller	-0.00011926747
632	unman	-0.00011934548
632	fenc	-0.000119378805
632	haicheng	-0.00011957472
632	coburg	-0.00011967928
632	0300	-0.000119686876
632	sequenti	-0.00011969087
632	robson	-0.000119692
632	dacha	-0.00011971283
632	priasmoro	-0.00011973585
632	colin	-0.00011975646
632	retriev	-0.000119780925
632	outsourc	-0.00011979653
632	fridman	-0.00011994372
632	izrael	-0.00011994372
632	monisov	-0.00011994372
632	1730	-0.00011994515
632	janni	-0.000119980345
632	37mm	-0.00011998658
632	standardis	-0.000120012985
632	sprint	-0.00012002787
632	tmo	-0.00012003007
632	produ	-0.00012003007
632	zhirinovskii	-0.00012009
632	interag	-0.0001201139
632	misunderstood	-0.00012022619
632	aguascalient	-0.00012023273
632	scrambler	-0.000120236204
632	lacost	-0.000120270284
632	yinnan	-0.000120312245
632	tongxin	-0.000120312245
632	yutai	-0.00012031226
632	teletel	-0.000120349054
632	hranic	-0.000120349054
632	postfax	-0.000120349054
632	kc599	-0.000120349054
632	kc700	-0.000120349054
632	kc29	-0.000120349054
632	kc42	-0.000120349054
632	prerovsk	-0.000120349054
632	hradek	-0.000120349054
632	jihocesk	-0.000120349054
632	kc940	-0.000120349054
632	fetter	-0.00012037345
632	kimono	-0.00012040259
632	vor	-0.000120434226
632	modesto	-0.00012045585
632	0294	-0.00012051535
632	3254	-0.00012051536
632	dynasti	-0.00012053334
632	hanyang	-0.000120636105
632	pigeon	-0.00012068025
632	inca	-0.00012073332
632	tiaoji	-0.000120780925
632	canshu	-0.000120780925
632	chareun	-0.000120782715
632	ussc	-0.000120782715
632	el98	-0.000120782715
632	masscorp	-0.000120782715
632	groundless	-0.000120817094
632	chubbi	-0.000120834724
632	culmin	-0.000120839584
632	dengu	-0.00012085007
632	sim	-0.00012090301
632	dumai	-0.00012093182
632	willpow	-0.00012093378
632	1696	-0.00012096556
632	corinth	-0.00012096654
632	892	-0.00012097324
632	tangshan	-0.000121065
632	2251	-0.000121070654
632	chye	-0.00012110365
632	gerri	-0.00012114313
632	melnik	-0.000121185505
632	soju	-0.000121190154
632	sunagawa	-0.000121193465
632	researc	-0.000121193465
632	strial	-0.00012119348
632	bt7	-0.000121246114
632	bulg	-0.00012124702
632	matsushima	-0.00012127972
632	noticia	-0.0001212803
632	2880	-0.000121282275
632	bystrica	-0.00012135026
632	moll	-0.000121460005
632	nasa	-0.0001215025
632	casket	-0.000121521414
632	xiji	-0.00012153211
632	telephoniqu	-0.0001215807
632	ktriakt	-0.0001215807
632	sigogn	-0.0001215807
632	vtma	-0.0001215807
632	san0mat	-0.0001215807
632	pr0mote	-0.0001215807
632	secondrepubl	-0.0001215807
632	figar0	-0.0001215807
632	avillez	-0.0001215807
632	j0b	-0.0001215807
632	krasnojarsk	-0.0001215807
632	rec0rd	-0.0001215807
632	1818z	-0.0001215807
632	champsau	-0.0001215807
632	prearrang	-0.00012160456
632	arthrit	-0.00012161264
632	shooter	-0.00012163016
632	shosuk	-0.000121633944
632	yaesu	-0.000121633944
632	communicati	-0.000121633944
632	gaoqiao	-0.00012167141
632	subdivis	-0.00012170232
632	antipollut	-0.00012172794
632	chon	-0.000121746074
632	fallon	-0.00012175037
632	sponsorship	-0.00012189682
632	confetti	-0.00012190211
632	abl	-0.00012190518
632	jpcar010	-0.00012192686
632	heaviest	-0.00012193056
632	papandr	-0.00012194522
632	banska	-0.000121947785
632	ricotta	-0.00012195403
632	runoff	-0.00012197302
632	rider	-0.00012197762
632	disburs	-0.0001219882
632	1454	-0.00012198875
632	entangl	-0.00012199836
632	1313	-0.00012207894
632	chuuk	-0.00012215218
632	guomin	-0.00012221531
632	chock	-0.00012221708
632	hayden	-0.00012230086
632	compens	-0.00012234312
632	unfil	-0.00012235694
632	779	-0.00012238309
632	huanggang	-0.00012238548
632	ingeni	-0.00012239571
632	fangchenggang	-0.00012241676
632	jinwen	-0.00012241676
632	xiangxi	-0.00012241676
632	ziyong	-0.00012241676
632	agon	-0.00012245307
632	gsdf	-0.00012245448
632	perman	-0.00012248509
632	baffl	-0.00012249566
632	vagin	-0.00012255063
632	wedg	-0.0001225826
632	iskran	-0.00012258935
632	mosbach	-0.00012260047
632	ludovit	-0.00012261493
632	intellect	-0.0001226392
632	holt	-0.0001226428
632	lixin	-0.0001226557
632	taka	-0.00012265939
632	ing	-0.0001226832
632	plantain	-0.00012270392
632	jptnd013	-0.00012278234
632	neel	-0.00012280162
632	xinfeng	-0.00012281186
632	malraux	-0.00012287674
632	amoi	-0.00012296061
632	gardner	-0.00012296735
632	fuss	-0.00012298283
632	boetsch	-0.00012300148
632	kavaj	-0.00012305618
632	rentsch	-0.00012305618
632	voicemail	-0.0001230578
632	09feb94	-0.0001230633
632	dalli	-0.00012306658
632	1633	-0.00012311932
632	oduct	-0.00012312277
632	ter	-0.00012313199
632	702nd	-0.00012316834
632	braveri	-0.00012317405
632	append	-0.00012322502
632	sighted	-0.00012323783
632	patchwork	-0.00012331505
632	pretti	-0.0001233855
632	vanquish	-0.0001233923
632	cheju	-0.00012340954
632	2629	-0.00012344484
632	cyril	-0.00012349353
632	leewai	-0.00012349551
632	surrei	-0.00012351772
632	institu	-0.00012352296
632	gauguin	-0.00012358336
632	delinkag	-0.00012363821
632	nonstaff	-0.00012365088
632	icc	-0.0001237334
632	circular	-0.00012375253
632	fatuou	-0.00012376449
632	nufactur	-0.00012380276
632	coa	-0.00012382735
632	activli	-0.00012382779
632	nolen	-0.00012384402
632	nti	-0.00012385049
632	polenta	-0.00012391135
632	zanzibar	-0.00012401935
632	khordad	-0.00012401935
632	guotai	-0.0001240213
632	lino	-0.00012412328
632	dilwyn	-0.00012415221
632	cm	-0.00012430476
632	bitincka	-0.00012430892
632	wharv	-0.00012432861
632	schrack	-0.00012437621
632	allgemein	-0.00012439769
632	capt	-0.0001244071
632	liberti	-0.00012442183
632	stink	-0.00012448187
632	terrestri	-0.00012452881
632	idex	-0.00012453752
632	theologian	-0.00012455859
632	rom	-0.00012457196
632	musawwar	-0.00012457963
632	matejov	-0.0001246094
632	baotou	-0.0001246335
632	lisa	-0.00012467816
632	0609	-0.00012467818
632	maxtor	-0.00012468125
632	abalon	-0.00012469156
632	ducat	-0.00012471604
632	lucif	-0.00012471645
632	marinteknik	-0.00012472455
632	apcn	-0.00012472455
632	icor	-0.00012472455
632	hassl	-0.00012476857
632	ahab	-0.000124791
632	heedlessli	-0.000124791
632	chonan	-0.00012480396
632	cullen	-0.00012485446
632	809	-0.00012488749
632	cabbag	-0.00012489325
632	aggressor	-0.00012498943
632	tapa	-0.00012500524
632	7729	-0.0001250321
632	shizuishan	-0.00012505241
632	xintang	-0.00012505241
632	yanm	-0.00012505241
632	ashihara	-0.0001250662
632	shirafuji	-0.00012506622
632	sulejman	-0.00012507051
632	surnam	-0.00012508337
632	smerch	-0.00012510478
632	macroemploy	-0.00012510858
632	unitifi	-0.00012510858
632	kuaisu	-0.00012511434
632	kerch	-0.00012512798
632	discard	-0.00012516651
632	payload	-0.00012521059
632	brie	-0.00012523484
632	cosmetolog	-0.00012524636
632	shuxian	-0.00012524828
632	aburiz	-0.0001252583
632	semblanc	-0.00012526271
632	fag	-0.00012527383
632	1472	-0.00012529198
632	daguang	-0.00012530953
632	missionari	-0.00012534401
632	umber	-0.00012535932
632	kc755	-0.00012536331
632	kc305	-0.00012536331
632	kc750	-0.00012536331
632	popelk	-0.00012536331
632	elektropraga	-0.00012536331
632	kc637	-0.00012536331
632	kc450	-0.00012536331
632	turovec	-0.00012536331
632	kapitalova	-0.00012536331
632	kavanek	-0.00012536331
632	kc927	-0.00012536331
632	kc353	-0.00012536331
632	kc532	-0.00012536331
632	zbytkov	-0.00012536331
632	kc598	-0.00012536331
632	uioc	-0.00012536331
632	kc243	-0.00012536331
632	agropodnik	-0.00012536331
632	ikona	-0.00012536331
632	hlinsko	-0.00012536331
632	appearead	-0.00012536331
632	kc769	-0.00012536331
632	kc693	-0.00012536331
632	denfo	-0.00012536331
632	kc136	-0.00012536331
632	lomnic	-0.00012536331
632	kc871	-0.00012536331
632	pragobanka	-0.00012536331
632	frydlant	-0.00012536331
632	quadrapl	-0.00012536331
632	kc195	-0.00012536331
632	kc53	-0.00012536331
632	kc240	-0.00012536331
632	kc950	-0.00012536331
632	kc768	-0.00012536331
632	kc168	-0.00012536331
632	woollcock	-0.00012536331
632	kc687	-0.00012536331
632	kc86	-0.00012536331
632	kc229	-0.00012536331
632	duchodovi	-0.00012536331
632	draslov	-0.00012536331
632	kc110	-0.00012536331
632	udmurtneft	-0.00012536331
632	adrspach	-0.00012536331
632	zdravi	-0.00012536331
632	kc327	-0.00012536331
632	kaltimex	-0.00012536331
632	ekoagrobanka	-0.00012536331
632	kc181	-0.00012536331
632	jezkova	-0.00012536331
632	mlekarni	-0.00012536331
632	switchback	-0.00012547443
632	monomaniac	-0.00012550288
632	takenaka	-0.00012554253
632	erron	-0.00012561493
632	trang	-0.00012561968
632	jaywalk	-0.00012566337
632	1855	-0.00012569122
632	ninoi	-0.00012571654
632	belgorod	-0.00012585208
632	749	-0.00012592731
632	provi	-0.00012603834
632	biweekli	-0.0001260559
632	traceabl	-0.00012613484
632	foresaw	-0.00012614933
632	oberpfaffenhofen	-0.00012616797
632	huarun	-0.00012619069
632	asdf	-0.00012621537
632	proverb	-0.00012625074
632	largish	-0.00012625927
632	yonsei	-0.00012631077
632	juergen	-0.0001263412
632	paka	-0.00012636895
632	calip	-0.00012639078
632	schomeru	-0.00012642314
632	shopown	-0.0001264317
632	shawqi	-0.0001264317
632	roskomnedra	-0.00012651157
632	losinyi	-0.00012651157
632	iset	-0.00012651157
632	norilskii	-0.00012651157
632	baykalsk	-0.00012651157
632	abraham	-0.00012659072
632	bulwark	-0.00012660358
632	filthi	-0.00012662086
632	tenor	-0.00012671466
632	tx	-0.0001267191
632	apprenticeship	-0.00012671953
632	1756	-0.00012672582
632	teu	-0.00012675457
632	centag	-0.00012675732
632	yunlin	-0.00012675732
632	insti	-0.00012675732
632	hinduism	-0.00012676873
632	datex	-0.00012682455
632	fiat	-0.00012687544
632	journei	-0.00012694135
632	campu	-0.00012699836
632	ar	-0.00012700529
632	sark	-0.00012701673
632	pilcomayo	-0.00012705996
632	1749	-0.00012719665
632	parlanc	-0.00012719781
632	radicchio	-0.00012722402
632	sk8	-0.00012726097
632	proje	-0.00012729621
632	intergraphit	-0.00012729621
632	ecomateri	-0.00012729623
632	biorad	-0.00012729623
632	injuri	-0.00012733562
632	katyn	-0.00012740445
632	expansion	-0.00012741008
632	diploma	-0.00012742062
632	gloria	-0.0001274209
632	404	-0.00012743994
632	nmr	-0.0001274568
632	mcneil	-0.00012751142
632	4416	-0.0001275213
632	46	-0.00012753892
632	totskii	-0.00012755604
632	loudest	-0.00012771414
632	cliff	-0.00012782637
632	ransom	-0.00012789675
632	apollo	-0.00012795874
632	kazmi	-0.0001280496
632	bend	-0.00012805607
632	burgess	-0.00012811754
632	2646	-0.00012812036
632	permskiy	-0.00012814562
632	hypoderm	-0.00012820287
632	dot	-0.00012824376
632	6200	-0.0001282684
632	sharpen	-0.00012827569
632	backach	-0.00012828382
632	rebut	-0.0001283116
632	itiv	-0.00012833622
632	petrovietnam	-0.00012838887
632	brim	-0.00012842109
632	kollek	-0.0001284518
632	sunken	-0.000128483
632	mengjun	-0.00012848503
632	proudli	-0.00012854983
632	hp	-0.00012857569
632	bishkek	-0.00012857684
632	dongyi	-0.00012858112
632	shunm	-0.00012858112
632	zhenlan	-0.00012858112
632	sheungd	-0.00012858112
632	hushan	-0.00012858112
632	wenchu	-0.00012858112
632	spike	-0.00012863563
632	logo	-0.00012865874
632	7357	-0.00012873007
632	ts	-0.00012876457
632	upstream	-0.00012878072
632	dwt	-0.00012879152
632	simex	-0.00012879282
632	1631	-0.00012888403
632	662	-0.0001288915
632	detractor	-0.00012889293
632	jen	-0.00012889755
632	henian	-0.00012890757
632	vm	-0.0001289319
632	973	-0.00012895878
632	hualon	-0.00012896502
632	0912	-0.00012896763
632	grader	-0.00012898525
632	collin	-0.00012914772
632	recuper	-0.00012915634
632	8381	-0.00012920942
632	ikm	-0.00012921201
632	tokhim	-0.00012921201
632	uragan	-0.0001292191
632	ginza	-0.00012923659
632	excha	-0.00012928192
632	sk16	-0.00012934417
632	podnik	-0.00012934417
632	photojournalist	-0.00012935432
632	sixteen	-0.00012936475
632	mccormack	-0.00012938412
632	jiro	-0.00012962414
632	seldom	-0.00012963677
632	nansha	-0.0001296687
632	crotch	-0.00012968353
632	cyclist	-0.00012974285
632	aura	-0.00012974658
632	reproach	-0.00012982216
632	2840	-0.00012984069
632	tostada	-0.00012987007
632	sakartvelo	-0.00012992136
632	reimburs	-0.00012993123
632	ramyon	-0.00012994179
632	426	-0.00012996665
632	baksan	-0.00013003923
632	irtysh	-0.00013005605
632	gntp	-0.00013008149
632	086	-0.00013009939
632	tution	-0.00013014983
632	7727	-0.00013014983
632	ain	-0.00013014983
632	throttl	-0.00013018894
632	netherla	-0.000130277
632	sumito	-0.000130277
632	chuken	-0.000130277
632	takezawa	-0.000130277
632	kikko	-0.000130277
632	pulai	-0.000130277
632	akinori	-0.000130277
632	hoto	-0.000130277
632	fujitani	-0.000130277
632	warden	-0.00013027817
632	1120	-0.0001302809
632	chorrillo	-0.00013030652
632	shack	-0.00013043924
632	maxim	-0.00013044421
632	dinh	-0.00013046288
632	censorship	-0.00013048881
632	nk	-0.0001304935
632	longtim	-0.00013049835
632	oversimplifi	-0.00013052882
632	charisma	-0.00013053445
632	mhb	-0.00013054
632	karya	-0.00013057044
632	bien	-0.00013071335
632	medalist	-0.0001307445
632	berman	-0.00013076789
632	fixat	-0.00013081476
632	guoqiang	-0.00013082352
632	rag	-0.00013088396
632	ager	-0.00013090056
632	beginn	-0.00013094624
632	unilateralist	-0.00013104545
632	8oo	-0.00013109013
632	teleoper	-0.00013113882
632	datastream	-0.00013113953
632	eed	-0.0001311687
632	giev	-0.00013127731
632	705th	-0.00013127946
632	tricki	-0.00013142842
632	emphat	-0.00013149675
632	riber	-0.00013154335
632	surgeon	-0.000131565
632	2640	-0.00013159432
632	shek	-0.00013176061
632	alright	-0.00013178024
632	mei	-0.00013180028
632	gal	-0.00013184191
632	sazav	-0.00013186892
632	reproof	-0.00013192726
632	anhydrid	-0.00013193894
632	alphanderi	-0.00013194504
632	hurst	-0.00013194763
632	toqu	-0.00013196666
632	kraf	-0.00013197649
632	vostochnii	-0.00013204078
632	nanquan	-0.00013204078
632	demonis	-0.00013205415
632	direst	-0.00013207796
632	genocid	-0.0001321145
632	cryogen	-0.00013213024
632	bollock	-0.00013218206
632	overfulfil	-0.00013223871
632	gheorgh	-0.00013227398
632	fea	-0.00013228031
632	contro	-0.00013228031
632	gyurza	-0.00013231389
632	bimetal	-0.00013231389
632	bazalt	-0.00013231389
632	nicois	-0.00013234933
632	orangeri	-0.00013234933
632	arbat	-0.00013238072
632	diario	-0.00013240414
632	outspoken	-0.00013242086
632	nitrit	-0.00013246704
632	kdd	-0.00013253231
632	sulu	-0.00013255935
632	cuzco	-0.00013255935
632	franjo	-0.00013258774
632	hemoprotein	-0.00013259993
632	hirakata	-0.00013259993
632	portio	-0.00013259993
632	developi	-0.00013259993
632	eletopia	-0.00013259993
632	ield	-0.00013259993
632	pplicat	-0.00013259993
632	biosynthes	-0.00013259993
632	microdesign	-0.00013259993
632	neb	-0.00013260593
632	buddha	-0.00013261697
632	civiliz	-0.00013262244
632	eclect	-0.00013279988
632	palawan	-0.00013296398
632	crucifix	-0.00013298649
632	workfar	-0.00013299506
632	arlington	-0.00013305625
632	anticanc	-0.00013305825
632	rue	-0.00013308575
632	jptot024	-0.0001331189
632	illog	-0.00013312709
632	maze	-0.00013319154
632	taifeng	-0.00013319208
632	mahbubani	-0.0001331936
632	masculin	-0.00013321139
632	810	-0.00013323994
632	pharmacist	-0.00013326085
632	814	-0.0001333159
632	prievidza	-0.0001333644
632	limassol	-0.00013338089
632	173rd	-0.00013352773
632	capitol	-0.0001335468
632	silverton	-0.00013356567
632	fillmor	-0.000133571
632	croatian	-0.00013361817
632	tidbit	-0.00013369585
632	855	-0.00013372036
632	affin	-0.00013374846
632	uncommon	-0.00013375991
632	biogen	-0.00013380438
632	balakovo	-0.0001338688
632	loa	-0.00013388692
632	breast	-0.00013392599
632	zhenan	-0.00013393836
632	nankeng	-0.00013393836
632	yongwen	-0.00013393836
632	quantian	-0.00013393836
632	laoguan	-0.00013393836
632	yongfa	-0.00013393836
632	shixia	-0.00013393836
632	dutou	-0.00013393836
632	gehav	-0.00013393836
632	shenbaoheng	-0.00013393836
632	aoxia	-0.00013393836
632	xiafu	-0.00013393836
632	chengkang	-0.00013393836
632	changjian	-0.00013393836
632	warmup	-0.00013401876
632	drchi117	-0.00013407317
632	1024	-0.00013407604
632	leventh	-0.00013415937
632	978	-0.00013417439
632	jptdd002	-0.000134369
632	kutsenko	-0.00013437806
632	assent	-0.00013438395
632	antitrust	-0.00013440728
632	c1	-0.00013441227
632	1142	-0.00013445065
632	drunk	-0.00013448637
632	crusad	-0.00013456626
632	vase	-0.00013458572
632	math	-0.00013462624
632	burglar	-0.00013462752
632	islambuli	-0.00013464534
632	exim	-0.00013468065
632	drchi035	-0.0001347124
632	zengpei	-0.00013480078
632	tuoi	-0.00013483167
632	unpatriot	-0.00013485875
632	personn	-0.00013486239
632	speckl	-0.00013487523
632	mb	-0.000135017
632	unattain	-0.00013503725
632	biospher	-0.00013505653
632	unaffect	-0.00013508704
632	glebova	-0.00013516261
632	manado	-0.00013518277
632	ttnet	-0.00013518277
632	miasma	-0.00013530916
632	testili	-0.00013530916
632	feisti	-0.00013531765
632	louvain	-0.00013532084
632	cheek	-0.00013541064
632	particul	-0.00013541256
632	anew	-0.0001354352
632	kreiski	-0.00013544719
632	abrupt	-0.00013545991
632	glazkova	-0.00013550122
632	rosleskhoz	-0.00013550122
632	rudnaya	-0.00013550122
632	nv	-0.00013556062
632	heroism	-0.00013561071
632	winch	-0.0001356843
632	unsportingli	-0.00013569134
632	footag	-0.00013577037
632	molecul	-0.00013580357
632	congressman	-0.00013581327
632	maluku	-0.00013582745
632	antipasti	-0.00013586698
632	zaikai	-0.00013601845
632	burial	-0.00013602058
632	fervor	-0.00013606132
632	jule	-0.00013611391
632	lusaka	-0.00013614139
632	lilli	-0.00013615792
632	ceaucescu	-0.00013618861
632	desktop	-0.00013621687
632	sketchi	-0.00013627816
632	flip	-0.00013629672
632	barber	-0.00013630102
632	celestino	-0.00013637728
632	pingtung	-0.00013639181
632	migratori	-0.00013640038
632	colgat	-0.00013641921
632	conghua	-0.00013642458
632	chubu	-0.00013642668
632	technost	-0.00013643695
632	improb	-0.00013656936
632	399	-0.0001366045
632	ruben	-0.00013666417
632	playact	-0.0001367733
632	ninepin	-0.0001367733
632	angara	-0.00013677875
632	shund	-0.00013682773
632	pha	-0.00013685535
632	6oo	-0.00013687905
632	jpusr044	-0.00013695551
632	0111z	-0.000137001
632	mayak	-0.00013702217
632	bolei	-0.00013705384
632	intimid	-0.00013706564
632	zdar	-0.00013707018
632	audubon	-0.00013709714
632	basilan	-0.00013726814
632	7201	-0.00013729234
632	wealthli	-0.00013731513
632	wefa	-0.0001373879
632	0014	-0.00013744005
632	footstool	-0.00013745828
632	expressli	-0.00013747819
632	shiga	-0.00013748369
632	reh	-0.00013750805
632	kornet	-0.0001375474
632	bundespost	-0.00013755112
632	karkar	-0.00013755857
632	ombudsman	-0.00013760243
632	conner	-0.00013763235
632	distinctli	-0.00013768395
632	exposit	-0.0001377019
632	partn	-0.00013771211
632	wuchang	-0.00013773498
632	bod	-0.0001378361
632	methanol	-0.00013786509
632	attic	-0.00013794465
632	nyet	-0.00013799201
632	chichest	-0.00013800776
632	springfield	-0.00013802388
632	informatori	-0.00013806748
632	luomazh	-0.00013806748
632	ublic	-0.00013814043
632	etit	-0.00013814043
632	engine	-0.00013814043
632	otal	-0.00013816726
632	cano	-0.0001382338
632	roadblock	-0.00013828457
632	gifu	-0.00013831901
632	meander	-0.0001383596
632	novosibirsk	-0.00013837249
632	pancasila	-0.00013838228
632	madison	-0.00013849519
632	acerb	-0.00013852307
632	nsi	-0.00013855158
632	defam	-0.00013855571
632	unrecover	-0.00013856149
632	6134	-0.00013858684
632	prognost	-0.0001386395
632	shaykh	-0.00013864893
632	gelendzhik	-0.00013875992
632	chapayevsk	-0.00013881402
632	yamaguchigumi	-0.00013887249
632	cdu	-0.00013889579
632	stomach	-0.00013897476
632	74u	-0.00013897663
632	volen	-0.00013897663
632	preperestroyka	-0.00013897663
632	palapa	-0.00013898803
632	trash	-0.00013900525
632	severonikel	-0.00013904556
632	tadzhikistan	-0.00013906506
632	pasason	-0.00013911673
632	taikisha	-0.00013914441
632	episod	-0.00013915742
632	1022	-0.00013917864
632	semarang	-0.00013921848
632	delgat	-0.00013923031
632	akayev	-0.00013930364
632	chinmen	-0.00013931164
632	asan	-0.000139322
632	sahraoui	-0.00013932215
632	folli	-0.00013932807
632	0326	-0.0001393575
632	suzerain	-0.00013942468
632	1105	-0.0001394848
632	benxi	-0.00013953037
632	disillus	-0.00013962013
632	lever	-0.00013962547
632	radomir	-0.0001396495
632	wardrob	-0.00013967109
632	mohajir	-0.00013972027
632	lbma	-0.0001397406
632	kc25	-0.00013974801
632	unashamedli	-0.0001397586
632	cordero	-0.00013979906
632	daido	-0.00013990447
632	865	-0.00013992515
632	1912	-0.00013996947
632	cute	-0.00014000958
632	zurab	-0.0001400271
632	mikhaylov	-0.00014006974
632	bye	-0.00014008804
632	unarm	-0.00014012551
632	whi	-0.00014018173
632	tyler	-0.00014021383
632	illinoi	-0.00014039133
632	portal	-0.0001403959
632	napoli	-0.00014040718
632	isabela	-0.00014040826
632	djamena	-0.00014040826
632	vsat	-0.00014043828
632	contend	-0.00014043994
632	karstic	-0.00014045728
632	telemanipul	-0.00014045728
632	authorship	-0.00014045883
632	qingan	-0.0001405088
632	455	-0.00014052553
632	4210	-0.00014054764
632	stubborn	-0.00014055785
632	unsold	-0.00014058818
632	8833	-0.00014060276
632	prolif	-0.00014061056
632	2152	-0.00014064765
632	0615	-0.00014067547
632	udar	-0.00014073559
632	jinro	-0.00014079729
632	carcinogen	-0.00014085126
632	cashew	-0.00014091744
632	2110	-0.00014092587
632	ks	-0.00014095637
632	flyer	-0.00014096855
632	strohm	-0.0001410374
632	craftsmanship	-0.00014106058
632	nuovo	-0.00014121232
632	subtl	-0.00014121304
632	firebas	-0.0001412222
632	ptsd	-0.0001412222
632	sanomat	-0.0001412649
632	nonchal	-0.0001413239
632	8446	-0.00014132797
632	hillhurst	-0.00014132797
632	lazaroff	-0.00014132797
632	devil	-0.00014133219
632	unseat	-0.00014134186
632	peip	-0.00014137024
632	kherban	-0.00014138091
632	nayil	-0.00014138091
632	ciba	-0.00014139277
632	schmidt	-0.0001414167
632	brash	-0.00014143059
632	synergi	-0.00014148088
632	subconsci	-0.00014149382
632	mythic	-0.00014152701
632	locker	-0.00014166874
632	pike	-0.00014171448
632	unrepair	-0.00014174213
632	gasp	-0.00014175095
632	zoeller	-0.00014179866
632	honk	-0.00014181939
632	mash	-0.00014183042
632	shigeo	-0.0001418384
632	aspirin	-0.00014184066
632	enchant	-0.00014187528
632	interdepartment	-0.00014190847
632	unevenli	-0.00014195731
632	bespalov	-0.00014198256
632	daylight	-0.0001420206
632	swindl	-0.00014215014
632	consent	-0.00014216953
632	rozvojova	-0.00014219253
632	ceskomoravska	-0.00014219253
632	kc28	-0.00014219253
632	kc54	-0.00014219253
632	shen	-0.00014220162
632	inspector	-0.00014224014
632	pavement	-0.00014224977
632	ysidro	-0.00014226454
632	rohm	-0.0001422898
632	7983	-0.00014236972
632	futian	-0.00014237562
632	escrow	-0.00014240689
632	hord	-0.0001424287
632	crl	-0.00014251078
632	chuckl	-0.00014253845
632	retribut	-0.00014254943
632	b737	-0.0001426024
632	jtb	-0.0001426024
632	erstwhil	-0.00014261635
632	towa	-0.0001426338
632	shanwen	-0.0001426338
632	propert	-0.0001426338
632	heel	-0.00014264406
632	derang	-0.0001426454
632	preshow	-0.00014271161
632	delist	-0.00014279799
632	quash	-0.00014280235
632	pascal	-0.00014281392
632	expel	-0.00014299691
632	akha	-0.00014300007
632	unobtrus	-0.00014304768
632	drchi014	-0.00014306333
632	genom	-0.00014307749
632	jusuf	-0.00014309473
632	redeem	-0.00014311381
632	puck	-0.00014318903
632	keio	-0.0001431985
632	guru	-0.00014326598
632	crane	-0.00014330067
632	demigod	-0.00014332091
632	disbelief	-0.00014334048
632	taco	-0.00014334451
632	roo	-0.00014337279
632	dainidenden	-0.00014339385
632	jiangyin	-0.00014346394
632	burga	-0.00014347438
632	charnel	-0.00014357828
632	frn	-0.00014361014
632	dismount	-0.0001436584
632	moeller	-0.00014365987
632	hmu	-0.00014375914
632	greaseless	-0.00014376537
632	kaiseki	-0.00014376537
632	kolora	-0.00014384609
632	kamreddin	-0.00014385395
632	bonyad	-0.00014385395
632	sek5	-0.00014392391
632	subsc	-0.00014392391
632	eripax	-0.00014392391
632	sek4	-0.00014392391
632	nstrument	-0.00014392391
632	networ	-0.00014392391
632	op9	-0.00014392391
632	wahlqvist	-0.00014392391
632	widebank	-0.00014392391
632	sek29	-0.00014392391
632	sek132	-0.00014392391
632	sek428	-0.00014392391
632	miezejeski	-0.00014392391
632	sek806	-0.00014392391
632	md100	-0.00014392391
632	sek7	-0.00014392391
632	callpath	-0.00014392391
632	multisupervisor	-0.00014392391
632	applicationlink	-0.00014392391
632	sek686	-0.00014392391
632	sek479	-0.00014392391
632	sek6	-0.00014392391
632	sek363	-0.00014392391
632	sek886	-0.00014392391
632	esprit	-0.0001439316
632	719	-0.00014397448
632	triniti	-0.00014399824
632	sewn	-0.00014400996
632	righteou	-0.00014402211
632	schoolyard	-0.00014404584
632	amplif	-0.00014411997
632	carib	-0.00014412553
632	frb	-0.00014414053
632	fancier	-0.00014415276
632	managua	-0.00014425043
632	2040	-0.00014429797
632	88th	-0.00014432432
632	rite	-0.00014433311
632	pete	-0.00014434026
632	maff	-0.00014437431
632	chollima	-0.00014442974
632	geigi	-0.00014443784
632	cardphon	-0.00014447367
632	keihin	-0.00014453744
632	displeasur	-0.0001446006
632	zen	-0.00014464845
632	augustu	-0.0001446537
632	sigetak	-0.00014465851
632	kumirui	-0.00014465851
632	aungsan	-0.00014465851
632	sha	-0.00014468761
632	valencia	-0.00014469633
632	0694	-0.00014470576
632	atk	-0.00014470961
632	doosan	-0.00014470961
632	kukdong	-0.00014470961
632	iloilo	-0.00014470961
632	oesterreich	-0.00014471145
632	paramaribo	-0.00014471372
632	lazukov	-0.00014476698
632	inkar	-0.00014476698
632	nytva	-0.00014476698
632	motovilikhinskiy	-0.00014476698
632	6p18	-0.00014476698
632	tesmo	-0.00014476698
632	tsupko	-0.00014476698
632	mausoleum	-0.000144797
632	shangyou	-0.00014482334
632	slavyanskaya	-0.00014484048
632	malta	-0.00014488342
632	mcml	-0.00014494175
632	worldsec	-0.00014494175
632	overkil	-0.00014500748
632	lipetsk	-0.00014505918
632	unimagin	-0.00014507468
632	tidi	-0.00014509456
632	tnf	-0.00014512315
632	737	-0.00014514307
632	despot	-0.00014517287
632	plo	-0.00014523219
632	radhostem	-0.00014525391
632	becker	-0.00014528833
632	canton	-0.00014529425
632	cork	-0.00014531246
632	obliter	-0.00014535639
632	slum	-0.00014537666
632	lae	-0.00014546701
632	glare	-0.00014563923
632	pension	-0.00014566444
632	ectron	-0.0001457047
632	orld	-0.0001457047
632	inistri	-0.0001457047
632	aspen	-0.00014571047
632	tolyatti	-0.00014573189
632	soto	-0.00014575782
632	ferryman	-0.0001457914
632	steve	-0.00014581096
632	letdown	-0.00014587342
632	sakurai	-0.00014587626
632	fry	-0.00014588126
632	671	-0.00014593093
632	norbert	-0.00014596271
632	pont	-0.00014605522
632	64k	-0.00014608484
632	wizard	-0.00014615423
632	dell	-0.00014623658
632	grimmest	-0.00014633022
632	cathart	-0.00014636049
632	aerosol	-0.00014640017
632	suphinit	-0.00014643911
632	ekonomiki	-0.00014647894
632	kalinga	-0.00014652574
632	shophous	-0.00014652574
632	kwangyang	-0.00014653036
632	hotlin	-0.00014655018
632	cmd	-0.00014658023
632	teplic	-0.00014658023
632	tobol	-0.00014665941
632	bvk	-0.00014665941
632	biotech	-0.00014666929
632	cei	-0.00014668057
632	stalwart	-0.0001466916
632	benazir	-0.00014669832
632	zloti	-0.00014672453
632	industriel	-0.00014676069
632	drchi064	-0.00014682247
632	bland	-0.00014689016
632	csu	-0.00014689428
632	michal	-0.00014696081
632	833	-0.00014697053
632	usman	-0.00014697481
632	subtract	-0.00014703798
632	glavpur	-0.0001471327
632	mba	-0.00014719048
632	interv	-0.00014725684
632	hows	-0.00014726534
632	ralph	-0.0001472659
632	deukmejian	-0.00014728092
632	metcalf	-0.00014733417
632	0702	-0.00014738335
632	practition	-0.00014740243
632	spb	-0.00014741643
632	kph	-0.00014746553
632	schoolchildren	-0.00014747531
632	caricom	-0.00014753894
632	888	-0.00014758074
632	scriptur	-0.00014759265
632	johann	-0.00014763146
632	chisso	-0.00014769379
632	barg	-0.00014775622
632	sittikoun	-0.00014776745
632	tissu	-0.00014780197
632	pathwai	-0.00014782233
632	kitayama	-0.00014787739
632	easygo	-0.00014793826
632	hydrospher	-0.00014794322
632	yaroslavl	-0.000148054
632	florida	-0.00014806825
632	pse	-0.00014807432
632	kyu	-0.00014808313
632	schuster	-0.0001481591
632	winger	-0.00014818083
632	reintroduc	-0.00014824905
632	baca	-0.00014825563
632	quickest	-0.00014825565
632	nitra	-0.00014830488
632	olomouc	-0.00014830488
632	panang	-0.00014833354
632	vocabulari	-0.00014833499
632	misl	-0.00014835349
632	miter	-0.00014839173
632	1513	-0.00014840273
632	nemat	-0.00014841862
632	yablokov	-0.00014842518
632	eater	-0.00014849805
632	michai	-0.00014858483
632	interfaith	-0.00014859368
632	turlock	-0.00014860129
632	aharmon	-0.0001486576
632	aschmitt	-0.0001486576
632	unnecessarili	-0.00014872904
632	socrat	-0.00014874981
632	clearcut	-0.00014877685
632	belorussia	-0.0001488571
632	apayao	-0.0001489243
632	sanop	-0.00014892781
632	abruptli	-0.00014893564
632	3495	-0.00014897814
632	thoetthai	-0.0001490842
632	lawn	-0.00014911269
632	ershad	-0.00014911812
632	qaddumi	-0.00014912443
632	pal	-0.00014912874
632	postcommunist	-0.00014914041
632	guangsheng	-0.00014926241
632	semest	-0.00014934663
632	zarucni	-0.00014935268
632	lamassour	-0.00014937475
632	kayak	-0.00014942541
632	leftw	-0.00014944671
632	hitman	-0.0001495653
632	madden	-0.00014956677
632	tp	-0.00014957906
632	luoh	-0.0001495833
632	orton	-0.00014960441
632	powerless	-0.00014963155
632	knott	-0.00014969363
632	4971	-0.00014971172
632	rivera	-0.00014974203
632	chaek	-0.0001497859
632	0647	-0.00014979897
632	isuzu	-0.0001498077
632	obt	-0.00014981617
632	kait	-0.00014981617
632	ngineer	-0.00014981617
632	chungch	-0.00014981617
632	competitiven	-0.00014981617
632	coward	-0.000149917
632	fernandez	-0.00014996289
632	1580	-0.0001500101
632	hawker	-0.0001500963
632	lit	-0.00015010388
632	richburg	-0.00015021837
632	vodicka	-0.00015026814
632	kladno	-0.00015026814
632	krumlov	-0.00015026814
632	consular	-0.00015026827
632	attrit	-0.0001504082
632	technomart	-0.00015041101
632	ethanol	-0.00015044723
632	baharudin	-0.00015049304
632	robcad	-0.00015049304
632	siegin	-0.00015049306
632	nambang	-0.00015049306
632	0200	-0.00015054538
632	mannheim	-0.0001506046
632	guitar	-0.00015074908
632	gmk	-0.00015079784
632	roskomvod	-0.00015079784
632	mn	-0.00015084466
632	beaumont	-0.00015087133
632	fdp	-0.00015092616
632	chae	-0.00015093997
632	unwork	-0.00015097046
632	rewrit	-0.00015099054
632	pwe	-0.00015099821
632	ceibcacift	-0.00015105923
632	benefitedf	-0.00015105923
632	putung	-0.00015108641
632	mostazafin	-0.0001510978
632	abdelbaki	-0.0001510978
632	lok	-0.0001512513
632	shokhin	-0.00015130511
632	jihlava	-0.00015136182
632	unshak	-0.00015136617
632	sonbong	-0.00015139335
632	centred	-0.00015146239
632	010l	-0.00015150986
632	sanjiu	-0.00015155219
632	ostentati	-0.00015155913
632	vnukovo	-0.00015162032
632	englishmen	-0.00015164197
632	intang	-0.00015164254
632	shantytown	-0.00015169354
632	wrest	-0.00015171761
632	smolensk	-0.00015178499
632	sonogram	-0.00015179117
632	ilyichevsk	-0.000151859
632	macrocontrol	-0.00015194196
632	monetar	-0.00015197392
632	ws	-0.00015197457
632	repes	-0.00015199478
632	pottag	-0.00015201361
632	katsu	-0.0001520416
632	colossu	-0.00015212299
632	5625	-0.00015213837
632	prasit	-0.00015216215
632	jube	-0.00015219655
632	blatantli	-0.00015220433
632	abkhazia	-0.00015226785
632	sheng	-0.00015234537
632	wholes	-0.00015237549
632	1918	-0.00015241315
632	mtdp	-0.00015244198
632	kanetomo	-0.00015244198
632	unsc	-0.00015251736
632	sk9	-0.00015254675
632	saute	-0.00015257875
632	2692	-0.0001525983
632	hdd	-0.00015260192
632	shrub	-0.00015260198
632	hein	-0.000152602
632	gossanepidnadzor	-0.00015260566
632	techa	-0.00015260566
632	bongo	-0.00015261723
632	swine	-0.00015265381
632	cowardli	-0.00015268747
632	sm	-0.00015279389
632	onboard	-0.0001529297
632	pornographi	-0.00015294405
632	seminari	-0.00015297555
632	yasuda	-0.00015301086
632	pristina	-0.00015306595
632	tn	-0.0001531298
632	hatfield	-0.00015314261
632	hojin	-0.0001531827
632	oddli	-0.00015319121
632	luohu	-0.00015321026
632	inst	-0.00015327439
632	okk	-0.00015328696
632	circumspect	-0.0001533953
632	ghetto	-0.00015341361
632	humu	-0.00015343
632	misfortun	-0.00015343778
632	repaid	-0.00015348969
632	yongyang	-0.00015353125
632	unjustli	-0.00015357566
632	0049	-0.00015358349
632	hull	-0.0001536207
632	romario	-0.00015370315
632	delo	-0.00015372226
632	shinko	-0.00015376312
632	dana	-0.00015376642
632	adroit	-0.00015377114
632	liangjiang	-0.00015379165
632	ionov	-0.00015380589
632	milko	-0.00015383954
632	slovensk	-0.00015383954
632	kremlin	-0.00015403471
632	eiaj	-0.00015408198
632	nol	-0.00015409329
632	oji	-0.00015412658
632	tbilisi	-0.0001542071
632	ny	-0.00015423176
632	tempo	-0.0001542377
632	saison	-0.00015425874
632	fou	-0.00015427925
632	hizballah	-0.00015434453
632	oakland	-0.00015437926
632	chatfield	-0.00015443197
632	impervi	-0.00015443722
632	quai	-0.00015445189
632	amplifi	-0.00015451161
632	namspeak	-0.00015451375
632	pavel	-0.00015455345
632	taunggyan	-0.00015461036
632	minkanaung	-0.00015461036
632	taungdan	-0.00015461036
632	shwetaung	-0.00015461036
632	minlut	-0.00015461036
632	zeyawaddi	-0.00015461036
632	taunggyaw	-0.00015461036
632	ideologu	-0.0001546479
632	lanni	-0.00015465706
632	weaver	-0.00015467471
632	smug	-0.00015472306
632	credenc	-0.00015477797
632	kumgang	-0.00015480796
632	reprint	-0.00015481687
632	nishimatsu	-0.00015483772
632	multisector	-0.00015488261
632	tulip	-0.00015488964
632	nonstat	-0.00015491687
632	mightili	-0.00015494086
632	3o	-0.00015501339
632	kohap	-0.00015501637
632	electrod	-0.00015508244
632	juventu	-0.00015511573
632	pretens	-0.00015512071
632	proudest	-0.00015512267
632	kc15	-0.00015512887
632	woodyard	-0.00015512983
632	barrag	-0.00015520357
632	rees	-0.00015545914
632	ifugao	-0.00015552175
632	needi	-0.00015553206
632	wareh	-0.00015561788
632	lent	-0.0001556425
632	hinder	-0.00015565162
632	yajima	-0.00015566459
632	berdyayev	-0.00015568185
632	1118	-0.00015569836
632	congruou	-0.00015573666
632	294	-0.00015580366
632	sectori	-0.00015583943
632	shakeout	-0.00015596939
632	olivi	-0.0001559929
632	iang	-0.00015605817
632	soluo	-0.00015605817
632	shangen	-0.00015605817
632	kaitek	-0.00015605817
632	taiw	-0.00015605817
632	ompetit	-0.00015605817
632	ellectu	-0.00015605817
632	obligat	-0.00015605817
632	bodyguard	-0.00015608626
632	punctuat	-0.00015611775
632	kawai	-0.00015626397
632	alger	-0.0001562732
632	defianc	-0.00015629924
632	kier	-0.00015635125
632	0804	-0.00015643034
632	ordnanc	-0.00015644422
632	thorni	-0.00015654677
632	dornbusch	-0.00015665153
632	kumagai	-0.0001566895
632	7559	-0.000156735
632	tazio	-0.00015681607
632	zanegin	-0.00015683679
632	spoeri	-0.00015684242
632	burian	-0.00015684242
632	jicin	-0.00015684242
632	breathtak	-0.0001569392
632	anapa	-0.00015698343
632	leftism	-0.00015699814
632	uygurstan	-0.00015704149
632	bellicos	-0.000157042
632	valentino	-0.00015706546
632	mintai	-0.00015708072
632	vniipriroda	-0.00015708072
632	hangui	-0.00015711565
632	atham	-0.00015715479
632	cssd	-0.0001571929
632	ioniz	-0.00015720502
632	hmat	-0.00015728943
632	htu	-0.00015728943
632	trabando	-0.00015739317
632	mukhaybir	-0.00015739317
632	mit	-0.00015739436
632	troup	-0.00015745916
632	vehicul	-0.00015751539
632	ocbc	-0.00015753385
632	unhcr	-0.00015753414
632	autonm	-0.00015770998
632	lanao	-0.00015781989
632	mckai	-0.00015784736
632	nismex	-0.0001578659
632	xinhui	-0.00015790112
632	blueberri	-0.00015794257
632	toc	-0.00015794531
632	1108	-0.00015800378
632	wurst	-0.00015803851
632	partit	-0.00015814976
632	444	-0.00015817296
632	cgil	-0.00015819726
632	yeh	-0.00015821896
632	inaba	-0.0001582698
632	purposefulli	-0.00015827661
632	powerpl	-0.00015832229
632	pungsan	-0.00015838748
632	wendel	-0.00015849661
632	jk	-0.00015852028
632	raze	-0.00015852365
632	0707	-0.00015853305
632	carrington	-0.0001585388
632	ecu1	-0.00015859315
632	graf	-0.0001586923
632	421	-0.00015875208
632	5587	-0.00015879204
632	armageddon	-0.00015887436
632	chanceri	-0.00015887477
632	muster	-0.00015887953
632	rib	-0.00015890152
632	taboo	-0.00015895121
632	bacchan	-0.00015896227
632	theologi	-0.00015899591
632	disaffect	-0.00015905553
632	saff	-0.00015905783
632	ucom	-0.0001590695
632	mando	-0.0001590881
632	1060	-0.00015913013
632	jerusalem	-0.00015916294
632	xxiv	-0.0001591936
632	oka	-0.00015923509
632	preemptiv	-0.00015925762
632	peugeot	-0.00015926117
632	psp	-0.00015927112
632	pln	-0.00015934039
632	angkatan	-0.00015942514
632	gnat	-0.00015944435
632	1458	-0.00015947131
632	messaggero	-0.00015948483
632	alameda	-0.00015952832
632	jptdd010	-0.000159541
632	terabit	-0.00015956274
632	scott	-0.0001595647
632	gangqi	-0.00015960912
632	hagi	-0.0001596364
632	quarterfinalist	-0.0001596364
632	nj	-0.00015977693
632	jpcar011	-0.00015978552
632	pasturag	-0.00016006143
632	sublim	-0.00016007763
632	takamatsu	-0.00016008603
632	sabin	-0.00016011829
632	0981	-0.00016024295
632	tatsuo	-0.0001603228
632	nicaraguan	-0.00016033907
632	jpusr001	-0.00016037477
632	poke	-0.00016038594
632	jintian	-0.00016055176
632	incoher	-0.00016056393
632	bhaktapur	-0.00016058049
632	marawi	-0.00016058049
632	scorer	-0.00016058299
632	rey	-0.0001606129
632	nomenklatura	-0.00016064476
632	glavunion	-0.00016065473
632	deterg	-0.00016068906
632	alain	-0.00016075248
632	chafe	-0.00016078887
632	neoclass	-0.00016086103
632	suddeutsch	-0.00016096655
632	1498	-0.00016097348
632	horatio	-0.00016103132
632	rsa	-0.00016103477
632	customari	-0.0001610571
632	nikel	-0.00016106515
632	yoon	-0.0001610784
632	riccheru	-0.00016109888
632	ilan	-0.00016115232
632	morsel	-0.0001611953
632	goto	-0.0001612925
632	overload	-0.00016134
632	linguist	-0.00016142223
632	pracha	-0.00016143998
632	barefoot	-0.00016158154
632	reindeer	-0.00016162575
632	lexington	-0.00016165731
632	sesam	-0.00016167237
632	jurist	-0.0001616749
632	centerless	-0.00016179758
632	bersenjata	-0.00016190879
632	ampo	-0.00016195701
632	rove	-0.00016195889
632	4873	-0.000161973
632	joyous	-0.00016200915
632	burli	-0.00016214277
632	pier	-0.00016215767
632	intestin	-0.00016221796
632	maureen	-0.00016230569
632	chinook	-0.00016232245
632	dreas111	-0.00016233843
632	zhenhuan	-0.00016236547
632	sarawak	-0.00016238778
632	bebeto	-0.00016248814
632	treacheri	-0.00016257058
632	shui	-0.00016264734
632	6504	-0.00016265259
632	stopgap	-0.0001626791
632	gangster	-0.00016279129
632	invertebr	-0.00016282802
632	dasa	-0.00016288519
632	donald	-0.00016288664
632	liptovski	-0.00016288909
632	708th	-0.0001628971
632	redmond	-0.00016289947
632	fratricid	-0.00016295083
632	interc	-0.00016301587
632	kangnam	-0.00016302319
632	dola	-0.0001630287
632	rokycani	-0.0001630287
632	omron	-0.0001631195
632	0758	-0.0001631319
632	robyn	-0.00016319998
632	sacrosanct	-0.00016324791
632	guang	-0.00016326446
632	konpo	-0.00016328492
632	pskov	-0.00016328665
632	resal	-0.00016333506
632	moser	-0.00016334056
632	lm	-0.000163369
632	3314	-0.00016343579
632	1436	-0.00016346347
632	charlton	-0.0001634635
632	rainer	-0.00016357875
632	setc	-0.00016361926
632	taerim	-0.00016366175
632	ifema	-0.00016366175
632	miracul	-0.00016371667
632	downhil	-0.00016374172
632	riverdal	-0.00016376204
632	kc400	-0.00016379399
632	yacheng	-0.00016383686
632	immor	-0.00016392679
632	norwood	-0.000163947
632	galera	-0.00016403779
632	bohol	-0.00016403779
632	erwin	-0.00016413399
632	tmd	-0.00016417728
632	aip	-0.0001641789
632	6124	-0.00016418408
632	drchi071	-0.00016420505
632	cleric	-0.00016428037
632	snepp	-0.00016428085
632	beidaih	-0.00016456385
632	spencer	-0.0001646269
632	stung	-0.00016466361
632	glum	-0.00016473596
632	camcord	-0.00016474885
632	keelung	-0.00016476643
632	5302	-0.00016476643
632	masanori	-0.0001647694
632	venu	-0.0001647848
632	dlsaaabeft	-0.00016485578
632	wisc	-0.00016486064
632	honwana	-0.00016486685
632	novaya	-0.00016487953
632	strove	-0.00016488883
632	publicist	-0.00016494103
632	subsystem	-0.00016497556
632	cisl	-0.00016509081
632	mukri	-0.00016514133
632	neman	-0.00016516143
632	dignifi	-0.00016525296
632	stationeri	-0.00016528038
632	sprang	-0.00016532776
632	gat	-0.0001653594
632	ramada	-0.00016536277
632	pnc	-0.00016558701
632	esz	-0.00016562616
632	befal	-0.00016565334
632	circumnavig	-0.00016567933
632	cordoba	-0.00016579103
632	wichian	-0.00016582663
632	tian	-0.00016582865
632	galli	-0.0001658315
632	zatec	-0.00016588044
632	hronik	-0.00016588044
632	billa	-0.00016588044
632	pribram	-0.00016588044
632	ksr1	-0.00016590052
632	europarlia	-0.00016595036
632	milutinov	-0.00016596085
632	vicini	-0.00016596085
632	withstand	-0.00016599074
632	altair	-0.00016607685
632	purv	-0.00016608635
632	gandasequi	-0.00016608991
632	voronezh	-0.00016609732
632	dreas048	-0.00016619836
632	abc	-0.00016627689
632	consumm	-0.00016632461
632	glo	-0.00016633497
632	trendi	-0.00016639872
632	mahmud	-0.00016642609
632	kii	-0.0001664332
632	kisul	-0.0001665314
632	lunchtim	-0.0001665496
632	ip	-0.00016658772
632	sig	-0.00016661496
632	richli	-0.00016666947
632	leszek	-0.00016668695
632	eo	-0.00016671135
632	037	-0.00016671917
632	takao	-0.00016672695
632	vex	-0.00016674385
632	sloven	-0.00016674909
632	sinbo	-0.0001667888
632	kunshan	-0.00016679474
632	romeo	-0.00016683602
632	unblock	-0.00016688775
632	2525	-0.00016695356
632	silenc	-0.00016700735
632	sukmak	-0.00016702458
632	appleg	-0.00016704026
632	652	-0.00016706745
632	bream	-0.00016711431
632	khamphoui	-0.00016712323
632	ineptitud	-0.00016716255
632	stratum	-0.00016717536
632	miyak	-0.00016719896
632	vicar	-0.00016720677
632	stalin	-0.0001673004
632	clever	-0.00016732326
632	saboteur	-0.00016732786
632	psychiatrist	-0.00016734976
632	algorithm	-0.00016746963
632	gkch	-0.00016762127
632	waterg	-0.00016765384
632	glasgow	-0.00016766824
632	0058	-0.00016768924
632	hamai	-0.00016771401
632	unansw	-0.00016772516
632	sher	-0.00016777091
632	ud	-0.00016779974
632	glaze	-0.00016780749
632	racist	-0.00016791762
632	uygur	-0.00016795534
632	oporto	-0.00016796417
632	gullit	-0.00016802804
632	maturana	-0.00016802804
632	gallant	-0.0001680303
632	shimizu	-0.00016804342
632	cossack	-0.00016806007
632	fraca	-0.00016807069
632	norinco	-0.0001680726
632	unison	-0.00016811801
632	fujiyama	-0.00016822673
632	agrotechniqu	-0.00016823465
632	keoboualapha	-0.00016831688
632	kozhmekin	-0.0001683478
632	infam	-0.00016837462
632	candiotti	-0.00016843481
632	litt	-0.00016845482
632	distilleri	-0.00016850707
632	autocraci	-0.00016858675
632	ap	-0.0001686043
632	sacsayhuaman	-0.0001686666
632	bugi	-0.0001686666
632	sagada	-0.0001686666
632	boracai	-0.0001686666
632	banau	-0.00016866661
632	huchel	-0.00016869685
632	chinho	-0.00016870484
632	bunsit	-0.00016870484
632	taebup	-0.00016870484
632	sairakun	-0.00016870484
632	saeri	-0.00016870484
632	551	-0.00016884072
632	yekaterinburg	-0.00016886095
632	sushiko	-0.00016890028
632	deadlock	-0.00016895334
632	blagoveshchensk	-0.00016896984
632	0210	-0.00016897287
632	wonjaryok	-0.00016898311
632	nusa	-0.00016903238
632	kunsan	-0.00016903238
632	handiphon	-0.00016904993
632	odra	-0.00016905034
632	disconcert	-0.0001690694
632	frenstat	-0.00016912182
632	leaser	-0.00016912361
632	326	-0.00016913934
632	sverdlovsk	-0.0001691511
632	debentur	-0.00016921054
632	uralskii	-0.00016926008
632	reichl	-0.00016927083
632	reli	-0.00016929752
632	1499	-0.0001693348
632	cabral	-0.0001693348
632	527	-0.00016938976
632	altima	-0.00016942108
632	statna	-0.00016945186
632	interbanka	-0.00016945186
632	cergel	-0.00016945186
632	sk900	-0.00016945186
632	kavka	-0.00016945186
632	schug	-0.00016945186
632	niesner	-0.00016945186
632	elisabeth	-0.00016950713
632	holstein	-0.00016950887
632	willi	-0.00016960471
632	reexamin	-0.00016961174
632	vima	-0.00016965928
632	carelessli	-0.00016967571
632	bozel	-0.0001696819
632	gigaflop	-0.00016974066
632	kodak	-0.0001698028
632	ting	-0.00016998425
632	captain	-0.00016998696
632	zaisei	-0.0001699992
632	bologna	-0.00017004971
632	charlott	-0.0001700649
632	refuel	-0.00017008648
632	emanuel	-0.00017009341
632	kaifu	-0.00017010618
632	kukbang	-0.00017013455
632	toshio	-0.00017013519
632	linesman	-0.00017014607
632	antipathi	-0.00017018145
632	rectori	-0.00017020636
632	whimper	-0.00017024652
632	altruist	-0.00017024652
632	sosa	-0.00017028875
632	0081	-0.00017029922
632	prostrat	-0.00017032679
632	accultur	-0.00017034124
632	707	-0.0001703619
632	waistcoat	-0.00017040315
632	librevil	-0.00017042815
632	milieu	-0.00017045489
632	foshan	-0.00017047285
632	hyne	-0.00017049025
632	berni	-0.00017049313
632	sorrento	-0.00017053325
632	fritter	-0.00017053976
632	minju	-0.0001705982
632	yunyu	-0.00017060107
632	998	-0.00017066425
632	elag	-0.00017066878
632	791	-0.0001706755
632	sidestep	-0.00017069282
632	coax	-0.00017069903
632	1104	-0.00017081581
632	beirut	-0.00017083208
632	taichung	-0.00017084976
632	roam	-0.00017087065
632	mechatron	-0.00017090693
632	glib	-0.00017090718
632	mockeri	-0.00017092716
632	shin	-0.00017094266
632	1129	-0.00017100645
632	standbi	-0.00017105382
632	bez	-0.00017107383
632	ishi	-0.0001710811
632	kiriaki	-0.0001711402
632	farouk	-0.00017115075
632	untangl	-0.00017118039
632	biographi	-0.00017120568
632	subtitl	-0.0001712108
632	7558	-0.00017122057
632	workabl	-0.00017123425
632	0721	-0.00017123466
632	0033	-0.00017123466
632	ballist	-0.0001712448
632	indemn	-0.00017125216
632	1488	-0.00017132828
632	mesa	-0.00017141223
632	634	-0.00017143525
632	handpick	-0.00017144954
632	835	-0.00017148397
632	mc	-0.00017169585
632	impermiss	-0.000171697
632	higuita	-0.00017173655
632	dreas097	-0.00017176248
632	1614	-0.00017178156
632	drweu041	-0.00017181883
632	cun	-0.00017183002
632	overgovern	-0.00017187838
632	crisscross	-0.00017188108
632	p9111	-0.00017191697
632	painewebb	-0.00017198116
632	mismatch	-0.00017199446
632	isabel	-0.00017199971
632	watanab	-0.00017210218
632	merc	-0.00017213366
632	retrospect	-0.00017213768
632	flung	-0.00017217487
632	majid	-0.00017217542
632	ofc	-0.00017220086
632	decoupl	-0.00017221365
632	avu	-0.00017223391
632	heaven	-0.00017227928
632	ob	-0.00017233223
632	pechenganikel	-0.00017234145
632	instructor	-0.00017237903
632	squid	-0.0001724044
632	2715	-0.00017241675
632	negativ	-0.00017243373
632	pagan	-0.00017247204
632	shrewdli	-0.00017253388
632	noos	-0.00017254957
632	573	-0.00017258138
632	busier	-0.00017262298
632	1905	-0.00017264904
632	disinterest	-0.00017267668
632	1301	-0.00017282981
632	taisho	-0.00017288473
632	hsiung	-0.00017292077
632	714	-0.00017293311
632	interbank	-0.00017300741
632	realpolitik	-0.00017308675
632	hayat	-0.00017314612
632	nikolayevich	-0.00017314879
632	41o	-0.00017315791
632	bbb	-0.00017318863
632	cruyff	-0.00017319198
632	centrum	-0.00017320507
632	1026	-0.00017320653
632	blackout	-0.00017320958
632	lug	-0.00017322028
632	kronor	-0.00017330967
632	rna	-0.00017336004
632	nanomet	-0.0001733694
632	swagger	-0.00017342567
632	kotobuki	-0.00017344496
632	scholast	-0.00017355304
632	2083	-0.00017355342
632	polyest	-0.00017358636
632	freon	-0.00017362353
632	dyco	-0.0001736277
632	infrequ	-0.00017364677
632	divin	-0.00017364982
632	wakasa	-0.00017372196
632	asam	-0.00017375793
632	0954	-0.00017377513
632	alkyl	-0.00017380607
632	tongrentang	-0.00017382015
632	fait	-0.00017384699
632	northward	-0.00017385567
632	salonica	-0.00017392098
632	melancholi	-0.00017398868
632	drabek	-0.00017402956
632	472	-0.00017407133
632	turntabl	-0.00017419785
632	sid	-0.00017421175
632	kolacek	-0.00017423344
632	jazaki	-0.00017423344
632	kariera	-0.00017423344
632	bendkowski	-0.00017423344
632	plzenska	-0.00017423344
632	melcicki	-0.00017423344
632	agrostroj	-0.00017423344
632	vochyan	-0.00017423344
632	autokola	-0.00017423344
632	kc280	-0.00017423344
632	kryri	-0.00017423344
632	lautsch	-0.00017423344
632	ricani	-0.00017423344
632	karvinska	-0.00017423344
632	kokusai	-0.00017425521
632	diarrhea	-0.00017433628
632	pillow	-0.0001743586
632	najin	-0.0001743739
632	warlik	-0.00017438103
632	unharvest	-0.00017441252
632	tireless	-0.00017444584
632	beacon	-0.00017445808
632	statesman	-0.00017446467
632	1450	-0.0001745416
632	dreas107	-0.00017454247
632	xiaoz	-0.00017463119
632	yilang	-0.00017463119
632	husheng	-0.00017463119
632	jiuyan	-0.00017463119
632	gossip	-0.00017476038
632	terroris	-0.00017476636
632	0334	-0.00017477342
632	comunal	-0.00017479318
632	banco	-0.00017479966
632	schleswig	-0.00017480667
632	belarusian	-0.00017484043
632	saliu	-0.00017490693
632	lasisi	-0.00017490696
632	hangul	-0.00017492242
632	michihiko	-0.00017496002
632	freckl	-0.0001750256
632	sympathis	-0.00017503854
632	emplac	-0.0001750453
632	algarv	-0.00017508384
632	pinnacl	-0.00017513413
632	3630	-0.00017514382
632	msdf	-0.00017524368
632	pakong	-0.0001753165
632	pensiv	-0.00017545548
632	peacetim	-0.0001755112
632	accompli	-0.00017551483
632	cosmo	-0.00017553591
632	458	-0.0001755442
632	gourmet	-0.00017558425
632	rainforest	-0.00017565383
632	demilitaris	-0.00017566567
632	dipolog	-0.00017569397
632	daiver	-0.00017569397
632	wahah	-0.00017569397
632	attara	-0.00017569397
632	camiguin	-0.00017569397
632	unopen	-0.00017574469
632	elud	-0.00017582584
632	bankrol	-0.00017586093
632	iou	-0.00017587416
632	palermo	-0.00017588897
632	jitlada	-0.00017593736
632	thrift	-0.00017596598
632	ekonomisuto	-0.00017596775
632	mor	-0.0001760811
632	bumpi	-0.00017613648
632	kabul	-0.00017616164
632	rizal	-0.00017616508
632	tandi	-0.00017620524
632	polk	-0.00017627087
632	hasegawa	-0.0001762765
632	cushman	-0.00017634346
632	orphan	-0.00017641172
632	conduit	-0.00017641835
632	resurfac	-0.00017644018
632	fr20	-0.00017650894
632	outwardli	-0.00017653793
632	consilid	-0.0001765993
632	bigwig	-0.00017663422
632	westphalia	-0.00017663825
632	irreconcil	-0.00017674072
632	braze	-0.00017674516
632	a13	-0.0001767637
632	peach	-0.00017688388
632	hon	-0.00017696238
632	0256	-0.00017697261
632	telkom	-0.00017698099
632	drab	-0.00017701599
632	od	-0.00017703576
632	niki	-0.00017705809
632	dime	-0.00017712246
632	fr6	-0.00017721948
632	booklet	-0.00017727555
632	ludek	-0.00017729758
632	nakanishi	-0.00017732037
632	1030	-0.00017740394
632	chuck	-0.00017741074
632	trailer	-0.00017741133
632	balcerowicz	-0.0001774296
632	gotemba	-0.0001774576
632	dunson	-0.00017748852
632	6332	-0.00017750918
632	frill	-0.00017754358
632	dough	-0.00017754358
632	steen	-0.000177573
632	crucibl	-0.00017757536
632	erect	-0.00017759982
632	1138	-0.00017771627
632	corval	-0.00017775285
632	dme	-0.00017776394
632	tgv	-0.00017778033
632	takashimaya	-0.00017780047
632	shoun	-0.00017782896
632	arat	-0.00017784284
632	gentil	-0.0001778974
632	kariya	-0.00017792075
632	lumberjack	-0.00017799754
632	sanctimoni	-0.00017799754
632	cleav	-0.00017799754
632	seced	-0.00017803916
632	unaccount	-0.00017807022
632	bdi	-0.0001782378
632	tomato	-0.00017824571
632	woven	-0.00017828622
632	sworn	-0.00017832851
632	fullerton	-0.00017833701
632	hamid	-0.000178354
632	shirai	-0.00017840735
632	hullabaloo	-0.00017849597
632	valdo	-0.00017851402
632	alvar	-0.00017856983
632	toro	-0.0001785792
632	pau	-0.00017860932
632	kalmykia	-0.00017861032
632	insubordin	-0.00017864995
632	novokuznetsk	-0.00017873576
632	642	-0.0001787978
632	dar	-0.00017888354
632	mahdi	-0.00017888431
632	vp	-0.00017890053
632	intoler	-0.00017892143
632	930	-0.00017893153
632	deme	-0.00017896344
632	err	-0.00017897095
632	balzar	-0.00017900695
632	unreplac	-0.00017907616
632	nakai	-0.00017908019
632	samar	-0.00017909633
632	embolden	-0.00017911918
632	phil	-0.00017913348
632	3419	-0.0001791528
632	drweu103	-0.0001791828
632	stabler	-0.00017924984
632	tongsin	-0.00017929683
632	bari	-0.00017931519
632	bathtap	-0.0001793386
632	piquant	-0.00017934438
632	miao	-0.00017936456
632	nonchalantli	-0.00017937263
632	vranitzki	-0.0001794232
632	jf	-0.00017948015
632	kumho	-0.00017949387
632	maladministr	-0.00017950646
632	didier	-0.00017954729
632	ol	-0.0001796333
632	kalvoda	-0.00017974609
632	leninist	-0.00017975226
632	maiz	-0.00017977193
632	scroll	-0.00017978941
632	survivalist	-0.00017982154
632	2336	-0.00017982154
632	0474	-0.00017982633
632	outsiz	-0.00017982644
632	pethidin	-0.00017984246
632	yeik	-0.00017984246
632	ashland	-0.00017999945
632	zhijian	-0.00018002438
632	insensit	-0.00018003501
632	brauvin	-0.00018007706
632	moneymak	-0.00018013077
632	krf	-0.00018013117
632	almati	-0.00018015348
632	unoc	-0.00018020847
632	0720	-0.00018031835
632	henslei	-0.00018032233
632	samara	-0.00018034468
632	collectiv	-0.00018041328
632	duqu	-0.00018042662
632	bi	-0.0001804482
632	mule	-0.00018046162
632	frugal	-0.00018046533
632	nylon	-0.00018051853
632	harvard	-0.0001805615
632	enterpreneur	-0.00018057704
632	conciliatori	-0.00018065576
632	sambo	-0.00018066635
632	pebbl	-0.00018071373
632	finalist	-0.00018076437
632	bakr	-0.00018079652
632	refocus	-0.00018080858
632	jolt	-0.00018081056
632	protasov	-0.00018086449
632	polster	-0.00018086449
632	weyerhaeus	-0.00018087936
632	litvinov	-0.00018089515
632	blackboard	-0.00018090502
632	genest	-0.000180949
632	aquitain	-0.00018099844
632	nakason	-0.00018101791
632	cicb	-0.00018106226
632	nishio	-0.00018115876
632	genoa	-0.00018124389
632	peanut	-0.00018131832
632	kyo	-0.00018135623
632	eximbank	-0.000181459
632	motocross	-0.00018146023
632	salamand	-0.00018148015
632	flea	-0.00018149392
632	itt	-0.00018154347
632	dorothea	-0.00018156276
632	opul	-0.00018162822
632	6148	-0.000181631
632	sip	-0.00018165336
632	60th	-0.00018168782
632	jockei	-0.00018171692
632	tariq	-0.00018172643
632	shenbao	-0.00018175141
632	suwon	-0.00018176662
632	inept	-0.00018183769
632	facsimil	-0.00018186608
632	tote	-0.000181892
632	reschedul	-0.0001818994
632	mie	-0.00018212614
632	overcauti	-0.00018215852
632	tokugawa	-0.00018217551
632	cholla	-0.00018220156
632	mattress	-0.00018220847
632	bof	-0.00018220853
632	dreeu077	-0.0001822172
632	eurocommiss	-0.00018227204
632	gosgortekhnadzor	-0.00018227258
632	undeclar	-0.0001822942
632	novic	-0.00018233524
632	1519	-0.00018235689
632	naipaul	-0.00018237217
632	swu	-0.00018240511
632	jinqiao	-0.00018243522
632	raffl	-0.0001824977
632	slav	-0.00018252534
632	pengfei	-0.0001825324
632	raytheon	-0.00018255765
632	phisit	-0.00018256273
632	kerouac	-0.00018273338
632	maidenhead	-0.00018276898
632	darpa	-0.00018284767
632	ancestri	-0.00018290771
632	grindston	-0.00018304812
632	moldavia	-0.00018309012
632	kunz	-0.00018311579
632	3825	-0.00018313837
632	broadbas	-0.00018318348
632	toss	-0.0001832055
632	1502	-0.00018323306
632	c3	-0.00018330791
632	asiana	-0.00018333504
632	1982	-0.00018336393
632	mo	-0.00018343209
632	1425	-0.00018349191
632	subseri	-0.00018355227
632	celibaci	-0.00018358875
632	shuwa	-0.00018361691
632	sweetbread	-0.00018362883
632	shiliang	-0.00018364147
632	angarsk	-0.00018366153
632	hulk	-0.00018371419
632	orf	-0.0001837355
632	contagi	-0.00018386795
632	revanch	-0.00018392893
632	vtr	-0.00018399236
632	mater	-0.00018406614
632	ilz	-0.00018417001
632	methamphetamin	-0.00018418262
632	0725	-0.00018419792
632	vremya	-0.00018427079
632	subservi	-0.00018431483
632	sandjak	-0.00018437319
632	ugljanin	-0.00018437322
632	kara	-0.00018449346
632	nezavisimaya	-0.00018454297
632	chemist	-0.00018454307
632	manipur	-0.00018458237
632	newsweek	-0.00018461901
632	sstc	-0.00018466321
632	speedi	-0.00018469414
632	bandwagon	-0.00018474452
632	revis	-0.00018477338
632	champ	-0.00018484397
632	hann	-0.00018485569
632	hive	-0.00018490832
632	mayu	-0.00018492446
632	hess	-0.00018502116
632	cheil	-0.00018505871
632	karimov	-0.00018506653
632	pesticid	-0.00018522619
632	cherepovet	-0.00018524463
632	truc	-0.00018529351
632	caulk	-0.00018532974
632	vat	-0.0001853453
632	liven	-0.0001853693
632	basketbal	-0.00018538533
632	qiao	-0.00018540092
632	sleev	-0.00018540196
632	tb	-0.00018547558
632	bitten	-0.00018550894
632	2868	-0.00018552116
632	cinderella	-0.00018553782
632	paralyz	-0.00018556052
632	thac	-0.00018558062
632	merl	-0.00018566495
632	thap	-0.00018567508
632	yokado	-0.00018572054
632	hockei	-0.00018581099
632	tae	-0.00018585668
632	commerzbank	-0.00018601067
632	remiss	-0.00018604047
632	mitzel	-0.00018605501
632	hocquyen	-0.00018605501
632	6601	-0.00018608749
632	arusha	-0.00018609622
632	polonia	-0.00018625481
632	abstract	-0.00018629301
632	kdb	-0.00018631923
632	hale	-0.00018638797
632	slovenska	-0.00018642358
632	snobbish	-0.00018651516
632	camberlei	-0.00018651718
632	amazonia	-0.00018653325
632	thoughtless	-0.0001865334
632	deviou	-0.00018657092
632	omnibu	-0.00018666103
632	calderon	-0.00018670816
632	creed	-0.00018671379
632	kc18	-0.00018673371
632	lazaroni	-0.00018674758
632	penchant	-0.0001867781
632	swag	-0.00018679416
632	palaeontolog	-0.00018683521
632	wuy	-0.00018688005
632	ayunpa	-0.00018688005
632	daechong	-0.00018688005
632	seaj	-0.00018688006
632	verona	-0.0001869331
632	hr	-0.0001869658
632	okura	-0.00018699141
632	dreas037	-0.00018701832
632	th	-0.00018703142
632	unscrambl	-0.00018706634
632	slog	-0.00018707379
632	5611	-0.00018709833
632	massachusett	-0.00018715778
632	4634	-0.00018720931
632	caviar	-0.00018721978
632	florenc	-0.00018724654
632	apropo	-0.00018730533
632	comethazin	-0.00018733545
632	chinakaeo	-0.00018733545
632	kawthoung	-0.00018733545
632	metu	-0.00018733545
632	byetky	-0.00018733545
632	banbar	-0.00018733546
632	zinthaw	-0.00018733546
632	htiphaung	-0.00018733546
632	yusnan	-0.00018733546
632	myintkyina	-0.00018733546
632	promthep	-0.00018733546
632	shwehintha	-0.00018733546
632	pothol	-0.00018738331
632	patten	-0.00018739075
632	telekomunikaci	-0.00018739798
632	fluenci	-0.00018749452
632	coaster	-0.00018749935
632	westphalian	-0.00018752404
632	greenback	-0.00018753464
632	animos	-0.00018756527
632	disunifi	-0.00018759529
632	jpcar002	-0.00018763542
632	akihito	-0.00018767446
632	blue	-0.00018771655
632	atr	-0.00018777925
632	zaslavskaya	-0.00018786575
632	tanzanian	-0.00018786914
632	customhous	-0.0001879448
632	policemen	-0.00018795421
632	storefront	-0.00018795618
632	gordian	-0.00018796622
632	waigaoqiao	-0.00018800847
632	gender	-0.0001880694
632	debilit	-0.00018816146
632	spit	-0.00018822131
632	hsiamen	-0.00018826067
632	rodnei	-0.00018826932
632	farc	-0.0001882745
632	bat	-0.00018835867
632	77th	-0.00018845551
632	486	-0.00018846334
632	candi	-0.00018847112
632	tokio	-0.00018849222
632	seismomet	-0.00018859144
632	jutaku	-0.00018859144
632	p7929	-0.00018866813
632	skyrocket	-0.00018870551
632	jpusr047	-0.0001888786
632	caravel	-0.00018894234
632	playboi	-0.00018899019
632	cienega	-0.00018905725
632	pst	-0.00018913837
632	petroasia	-0.00018914767
632	reword	-0.00018917046
632	uncanni	-0.00018920015
632	cankao	-0.00018923196
632	denko	-0.00018923389
632	sheu	-0.0001892631
632	audiophil	-0.00018927429
632	rebuf	-0.0001894086
632	consort	-0.0001894131
632	arai	-0.00018941831
632	velasquez	-0.000189445
632	2071	-0.00018946343
632	outflank	-0.00018950374
632	bhutto	-0.00018954027
632	envelop	-0.00018956959
632	nocturn	-0.0001896088
632	polevanov	-0.00018961991
632	coho	-0.00018964223
632	salaam	-0.00018965256
632	zelenyi	-0.0001896527
632	011	-0.00018969557
632	inconspicu	-0.0001897357
632	trinh	-0.00018975639
632	pedro	-0.00018976856
632	mhw	-0.00018986348
632	buddi	-0.00018991584
632	celtic	-0.00018999803
632	gunni	-0.0001900131
632	nih0n	-0.00019002902
632	shoren	-0.00019005088
632	bina	-0.0001900515
632	carpendal	-0.00019006734
632	ermitag	-0.00019007744
632	muffl	-0.00019009183
632	lawfulli	-0.00019021324
632	burmah	-0.0001902165
632	alounkeo	-0.00019027949
632	kokusaku	-0.00019035241
632	czeslaw	-0.00019037434
632	semenov	-0.00019037767
632	sleepless	-0.00019046053
632	billi	-0.00019046983
632	convoi	-0.00019048365
632	undiminish	-0.00019048907
632	kazuyoshi	-0.00019056209
632	nairobi	-0.00019068638
632	debri	-0.00019076337
632	rodax	-0.00019076827
632	myto	-0.00019077396
632	paiton	-0.00019079604
632	flanagan	-0.00019083181
632	lambsdorff	-0.00019084213
632	ala	-0.00019085896
632	wharf	-0.00019087843
632	jpcst008	-0.00019115697
632	005l	-0.00019123334
632	eight	-0.00019129156
632	398	-0.00019132992
632	forebod	-0.00019134348
632	kang	-0.00019138571
632	1315	-0.0001914118
632	fad	-0.0001914277
632	zhongnan	-0.00019143792
632	matsu	-0.00019151694
632	dismai	-0.00019155019
632	lain	-0.00019158084
632	0245	-0.00019163809
632	smatter	-0.00019164103
632	multichannel	-0.00019165754
632	jpten012	-0.00019175069
632	nonpartisan	-0.0001917697
632	hygien	-0.0001918072
632	counselor	-0.00019186523
632	che	-0.00019193481
632	anecdot	-0.0001919972
632	bugger	-0.00019202118
632	jujo	-0.00019204221
632	probe	-0.00019204426
632	looser	-0.00019210765
632	hirohito	-0.00019211807
632	0060	-0.00019213199
632	007	-0.00019213314
632	implant	-0.0001921497
632	transmitt	-0.0001922123
632	govind	-0.00019224879
632	gilbert	-0.00019233908
632	speck	-0.00019234017
632	yangzi	-0.00019239969
632	conduc	-0.00019243105
632	shipload	-0.00019244806
632	dishonor	-0.00019245774
632	facto	-0.0001925451
632	kasper	-0.00019256376
632	chinoi	-0.00019257807
632	nilli	-0.00019262043
632	kyoei	-0.00019262655
632	overexpans	-0.00019265724
632	tenggara	-0.00019267185
632	hem	-0.000192718
632	disulfid	-0.00019274777
632	commot	-0.00019277545
632	metropolis	-0.0001928469
632	attitut	-0.00019288885
632	chagrin	-0.00019289627
632	brandnam	-0.00019291867
632	citizenri	-0.00019293958
632	ratifi	-0.00019294691
632	bolt	-0.00019298797
632	lifeblood	-0.00019306083
632	nonnorm	-0.00019316694
632	kc35	-0.00019321973
632	juliu	-0.00019322662
632	postgradu	-0.00019324497
632	rehears	-0.00019325285
632	azambuja	-0.00019332979
632	lethal	-0.00019333477
632	unreliev	-0.00019336822
632	dili	-0.00019338082
632	rolex	-0.00019338101
632	shawn	-0.00019346857
632	jpcar021	-0.00019348098
632	627	-0.00019348659
632	jibril	-0.00019349217
632	6772	-0.0001934952
632	eurodollar	-0.00019359562
632	mcleod	-0.00019363561
632	denuclear	-0.0001936494
632	glenn	-0.0001936577
632	p5411	-0.00019366553
632	altai	-0.0001937273
632	0639	-0.0001938402
632	jptep005	-0.00019396174
632	nors	-0.00019401114
632	mumford	-0.00019401114
632	murrelet	-0.00019401114
632	renter	-0.00019406764
632	signatur	-0.00019407774
632	koptev	-0.0001940865
632	fatf	-0.00019413716
632	obchodni	-0.00019414593
632	jpest002	-0.00019416392
632	antisubsidi	-0.00019416546
632	701st	-0.00019417994
632	d2	-0.00019425555
632	ufa	-0.0001942888
632	odour	-0.0001943484
632	shigeru	-0.0001943511
632	ruinou	-0.00019435574
632	kurd	-0.00019438879
632	dissimilar	-0.00019439872
632	tok	-0.00019442018
632	headlight	-0.00019446468
632	centerpiec	-0.00019448643
632	zdenek	-0.00019449255
632	sawada	-0.00019450729
632	nonlif	-0.00019467446
632	refere	-0.00019472647
632	dreas038	-0.00019478887
632	rapproch	-0.00019479761
632	carol	-0.00019479914
632	ju	-0.00019485719
632	hankyu	-0.00019489722
632	multifari	-0.00019489854
632	ceskoslovenska	-0.00019495675
632	bv	-0.00019501541
632	olaf	-0.00019507433
632	castor	-0.00019507912
632	parslei	-0.00019510137
632	dick	-0.0001951271
632	dreas049	-0.00019516084
632	unshackl	-0.00019516921
632	3256	-0.00019517829
632	peddler	-0.00019525805
632	bundestag	-0.00019530042
632	1177	-0.00019534175
632	quarterfin	-0.00019538708
632	sect	-0.00019541546
632	morphin	-0.00019542135
632	i	-0.00019550213
632	martino	-0.00019552323
632	distract	-0.00019552754
632	594	-0.000195581
632	tsushima	-0.00019574341
632	bro	-0.00019581628
632	downright	-0.00019585574
632	nadia	-0.00019594716
632	ost	-0.00019594716
632	hamish	-0.0001959739
632	zemlya	-0.00019601254
632	kc250	-0.00019607498
632	haessler	-0.00019615135
632	hase	-0.00019618303
632	soca	-0.00019618303
632	calligraph	-0.000196189
632	pur	-0.00019619774
632	moung	-0.0001962115
632	8444	-0.0001962115
632	bulacan	-0.0001962115
632	byucksan	-0.00019626717
632	leopard	-0.00019634044
632	theun	-0.00019636832
632	nanhai	-0.00019639778
632	0202	-0.00019650068
632	nemesi	-0.00019650704
632	yulin	-0.0001965094
632	sandhurst	-0.00019654311
632	inmat	-0.00019659719
632	kaluga	-0.00019661068
632	boomerang	-0.00019676963
632	sneeringli	-0.0001968948
632	inflam	-0.00019689757
632	cagliari	-0.0001969219
632	proscript	-0.00019692416
632	teahous	-0.00019692993
632	carla	-0.00019694905
632	jial	-0.00019711896
632	kusano	-0.00019712337
632	dame	-0.0001971574
632	thermonuclear	-0.00019726183
632	outsel	-0.00019727678
632	aristid	-0.00019727704
632	bildt	-0.00019728877
632	colloqui	-0.0001972956
632	bfr3	-0.00019730483
632	passat	-0.00019737014
632	yia	-0.00019738518
632	unix	-0.0001974074
632	atkin	-0.00019745964
632	danubiu	-0.00019749034
632	swei	-0.00019774753
632	roskomzem	-0.00019780283
632	masahiro	-0.00019781852
632	hewn	-0.00019783339
632	inerti	-0.00019784378
632	rex	-0.00019786118
632	obstetrician	-0.00019788042
632	mom	-0.00019791849
632	freewai	-0.00019809973
632	lindegrav	-0.00019818984
632	motori	-0.0001982255
632	drlat104	-0.00019827977
632	fusillad	-0.0001983028
632	aurora	-0.00019838284
632	videotext	-0.0001984088
632	5478	-0.00019856072
632	saratov	-0.00019856376
632	ruth	-0.00019857743
632	rehabilit	-0.00019866314
632	jarvi	-0.00019874434
632	esteph	-0.00019879919
632	discredit	-0.0001988101
632	fukuyama	-0.00019886215
632	chun	-0.00019886722
632	sy	-0.00019888855
632	apportion	-0.00019893447
632	mart	-0.00019895025
632	communautair	-0.0001989574
632	ssi	-0.0001990457
632	tinh	-0.00019908421
632	dongyang	-0.00019912115
632	yemen	-0.00019913203
632	rabbuh	-0.00019916795
632	inattent	-0.00019931393
632	brutalis	-0.00019939062
632	safest	-0.00019940214
632	terribl	-0.00019944146
632	drweu045	-0.00019944683
632	gunfir	-0.00019945377
632	kc600	-0.00019950474
632	sonni	-0.00019952032
632	mmf	-0.00019952544
632	ayn	-0.00019952616
632	densest	-0.00019958497
632	ayman	-0.0001996071
632	arpa	-0.00019963556
632	assuag	-0.000199644
632	helsingin	-0.00019966117
632	turf	-0.00019968397
632	reus	-0.00019973207
632	mist	-0.00019977798
632	edp	-0.00019979553
632	gabel	-0.00019982764
632	cote	-0.00019984395
632	krasnov	-0.00019986564
632	748	-0.00020010944
632	geomechan	-0.00020011133
632	siguang	-0.00020011133
632	eric	-0.00020014733
632	voigt	-0.00020016007
632	ial	-0.0002002105
632	glade	-0.00020023862
632	airstrik	-0.00020024244
632	tudjman	-0.00020024876
632	bizarr	-0.00020029496
632	a7	-0.00020033929
632	281	-0.00020035566
632	kravchuk	-0.00020044502
632	grz	-0.0002004717
632	tbqt	-0.00020047223
632	rotten	-0.00020052036
632	fta	-0.00020054555
632	549	-0.00020059195
632	undiversifi	-0.00020061205
632	purportedli	-0.0002006232
632	convinc	-0.00020069821
632	bla	-0.00020081684
632	acqui	-0.00020083576
632	penghu	-0.00020086723
632	larnaca	-0.00020089046
632	decas	-0.0002009254
632	leepai	-0.0002009254
632	3763	-0.00020092602
632	battlefront	-0.00020092652
632	damanskii	-0.00020098027
632	mannesmann	-0.00020106205
632	sockey	-0.00020106272
632	depos	-0.00020109568
632	doubtlessli	-0.00020114734
632	limitlessli	-0.00020115492
632	unhind	-0.0002012533
632	teufel	-0.00020126873
632	onlin	-0.00020129871
632	siat	-0.00020136585
632	nri	-0.0002013739
632	frantisek	-0.00020139328
632	decompos	-0.00020141872
632	evenhand	-0.0002014874
632	huax	-0.00020148949
632	crepe	-0.00020150405
632	antibiot	-0.00020153691
632	unglien	-0.00020163807
632	shawcross	-0.00020167195
632	crispli	-0.00020176684
632	sokolov	-0.00020177104
632	yudha	-0.0002017868
632	fujimoto	-0.00020185787
632	dreas056	-0.00020187839
632	zhiqe	-0.00020189708
632	bossi	-0.00020198185
632	richardson	-0.00020198763
632	wicker	-0.00020201973
632	tagil	-0.00020205505
632	kindl	-0.00020214303
632	errand	-0.00020219706
632	sacr	-0.00020221822
632	masterplan	-0.00020228536
632	rink	-0.00020230403
632	gratif	-0.00020234009
632	sif	-0.00020234508
632	saniti	-0.00020236817
632	vcm	-0.00020237757
632	heali	-0.00020242437
632	ningd	-0.00020246221
632	walther	-0.00020254965
632	giken	-0.00020257072
632	ben	-0.00020259284
632	seiyu	-0.00020260796
632	sada	-0.00020261598
632	adrift	-0.00020265311
632	mph	-0.00020277566
632	geiger	-0.00020280738
632	veneta	-0.00020284746
632	loung	-0.00020288293
632	plunk	-0.00020288551
632	beria	-0.0002029497
632	agreement	-0.00020295924
632	zoom	-0.00020299875
632	toatsu	-0.00020300751
632	kolon	-0.00020318323
632	0400	-0.00020318944
632	981	-0.00020320372
632	franz	-0.00020321993
632	danilo	-0.0002034329
632	microdevic	-0.00020343362
632	croft	-0.00020356078
632	5379	-0.00020358588
632	7467	-0.00020358588
632	conjectur	-0.0002037164
632	whitefish	-0.00020371821
632	jaffna	-0.00020373723
632	pinza	-0.00020375273
632	3225	-0.00020381279
632	3237	-0.0002038343
632	meddlesom	-0.00020386616
632	ftc	-0.00020387102
632	tule	-0.00020402386
632	yearbook	-0.00020408718
632	intricaci	-0.00020409265
632	haddam	-0.00020409536
632	eritrean	-0.00020414541
632	romanian	-0.00020414639
632	doubtless	-0.00020423073
632	pilgrim	-0.00020428696
632	longyan	-0.00020433402
632	balcor	-0.00020436752
632	backped	-0.00020437625
632	chiba	-0.00020443847
632	amok	-0.0002045219
632	zhengp	-0.00020452794
632	kamensk	-0.0002045372
632	brainchild	-0.00020459549
632	cowboi	-0.00020468376
632	dect	-0.00020468893
632	wors	-0.00020496617
632	firsthand	-0.00020497163
632	prerov	-0.0002050023
632	pup	-0.00020503656
632	rudderless	-0.00020505745
632	aria	-0.0002050605
632	toler	-0.00020515853
632	shipboard	-0.00020517726
632	deadli	-0.00020518522
632	vitiat	-0.00020519776
632	mohelnic	-0.00020523144
632	draught	-0.00020527464
632	gyrat	-0.00020529014
632	shilo	-0.00020538064
632	biker	-0.00020543838
632	1795	-0.00020548457
632	loudspeak	-0.00020550408
632	546	-0.00020551738
632	formalis	-0.00020552718
632	cull	-0.00020560573
632	chander	-0.00020562179
632	daishowa	-0.00020562299
632	lemon	-0.0002056469
632	nd	-0.0002057173
632	tac	-0.0002057417
632	kyonggi	-0.00020577502
632	ceitic	-0.00020582757
632	yongjong	-0.00020582757
632	eabc	-0.00020582757
632	md3	-0.00020582757
632	kcab	-0.00020582757
632	tinga	-0.00020582757
632	kordi	-0.00020582757
632	bewail	-0.00020589758
632	notr	-0.00020590097
632	haid	-0.0002059295
632	481	-0.00020593384
632	4428	-0.00020595001
632	finanziaria	-0.00020595816
632	shozo	-0.00020596499
632	zhi	-0.00020610605
632	praga	-0.00020620512
632	gynecologist	-0.00020621452
632	ferruzzi	-0.00020621723
632	ganja	-0.00020622382
632	ur	-0.00020623808
632	rovin	-0.0002062767
632	counterstrik	-0.00020629205
632	santand	-0.00020639057
632	donna	-0.00020641657
632	schoolhous	-0.00020644524
632	umberto	-0.00020644859
632	0815	-0.0002064545
632	novoy	-0.0002064851
632	marut	-0.00020656745
632	dioces	-0.00020658023
632	malathion	-0.00020669059
632	bioceram	-0.00020674439
632	largess	-0.0002068179
632	omar	-0.00020690094
632	blond	-0.00020694608
632	couplet	-0.00020695724
632	dyann	-0.00020696461
632	retrogress	-0.00020698803
632	pardon	-0.00020704063
632	transcendent	-0.00020704872
632	napocor	-0.00020706415
632	saxoni	-0.00020709321
632	outfitt	-0.00020709806
632	sdl	-0.00020716473
632	1010	-0.0002071823
632	suzhou	-0.00020720133
632	ki	-0.00020723978
632	citibank	-0.00020724688
632	marker	-0.00020730596
632	brender	-0.00020731677
632	bbc	-0.00020733422
632	descent	-0.00020755109
632	maneuver	-0.0002075648
632	shibao	-0.00020757651
632	superstructur	-0.0002076753
632	documentari	-0.00020774906
632	cenju	-0.00020794684
632	locanda	-0.00020795102
632	indig	-0.00020798511
632	creami	-0.0002080107
632	takaoka	-0.00020803598
632	telex	-0.00020807546
632	anex	-0.00020808706
632	smorgasbord	-0.00020809699
632	0724	-0.00020812052
632	753	-0.00020827727
632	grantor	-0.00020831935
632	improperli	-0.00020834267
632	roustabout	-0.00020836161
632	nicosia	-0.0002083955
632	edific	-0.00020839699
632	lame	-0.00020840687
632	dennik	-0.00020846812
632	0524	-0.0002084978
632	bunnak	-0.00020853113
632	homemad	-0.00020865067
632	drchi068	-0.0002086706
632	demobil	-0.00020870489
632	plod	-0.0002087113
632	ness	-0.00020879545
632	dutchmen	-0.0002088191
632	624	-0.00020885262
632	buddhism	-0.00020895794
632	cropland	-0.00020899193
632	borisov	-0.00020904315
632	lese	-0.00020913855
632	ashraf	-0.00020915865
632	chogm	-0.00020922562
632	66bn	-0.00020924688
632	giron	-0.0002093141
632	futaba	-0.00020936097
632	bfr	-0.00020939828
632	subrt	-0.0002094378
632	96th	-0.00020944621
632	giardino	-0.00020946455
632	konsolidacni	-0.00020946855
632	m1a	-0.0002094844
632	repriev	-0.00020960924
632	chawalit	-0.00020967385
632	monarchi	-0.00020972651
632	penguin	-0.00020974476
632	lighten	-0.0002097544
632	trudg	-0.00020976523
632	accruement	-0.0002098223
632	charit	-0.00020991638
632	akiko	-0.00020997129
632	mindan	-0.00020999563
632	imprud	-0.00021001906
632	iti	-0.00021003444
632	bandar	-0.00021005809
632	2837	-0.00021012899
632	ktsf	-0.00021014734
632	serial	-0.00021016177
632	vibrio	-0.0002102194
632	fir	-0.00021025029
632	purg	-0.00021033637
632	suicid	-0.00021037275
632	virginia	-0.00021038446
632	btr	-0.00021047193
632	scallop	-0.00021059038
632	meiko	-0.00021068529
632	acer	-0.00021079864
632	6774	-0.00021086192
632	malev	-0.00021099455
632	diffid	-0.00021106085
632	zhonghua	-0.00021106598
632	hant	-0.00021112048
632	mock	-0.0002111324
632	longshoreman	-0.00021120837
632	nup	-0.00021122512
632	signboard	-0.00021124026
632	ivi	-0.00021128192
632	rwe	-0.00021130219
632	shee	-0.00021133538
632	fujiang	-0.0002114314
632	kidnapp	-0.00021144318
632	postsocialist	-0.0002114791
632	keiretsu	-0.00021152098
632	tosovski	-0.00021155248
632	frontag	-0.00021156299
632	flimsi	-0.00021157892
632	cbaf	-0.00021163559
632	chikuma	-0.00021163559
632	grosvenor	-0.00021164994
632	sweenei	-0.00021165781
632	alam	-0.00021171165
632	suffoc	-0.00021171916
632	tr	-0.00021177634
632	scoop	-0.00021183075
632	nat	-0.00021184512
632	hearted	-0.00021186852
632	patina	-0.00021190883
632	unhamp	-0.00021192835
632	lincoln	-0.0002119573
632	banesto	-0.00021198468
632	untroubl	-0.00021202523
632	nha	-0.000212049
632	6753	-0.00021205014
632	cereal	-0.00021206014
632	egap	-0.00021212292
632	underr	-0.00021213548
632	ingersol	-0.00021216493
632	bite	-0.0002121771
632	scapegoat	-0.00021230309
632	teamwork	-0.00021231621
632	lau	-0.00021232199
632	kyongin	-0.00021241249
632	samik	-0.00021241252
632	melros	-0.00021250347
632	sexist	-0.00021268161
632	wardwel	-0.00021270908
632	gongqingcheng	-0.0002127416
632	drone	-0.00021280407
632	officialdom	-0.00021281069
632	overextend	-0.00021300778
632	overs	-0.0002130415
632	illumin	-0.00021308969
632	nake	-0.00021310252
632	reexport	-0.00021319976
632	acd	-0.00021326843
632	subjectiv	-0.00021328554
632	pennel	-0.00021330958
632	citifi	-0.00021330958
632	greed	-0.00021336472
632	carjack	-0.00021338592
632	drchi072	-0.00021351206
632	dread	-0.00021358379
632	kuzbass	-0.00021358664
632	mariko	-0.0002135925
632	7022	-0.00021366948
632	newport	-0.0002136849
632	aungthaby	-0.00021377907
632	zhanjiang	-0.00021378395
632	irreplac	-0.00021380115
632	mate	-0.00021382321
632	0215	-0.00021383849
632	constantin	-0.00021386099
632	formaldehyd	-0.00021391266
632	naturalist	-0.0002139168
632	penuri	-0.00021395706
632	uziel	-0.00021399457
632	clavecilla	-0.00021399457
632	meg	-0.00021404111
632	6311	-0.00021408682
632	mispercept	-0.0002141037
632	tassa	-0.00021411301
632	daiei	-0.0002142003
632	kabir	-0.00021427982
632	punit	-0.00021433641
632	1305	-0.00021435237
632	gaa	-0.00021439642
632	barest	-0.00021444999
632	hongyuan	-0.00021455572
632	palestin	-0.00021457972
632	gautam	-0.00021458286
632	obligingli	-0.00021470503
632	polem	-0.00021486465
632	saigo	-0.00021488985
632	takamori	-0.00021488985
632	defac	-0.00021504464
632	nord	-0.00021512019
632	cokoladovni	-0.00021514238
632	houston	-0.00021515592
632	ac	-0.00021517235
632	loggerhead	-0.00021518853
632	374	-0.00021521671
632	amd	-0.00021523851
632	tart	-0.00021533496
632	christendom	-0.0002154118
632	gawith	-0.00021541436
632	frontispiec	-0.00021548371
632	lebensraum	-0.00021548373
632	spago	-0.00021555803
632	mous	-0.0002155876
632	tajik	-0.00021562833
632	superflu	-0.00021575554
632	4783	-0.00021582273
632	ethiopian	-0.00021589409
632	yongchaiyut	-0.00021592448
632	wayan	-0.0002160611
632	elektro	-0.00021607382
632	cetra	-0.00021609645
632	heath	-0.00021610507
632	cortez	-0.00021612087
632	fergusson	-0.00021616406
632	atgm	-0.00021629318
632	imparti	-0.00021635552
632	samyang	-0.00021642295
632	shijiazhuang	-0.00021648238
632	exhort	-0.00021666802
632	wolsong	-0.00021669293
632	frederick	-0.00021669592
632	longtou	-0.00021681606
632	717	-0.00021683137
632	teik	-0.00021686041
632	prg	-0.00021694433
632	ahhh	-0.00021694985
632	nonpolit	-0.00021700092
632	dongfeng	-0.00021709023
632	ogi	-0.00021709166
632	predetermin	-0.00021712611
632	taw	-0.00021716469
632	spp	-0.00021717962
632	submers	-0.0002171879
632	nyo	-0.00021726663
632	pss	-0.00021727581
632	iwat	-0.00021733671
632	demilitar	-0.00021740461
632	jeffrei	-0.00021741026
632	wall	-0.00021745799
632	dreas117	-0.00021752542
632	praha	-0.00021760086
632	1176	-0.00021761074
632	jinbei	-0.00021761967
632	rohingya	-0.00021770292
632	trattoria	-0.00021774639
632	malinvaud	-0.00021775634
632	amini	-0.00021784838
632	saotom	-0.00021794174
632	homeown	-0.00021795543
632	profici	-0.00021813752
632	becki	-0.00021816364
632	remotest	-0.00021819703
632	cruiser	-0.00021820067
632	accuraci	-0.00021822627
632	colonialist	-0.00021828258
632	karakoram	-0.00021830758
632	standar	-0.00021830873
632	huayi	-0.00021843912
632	decolon	-0.00021857429
632	330bn	-0.00021872685
632	iiss	-0.00021872687
632	hudec	-0.00021876526
632	luong	-0.00021878902
632	burger	-0.00021890365
632	lubber	-0.000218968
632	hoechst	-0.00021902203
632	vlasim	-0.00021902272
632	drlat046	-0.000219046
632	uncontest	-0.00021920727
632	4790	-0.00021920998
632	decri	-0.00021922094
632	basten	-0.00021924947
632	coronet	-0.00021927479
632	windstorm	-0.00021930195
632	chinnawat	-0.00021932882
632	sayf	-0.00021940176
632	yam	-0.00021942791
632	soeharto	-0.00021942994
632	elaps	-0.00021943853
632	clergi	-0.00021944098
632	0502	-0.00021948587
632	petti	-0.00021951918
632	kauk	-0.00021966174
632	taguig	-0.00021966174
632	kentaro	-0.00021970176
632	yakovlev	-0.00021975752
632	guillermo	-0.00021978217
632	kyaukpandu	-0.00021981147
632	dreas106	-0.0002198312
632	warta	-0.0002198423
632	5328	-0.00021984613
632	akira	-0.00021991503
632	wafer	-0.00021991531
632	nhon	-0.00021997922
632	swaziland	-0.00022001301
632	taxabl	-0.00022004895
632	spi	-0.00022013753
632	rimet	-0.00022015482
632	crux	-0.00022021218
632	viewer	-0.00022021346
632	redraw	-0.00022023682
632	herder	-0.00022024251
632	explicit	-0.00022024554
632	velki	-0.00022025369
632	herdsmen	-0.00022029056
632	obsolesc	-0.00022032311
632	gunz	-0.00022038903
632	recharg	-0.0002204061
632	adler	-0.00022041063
632	midsumm	-0.00022041769
632	compress	-0.00022046006
632	baiyun	-0.00022046546
632	spindl	-0.00022046966
632	blow	-0.00022050514
632	pigskin	-0.0002206061
632	tonl	-0.0002207176
632	plow	-0.00022076588
632	baseless	-0.00022079228
632	argun	-0.00022082032
632	strain	-0.00022082761
632	hardlin	-0.00022088406
632	cagayan	-0.0002209317
632	shofu	-0.00022095359
632	korga	-0.00022097102
632	fortif	-0.00022098383
632	clinic	-0.00022098793
632	abdomen	-0.00022108348
632	ivoir	-0.00022111983
632	picket	-0.00022114962
632	humor	-0.0002212223
632	arcu	-0.00022125058
632	drlat047	-0.00022126074
632	remors	-0.00022129437
632	shilton	-0.00022136718
632	thang	-0.00022147411
632	strap	-0.00022149879
632	southwesterli	-0.00022154357
632	ursula	-0.00022158935
632	vista	-0.00022159418
632	sric	-0.00022162397
632	ticker	-0.000221687
632	notifi	-0.00022170454
632	seiji	-0.00022172662
632	despis	-0.00022188395
632	isao	-0.00022189021
632	embezzl	-0.0002219037
632	danza	-0.00022193766
632	salvo	-0.00022203548
632	so	-0.00022203945
632	globetrot	-0.00022210607
632	boxer	-0.00022212694
632	viag	-0.00022219338
632	chide	-0.00022222103
632	hsia	-0.00022223302
632	sejm	-0.00022237189
632	gretchen	-0.00022252368
632	0304	-0.00022253137
632	brotherhood	-0.0002225785
632	embroil	-0.00022259228
632	cd0a4acyft	-0.0002226404
632	unspoil	-0.0002227264
632	1332	-0.00022276465
632	zil	-0.0002228001
632	scanner	-0.00022283604
632	1840	-0.00022285493
632	sumitro	-0.00022286896
632	bancorpor	-0.00022295862
632	rsch	-0.00022296455
632	zawahiri	-0.00022300336
632	marx	-0.00022303032
632	trincomale	-0.00022310189
632	jokingli	-0.00022312698
632	feudal	-0.00022313216
632	myer	-0.00022313377
632	nafin	-0.00022313517
632	3046	-0.00022324304
632	dpp	-0.00022326902
632	5509	-0.00022328006
632	409	-0.00022336382
632	cessat	-0.00022345656
632	766	-0.0002234569
632	vseobecna	-0.00022347519
632	uverova	-0.00022347519
632	chol	-0.00022354246
632	7456	-0.00022355086
632	immov	-0.00022355729
632	dolina	-0.00022359357
632	said	-0.00022361206
632	downplai	-0.00022365629
632	brandenburg	-0.00022366762
632	camif	-0.00022373832
632	lanskroun	-0.00022373832
632	kc22	-0.00022373833
632	0820	-0.0002238762
632	tustin	-0.00022392171
632	1047	-0.00022396311
632	hanbo	-0.0002240499
632	funer	-0.00022406528
632	anacort	-0.00022415684
632	rick	-0.00022416306
632	jinsha	-0.00022421015
632	euroyen	-0.00022423553
632	alfa	-0.00022426061
632	miyagi	-0.00022430565
632	returne	-0.00022434295
632	dornier	-0.00022436854
632	dreas120	-0.0002244033
632	564	-0.00022444621
632	kub	-0.00022449631
632	djibouti	-0.00022455225
632	rope	-0.00022459906
632	tarun	-0.00022461491
632	treng	-0.00022463969
632	photodegrad	-0.0002246816
632	stavropol	-0.00022473524
632	zuyao	-0.00022473767
632	jiaju	-0.00022473767
632	yuanchen	-0.0002247377
632	vintag	-0.00022474404
632	clumsi	-0.0002248193
632	turin	-0.00022482905
632	malfunct	-0.00022484067
632	unencumb	-0.00022487954
632	mhz	-0.00022491594
632	faraj	-0.00022493208
632	7806	-0.00022495435
632	vie	-0.00022495746
632	gabcikovo	-0.00022496063
632	amunai	-0.00022500992
632	fatigu	-0.00022509768
632	nude	-0.00022513236
632	0956	-0.00022515544
632	3810	-0.00022520762
632	bartolomeu	-0.00022522251
632	resuppli	-0.00022535233
632	drchi026	-0.00022537525
632	kneejerk	-0.00022549486
632	benign	-0.00022551068
632	pitifulli	-0.00022551662
632	sedlar	-0.00022560997
632	1254	-0.00022582882
632	brang	-0.00022586015
632	htan	-0.00022586015
632	underemploy	-0.00022587572
632	metaphor	-0.00022592301
632	pedagog	-0.00022601214
632	widescreen	-0.00022601847
632	willow	-0.00022604362
632	saction	-0.00022618446
632	ekonomi	-0.00022619263
632	trilater	-0.00022629225
632	levin	-0.00022630062
632	maskirovka	-0.0002263174
632	439	-0.0002263358
632	bike	-0.00022633582
632	thy	-0.0002263464
632	861	-0.00022634909
632	charlen	-0.00022637255
632	microeconomi	-0.00022644078
632	dobi	-0.00022650188
632	shukai	-0.00022652835
632	bistro	-0.00022657262
632	sulfat	-0.00022670846
632	harlan	-0.00022671347
632	htar	-0.00022674724
632	conniv	-0.00022681715
632	dihkj	-0.000226829
632	karbovanet	-0.0002268405
632	ky	-0.00022686213
632	craze	-0.0002269365
632	nonprofit	-0.00022696645
632	iga	-0.000226992
632	berkut	-0.00022704765
632	jgc	-0.00022709245
632	autocrat	-0.00022716999
632	frcd	-0.00022720154
632	multiangular	-0.00022720636
632	jpcar024	-0.0002272511
632	mikuni	-0.00022728732
632	invok	-0.00022729293
632	antelop	-0.00022731494
632	clara	-0.0002274218
632	hrabovski	-0.00022757314
632	honam	-0.00022775099
632	tuner	-0.00022776228
632	vestment	-0.00022780526
632	yamaguchi	-0.00022781118
632	eez	-0.00022786985
632	kanto	-0.00022787605
632	bedeck	-0.00022792225
632	hispan	-0.00022792388
632	alpha	-0.00022797387
632	flaw	-0.00022799478
632	srinigar	-0.00022807045
632	herman	-0.00022826418
632	ust	-0.0002282995
632	zavodi	-0.00022844262
632	epoch	-0.00022850308
632	sow	-0.00022850768
632	1627	-0.0002285199
632	5364	-0.00022855091
632	kaba	-0.00022860907
632	uighur	-0.000228614
632	honesti	-0.00022861722
632	supran	-0.00022871835
632	postovni	-0.00022873316
632	newscast	-0.0002287706
632	bioscienc	-0.00022882945
632	hansol	-0.00022889161
632	somedai	-0.00022895241
632	griesheim	-0.00022896002
632	waldemar	-0.00022898758
632	nondescript	-0.00022906138
632	frontlin	-0.0002290875
632	haggerti	-0.00022913623
632	vadim	-0.0002291531
632	62x39	-0.00022920058
632	habra	-0.00022921393
632	0742	-0.0002292489
632	ribozym	-0.00022926163
632	zhenshi	-0.00022930179
632	majia	-0.00022930179
632	fuyao	-0.00022930179
632	zhongch	-0.00022930182
632	testament	-0.00022932148
632	everald	-0.0002293274
632	maharnj	-0.0002293274
632	insubstanti	-0.00022937742
632	rhine	-0.0002294096
632	pep	-0.00022943017
632	1358	-0.0002295507
632	yingqiu	-0.00022957628
632	dongqi	-0.0002295763
632	eggplant	-0.00022960496
632	theatric	-0.00022969907
632	442	-0.00022973519
632	magnitogorsk	-0.0002297474
632	galitskii	-0.00022985454
632	krti	-0.0002298899
632	slavia	-0.0002298899
632	cheb	-0.0002298899
632	3166	-0.00022989474
632	tortur	-0.00022994712
632	landmass	-0.00022999183
632	rescind	-0.00023002492
632	kamenicki	-0.00023005175
632	hronek	-0.00023005175
632	478	-0.00023008803
632	filmless	-0.00023015946
632	kiyohid	-0.00023015946
632	kamioshi	-0.00023015946
632	rhone	-0.00023019116
632	0910	-0.00023019534
632	audit	-0.00023022365
632	wield	-0.00023027883
632	shaki	-0.00023028394
632	shimon	-0.00023030369
632	mammoth	-0.00023031571
632	therapeut	-0.00023034982
632	strider	-0.0002303645
632	moral	-0.00023043487
632	qingtongxia	-0.00023054116
632	inviol	-0.00023055055
632	champagn	-0.00023056043
632	mochovc	-0.00023056811
632	wartenberg	-0.00023062644
632	magistr	-0.00023066356
632	cosmonaut	-0.0002307479
632	stepp	-0.00023080576
632	anmot	-0.00023083953
632	iao	-0.00023089266
632	chemopetrol	-0.0002309017
632	xichang	-0.00023092424
632	yoshio	-0.00023099249
632	koontz	-0.00023099728
632	anticlass	-0.00023100867
632	sosuk	-0.0002310552
632	dioxin	-0.00023116056
632	nikita	-0.00023117161
632	protector	-0.00023119294
632	teakettl	-0.00023137905
632	enex	-0.00023143209
632	weilian	-0.00023144548
632	gigabit	-0.00023147128
632	awesom	-0.0002316529
632	papho	-0.0002318964
632	tangerin	-0.00023191866
632	biodivers	-0.00023192432
632	htz	-0.0002319545
632	mileag	-0.00023197537
632	okhotsk	-0.00023197537
632	eurocentr	-0.00023197643
632	volgograd	-0.00023202664
632	internationa	-0.00023209196
632	ridlei	-0.00023212153
632	mansurah	-0.00023212262
632	estrang	-0.00023216243
632	vial	-0.00023219698
632	aviaeksport	-0.00023229401
632	izhmash	-0.00023229401
632	cannon	-0.00023230325
632	taebong	-0.0002323067
632	anacom	-0.0002323067
632	jmea	-0.0002323067
632	hoodwink	-0.00023232683
632	vendetta	-0.00023242287
632	ludolf	-0.00023243189
632	bass	-0.0002324423
632	pindad	-0.00023245452
632	porsch	-0.00023246033
632	upi	-0.00023249314
632	barnei	-0.00023251069
632	preach	-0.00023255446
632	internet	-0.0002325574
632	ribbon	-0.00023260704
632	dyke	-0.00023262785
632	navarro	-0.0002326348
632	4441	-0.00023267686
632	aisyah	-0.00023274738
632	lufthansa	-0.00023278233
632	giovanni	-0.00023279502
632	bilardo	-0.00023282046
632	accredit	-0.00023282612
632	mutual	-0.00023283287
632	dictat	-0.00023286058
632	contracept	-0.00023288722
632	cpsu	-0.00023296101
632	sedlak	-0.00023299815
632	621	-0.00023300984
632	000th	-0.00023304966
632	yongin	-0.00023310154
632	outcast	-0.00023311231
632	el92	-0.00023314366
632	choun	-0.00023326717
632	lun	-0.00023328197
632	baggag	-0.0002332837
632	guangyuan	-0.0002333068
632	hampshir	-0.00023334826
632	conabl	-0.00023335208
632	kwangju	-0.00023335674
632	methyl	-0.00023338025
632	lash	-0.00023338696
632	6921	-0.00023339684
632	campanil	-0.00023355955
632	cagr	-0.00023374625
632	ruthlessli	-0.00023384992
632	proletarian	-0.00023385625
632	agonis	-0.00023388157
632	regroup	-0.00023392422
632	poulenc	-0.00023407847
632	duran	-0.00023409915
632	udin	-0.00023423649
632	booth	-0.00023427293
632	2246	-0.00023428972
632	ahmadi	-0.0002343141
632	pauperis	-0.00023438896
632	ivan	-0.00023442866
632	benzpyren	-0.00023444106
632	755	-0.00023451292
632	cristob	-0.00023451727
632	1031	-0.0002345554
632	enclav	-0.0002345581
632	emil	-0.00023466763
632	b5	-0.0002346875
632	dreas012	-0.00023475593
632	nobuya	-0.00023479815
632	zhalanoshkol	-0.00023493517
632	itali	-0.00023495122
632	demograph	-0.00023503724
632	fumig	-0.00023512323
632	cowbel	-0.0002351413
632	vacil	-0.00023523737
632	mongwi	-0.00023527043
632	chicava	-0.00023527043
632	nammang	-0.00023527043
632	taun	-0.00023527043
632	monglin	-0.00023527043
632	fencodein	-0.00023527043
632	kapangan	-0.00023527043
632	wantan	-0.00023527043
632	teradyl	-0.00023527043
632	shaungmo	-0.00023527043
632	lwe	-0.00023527043
632	sugpon	-0.00023527043
632	hohin	-0.00023527043
632	hsar	-0.00023527043
632	p9431	-0.00023528823
632	timid	-0.00023532774
632	darker	-0.0002354253
632	jptnd002	-0.00023547612
632	kc30	-0.00023547772
632	parna	-0.00023547772
632	agrana	-0.00023547772
632	reconcil	-0.00023547909
632	jihad	-0.00023549753
632	totalitarian	-0.00023550556
632	superb	-0.00023556243
632	seren	-0.00023558465
632	biodegrad	-0.00023561806
632	phokphan	-0.00023563637
632	gennadii	-0.0002356696
632	hondura	-0.00023569337
632	gke	-0.00023572659
632	wim	-0.00023574305
632	batticaloa	-0.00023580031
632	zurich	-0.00023582662
632	kc11	-0.00023584256
632	debrief	-0.00023598794
632	error	-0.00023600011
632	cypriot	-0.00023601779
632	guoqi	-0.00023605446
632	xiaoxuan	-0.00023605446
632	reloj	-0.00023606175
632	svobodnyi	-0.00023607704
632	pardubic	-0.00023611027
632	0813	-0.00023615178
632	sixti	-0.00023615948
632	immers	-0.00023618678
632	cocktail	-0.00023623244
632	linen	-0.00023628815
632	slender	-0.00023631226
632	shiko	-0.00023635858
632	realign	-0.00023638083
632	confluenc	-0.0002363818
632	militiamen	-0.0002364785
632	mangag	-0.00023656373
632	turistica	-0.00023656373
632	bor	-0.00023656794
632	drchi066	-0.00023665211
632	unifunct	-0.00023667279
632	bundesrat	-0.00023669032
632	1145	-0.00023670873
632	jusco	-0.00023675032
632	hadi	-0.00023681352
632	kikai	-0.00023701235
632	345	-0.00023704224
632	greenspr	-0.00023707381
632	dutybound	-0.00023713725
632	ferret	-0.00023717695
632	weal	-0.00023720572
632	unduli	-0.00023727966
632	drchi118	-0.00023731578
632	golboddin	-0.00023731841
632	p7948	-0.00023733905
632	jeff	-0.00023737531
632	shepherd	-0.00023738953
632	tot	-0.00023739092
632	1440	-0.00023750147
632	arcan	-0.00023750881
632	kemerovo	-0.00023763628
632	dpc	-0.00023766902
632	peshawar	-0.00023767969
632	inscrib	-0.00023789349
632	choi	-0.00023791064
632	0830	-0.00023792547
632	unsung	-0.00023795308
632	sinopec	-0.00023799381
632	drama	-0.0002380414
632	uljin	-0.00023804832
632	terephthal	-0.00023809414
632	0040	-0.00023813517
632	franklin	-0.00023814356
632	centigrad	-0.00023817405
632	6389	-0.0002381826
632	scrupul	-0.00023818403
632	0230	-0.00023818898
632	leed	-0.00023821607
632	sogo	-0.00023823245
632	rso	-0.00023823956
632	sef	-0.00023835334
632	carpent	-0.00023842305
632	efron	-0.00023844275
632	fuzzi	-0.00023848187
632	proxi	-0.00023860967
632	taisei	-0.00023862235
632	danida	-0.00023869844
632	bjp	-0.00023874582
632	dmitrii	-0.0002387595
632	guanji	-0.00023885549
632	hongkuan	-0.00023885549
632	dunan	-0.00023885549
632	panlong	-0.00023885549
632	yongdex	-0.00023885549
632	yuanzai	-0.0002388555
632	xiameng	-0.0002388555
632	shanmin	-0.0002388555
632	hardwork	-0.00023887365
632	l990	-0.00023889059
632	millionair	-0.00023889207
632	songnian	-0.00023890525
632	sosnovi	-0.000238916
632	benzina	-0.00023895736
632	huangcheng	-0.00023899811
632	lihang	-0.00023899811
632	workload	-0.00023901046
632	squirt	-0.00023903516
632	institution	-0.0002390436
632	lut	-0.0002390726
632	1670	-0.00023925203
632	briberi	-0.00023931001
632	rebuilt	-0.0002393419
632	grandchildren	-0.00023934428
632	ballot	-0.00023945945
632	wheelbarrow	-0.00023946005
632	wildavski	-0.0002395274
632	valeri	-0.00023958525
632	senov	-0.00023963669
632	kc57	-0.00023963669
632	wittock	-0.00023963669
632	bemoinvest	-0.00023963669
632	kvanto	-0.00023963669
632	px50	-0.00023963669
632	kc23	-0.00023963669
632	kc55	-0.00023963669
632	kc83	-0.00023963669
632	cmzrb	-0.00023963669
632	lucern	-0.0002397065
632	walli	-0.00023982911
632	spectrum	-0.0002398306
632	proviso	-0.00023986763
632	mitsotaki	-0.000239906
632	craftili	-0.0002399256
632	thug	-0.00023996574
632	nagel	-0.00024005066
632	neue	-0.00024010913
632	spaceworthi	-0.0002401334
632	baoan	-0.00024014461
632	r2	-0.00024026223
632	saban	-0.00024027369
632	yearn	-0.00024033824
632	skew	-0.0002403531
632	flap	-0.00024042111
632	fr40	-0.00024043221
632	90th	-0.00024044706
632	parametr	-0.00024061155
632	walt	-0.00024062862
632	reno	-0.00024062995
632	2429	-0.00024069566
632	cass	-0.00024069619
632	murata	-0.00024071187
632	033	-0.00024076011
632	0913	-0.00024101244
632	fourteen	-0.00024104242
632	infinit	-0.00024104446
632	swift	-0.00024105146
632	bourgeoi	-0.0002410703
632	seychel	-0.0002410897
632	talesai	-0.0002411158
632	anticrim	-0.00024112534
632	sculptur	-0.00024127158
632	bankshar	-0.0002413461
632	0839	-0.00024134894
632	ashor	-0.00024136389
632	mugab	-0.0002413713
632	blm	-0.00024138449
632	gaze	-0.00024148077
632	guenther	-0.00024149727
632	sportsman	-0.00024151693
632	1838	-0.00024157768
632	stupid	-0.0002416281
632	subin	-0.00024172461
632	huan	-0.00024173451
632	cleverli	-0.00024174714
632	alcov	-0.00024181955
632	oscil	-0.00024186555
632	sendai	-0.0002418822
632	abducte	-0.00024192216
632	bussan	-0.00024194607
632	dgzb2aa3ft	-0.00024196369
632	basf	-0.00024200961
632	waveform	-0.00024205279
632	takazawa	-0.00024213956
632	lay	-0.0002423614
632	1961	-0.00024248492
632	mohan	-0.0002425556
632	yuraku	-0.00024262498
632	kosuga	-0.00024262498
632	jeun	-0.00024266435
632	tsingtao	-0.000242668
632	nomad	-0.00024269616
632	peal	-0.0002427429
632	gymnast	-0.00024280947
632	clutter	-0.00024281711
632	spun	-0.00024288474
632	hwang	-0.00024293058
632	idyl	-0.00024310355
632	bayonet	-0.00024313289
632	labe	-0.00024313723
632	prome	-0.00024314843
632	marc	-0.00024317569
632	immunodefici	-0.00024318413
632	fy2000	-0.0002432492
632	columnist	-0.00024328635
632	ancillari	-0.00024329971
632	belgrad	-0.0002433386
632	kirbi	-0.00024335399
632	indomit	-0.0002434022
632	queri	-0.00024341082
632	dentur	-0.00024342866
632	cult	-0.00024344704
632	fortitud	-0.00024345111
632	wonderfulli	-0.0002434525
632	cloak	-0.00024350021
632	woodpigeon	-0.00024351428
632	jpnea023	-0.0002435147
632	vezian	-0.00024357162
632	investm	-0.0002435826
632	mammal	-0.00024359606
632	excim	-0.00024360618
632	toil	-0.00024368426
632	agoni	-0.00024379914
632	3781	-0.00024381022
632	countersignatur	-0.00024383057
632	santo	-0.0002438441
632	buff	-0.00024384576
632	orlando	-0.00024394211
632	femin	-0.0002439684
632	corzin	-0.00024399307
632	masaichi	-0.00024404889
632	cvic	-0.00024404889
632	zisheng	-0.00024404889
632	0430	-0.00024407172
632	mizuno	-0.00024408153
632	58bn	-0.00024413364
632	botan	-0.00024416402
632	walkwai	-0.00024422986
632	these	-0.0002442377
632	kazakh	-0.00024432663
632	weiss	-0.00024434208
632	punjab	-0.00024435075
632	brescia	-0.00024442657
632	25mw	-0.00024445515
632	herbicid	-0.00024445573
632	trentin	-0.00024446176
632	eritrea	-0.0002445305
632	lossmak	-0.00024456478
632	yugoslav	-0.00024462963
632	gambia	-0.0002446442
632	jomini	-0.00024464633
632	qina	-0.00024466202
632	haung	-0.00024478583
632	recoil	-0.0002448765
632	beriyev	-0.00024501394
632	kiyoshi	-0.0002450156
632	serbia	-0.00024504148
632	lukoil	-0.0002451591
632	kashgar	-0.00024518985
632	sabr	-0.00024527707
632	oftentim	-0.00024529605
632	bae	-0.00024531453
632	77bn	-0.0002454714
632	dm726	-0.0002454727
632	militarist	-0.00024551468
632	tomiichi	-0.00024554538
632	1116	-0.00024557716
632	difer	-0.0002456056
632	wagon	-0.00024585729
632	khan	-0.00024589495
632	gaung	-0.0002460192
632	alcohol	-0.00024613162
632	jacquet	-0.00024621436
632	115th	-0.00024632143
632	baggio	-0.00024632554
632	capricorn	-0.00024633043
632	empreedimento	-0.00024641998
632	kakizawa	-0.0002464461
632	clientel	-0.00024650092
632	942	-0.0002465015
632	endal	-0.00024650985
632	parochi	-0.0002465195
632	ploi	-0.00024655054
632	gare	-0.00024671672
632	talk	-0.00024671713
632	lauro	-0.00024673247
632	anatoli	-0.00024680645
632	vineyard	-0.00024681888
632	scalfaro	-0.0002468354
632	preheat	-0.000246912
632	xiliu	-0.00024692292
632	grassroot	-0.00024698736
632	3940	-0.00024699947
632	hosieri	-0.00024700194
632	nonspecialist	-0.0002471349
632	26bn	-0.00024716218
632	311	-0.00024717418
632	tortois	-0.00024718934
632	macrocosm	-0.0002471924
632	zhichao	-0.0002472281
632	clansmen	-0.00024732022
632	rompr	-0.00024748035
632	fy90	-0.00024748637
632	setup	-0.0002475338
632	tripoli	-0.0002475598
632	strut	-0.00024756455
632	763	-0.00024758218
632	yangbaj	-0.00024758917
632	changgui	-0.00024758917
632	lawsuit	-0.00024763113
632	baptist	-0.0002476521
632	palpabl	-0.00024778437
632	3112	-0.00024782214
632	perfum	-0.00024783035
632	luci	-0.00024790716
632	306	-0.0002479111
632	movabl	-0.00024804779
632	carburetor	-0.00024824272
632	espionag	-0.0002482629
632	bolkiah	-0.00024827404
632	architectu	-0.00024829025
632	cardboard	-0.00024829194
632	kyrgyz	-0.00024830326
632	jpest008	-0.0002483558
632	gurkha	-0.00024848006
632	semioffici	-0.00024848507
632	koji	-0.00024851455
632	oilse	-0.0002485413
632	sturgeon	-0.00024858923
632	namhkam	-0.00024862812
632	reactionari	-0.0002486814
632	etr	-0.00024869645
632	443	-0.00024873123
632	proportion	-0.00024875882
632	panamsat	-0.00024881243
632	careca	-0.00024881828
632	intrepret	-0.00024901176
632	conerli	-0.00024901176
632	fxnet	-0.0002490431
632	prix	-0.00024905978
632	chongjin	-0.0002490793
632	kyin	-0.00024909587
632	evelyn	-0.00024913068
632	ballgam	-0.00024918237
632	dreas089	-0.00024924372
632	polystyren	-0.00024931494
632	gnaw	-0.00024931558
632	kaesong	-0.00024932032
632	1038	-0.00024938554
632	6647	-0.00024940012
632	kanemaru	-0.00024942678
632	mosbi	-0.00024942728
632	jiangnan	-0.00024946124
632	intraregion	-0.00024946875
632	glen	-0.00024956238
632	lunar	-0.00024967166
632	bergsten	-0.0002497098
632	unborn	-0.00024978584
632	interdisciplinari	-0.00024980618
632	lavish	-0.00024982946
632	asikaga	-0.00024984265
632	ordain	-0.0002498672
632	p4841	-0.00024987527
632	factual	-0.00025003115
632	shizuoka	-0.00025007152
632	drv	-0.00025008334
632	checkbook	-0.00025009373
632	waterloo	-0.00025010004
632	nanfang	-0.0002501125
632	hikosen	-0.0002501132
632	darkest	-0.00025013977
632	dreas058	-0.00025018473
632	torranc	-0.00025023828
632	antiqu	-0.00025037638
632	nokia	-0.00025040537
632	takeshi	-0.000250438
632	imperson	-0.0002504485
632	warn	-0.0002504675
632	524	-0.00025057825
632	musso	-0.00025063002
632	presidium	-0.000250726
632	biwa	-0.00025103244
632	bisson	-0.00025109557
632	accident	-0.0002512069
632	8mw	-0.0002512478
632	11mw	-0.0002512478
632	aptli	-0.00025133518
632	marsa	-0.00025139708
632	castrol	-0.00025149572
632	huz	-0.00025152747
632	pickwickian	-0.0002515498
632	hiker	-0.00025156743
632	broadsheet	-0.00025157252
632	aguirr	-0.00025158958
632	tacit	-0.0002516489
632	baum	-0.00025171158
632	einstein	-0.00025184243
632	sloc	-0.000251894
632	alexandr	-0.0002519262
632	kotelkin	-0.00025192773
632	guvt	-0.00025192773
632	kreditni	-0.00025194598
632	862	-0.00025196298
632	580	-0.00025196697
632	stunt	-0.00025198553
632	1956	-0.00025200102
632	sarno	-0.00025204034
632	diaper	-0.00025204633
632	hy	-0.00025209985
632	multilevel	-0.00025211996
632	techonolog	-0.00025213216
632	mitsuba	-0.000252167
632	219	-0.0002522102
632	elin	-0.00025224165
632	683	-0.00025227017
632	milan	-0.0002524618
632	vax	-0.00025249127
632	pap	-0.00025254552
632	hualu	-0.00025266333
632	transient	-0.00025267297
632	drsov010	-0.00025272786
632	prodevelopment	-0.00025273746
632	rychlewski	-0.00025273746
632	savoi	-0.0002528179
632	asakawa	-0.00025283027
632	chaya	-0.0002528549
632	hian	-0.0002529395
632	lust	-0.00025297777
632	dreas104	-0.00025313016
632	d66	-0.0002532035
632	jpust005	-0.0002532204
632	inves	-0.000253282
632	patric	-0.0002533778
632	xuesen	-0.00025342693
632	dualiti	-0.00025343293
632	sek3	-0.00025350275
632	sielt	-0.00025350275
632	telefact	-0.00025350275
632	rva	-0.00025350275
632	lup	-0.00025359457
632	1948	-0.00025389003
632	empow	-0.00025400988
632	siok	-0.00025403258
632	chuong	-0.00025406954
632	3542	-0.0002540946
632	coco	-0.00025410918
632	verifon	-0.00025412985
632	pacifica	-0.00025414172
632	reputedli	-0.00025439024
632	hilger	-0.00025439868
632	videotap	-0.00025450063
632	magma	-0.0002545172
632	561	-0.0002545219
632	siregar	-0.000254583
632	p8631	-0.00025464105
632	1130	-0.0002546644
632	seaborn	-0.0002546725
632	idfu	-0.00025472505
632	endara	-0.00025475043
632	samdech	-0.00025495386
632	khwan	-0.00025496096
632	vasco	-0.00025498663
632	rebat	-0.0002549955
632	martial	-0.0002550811
632	cajanek	-0.00025538055
632	jipo	-0.00025538055
632	huptychova	-0.00025538055
632	steinindustri	-0.00025538055
632	milex	-0.00025538055
632	friepess	-0.00025538055
632	hrusovani	-0.00025538055
632	kovarni	-0.00025538055
632	agrozet	-0.00025538055
632	jiao	-0.0002554394
632	guava	-0.0002555577
632	kusumi	-0.0002556081
632	200w	-0.00025564266
632	100gw	-0.00025564266
632	jpcar006	-0.00025572375
632	blot	-0.0002557433
632	kunihiro	-0.00025574712
632	ernesto	-0.0002558088
632	gallup	-0.00025590058
632	indei	-0.00025590777
632	bryansk	-0.00025592628
632	centimet	-0.00025604977
632	incessantli	-0.0002560831
632	stoner	-0.00025610335
632	electrotechnolog	-0.0002562044
632	philosoph	-0.0002562185
632	tyrann	-0.0002562647
632	laura	-0.00025629005
632	multilay	-0.00025632232
632	gbp	-0.00025633315
632	caihong	-0.00025639692
632	luzhou	-0.00025639962
632	mcgraw	-0.00025641106
632	mrb	-0.00025641144
632	voyag	-0.00025643804
632	mobilfunk	-0.0002565138
632	dolli	-0.00025656208
632	snail	-0.0002566096
632	expenditu	-0.00025661578
632	percenta	-0.00025661578
632	worl	-0.00025661578
632	pf	-0.00025667428
632	55th	-0.0002567245
632	hse	-0.00025680053
632	dii	-0.00025681368
632	hijack	-0.0002569737
632	yenisei	-0.000257028
632	snoopi	-0.00025728592
632	intervention	-0.00025729628
632	novosad	-0.00025743002
632	erinn	-0.00025743002
632	anaheim	-0.00025750772
632	wf	-0.00025755525
632	tactician	-0.00025770455
632	narita	-0.00025783075
632	nepenth	-0.00025788866
632	gez	-0.000258048
632	p9661	-0.00025804804
632	salabl	-0.00025812272
632	l98o	-0.00025813116
632	thadden	-0.00025818977
632	raban	-0.0002581898
632	macroscop	-0.00025819545
632	mehta	-0.00025819882
632	typhoid	-0.00025832065
632	pediatr	-0.00025834722
632	savior	-0.00025840817
632	hn	-0.00025844557
632	slovenski	-0.00025845924
632	naypyidaw	-0.00025849332
632	lionel	-0.00025849644
632	butragueno	-0.0002586214
632	bequeath	-0.00025864414
632	kc13	-0.00025866
632	masahiko	-0.00025869568
632	massag	-0.00025872618
632	carryabl	-0.00025879804
632	troner	-0.00025879804
632	hufbow	-0.00025879804
632	om	-0.00025897825
632	estalish	-0.00025905448
632	eloqu	-0.0002590894
632	reign	-0.00025936248
632	treick	-0.00025938664
632	endag	-0.00025938667
632	breitenbush	-0.00025938667
632	sanduao	-0.0002594193
632	monochrom	-0.0002595041
632	dal	-0.0002595512
632	hypocrisi	-0.00025956915
632	road	-0.00025960026
632	manuela	-0.00025966912
632	maladi	-0.0002597397
632	animatron	-0.00025974555
632	geodyn	-0.00025982116
632	kyser	-0.0002598488
632	salvadoran	-0.00025994628
632	microprocessor	-0.00025998487
632	doli	-0.0002601434
632	barent	-0.00026020707
632	powerhous	-0.0002603264
632	1050	-0.00026036255
632	serbian	-0.00026038665
632	psychotrop	-0.00026048074
632	nonpolici	-0.00026054433
632	nantong	-0.00026062544
632	yellowish	-0.0002606878
632	metamorphosi	-0.0002606887
632	kriss	-0.00026069727
632	antismuggl	-0.0002607842
632	fig	-0.00026088045
632	probosutedjo	-0.00026088188
632	thakin	-0.000260935
632	tokai	-0.0002609933
632	1939	-0.00026110062
632	backflow	-0.00026114666
632	springwat	-0.00026114666
632	waitros	-0.00026116509
632	batanga	-0.00026131762
632	palmtop	-0.00026132262
632	fanci	-0.00026136613
632	ashu	-0.0002613905
632	akusawa	-0.0002613905
632	thiet	-0.00026142265
632	ritz	-0.0002614565
632	qihe	-0.00026147452
632	payn	-0.00026151867
632	odr	-0.00026155598
632	meic	-0.00026163174
632	kazakhstani	-0.00026165126
632	mullah	-0.0002617127
632	deflect	-0.00026173686
632	splinter	-0.00026174905
632	gut	-0.00026177525
632	eli	-0.00026193602
632	versail	-0.00026197467
632	heedi	-0.0002620304
632	eapagae6ft	-0.0002620304
632	massawa	-0.00026208113
632	sec	-0.0002620868
632	whine	-0.0002621003
632	yawng	-0.00026215543
632	077	-0.00026216314
632	tdi	-0.00026221527
632	voest	-0.00026225366
632	utrecht	-0.00026228116
632	fune	-0.00026230296
632	beaten	-0.00026230738
632	nonunivers	-0.00026234367
632	sharlau	-0.00026242412
632	bokhanov	-0.00026242412
632	tantk	-0.00026242412
632	aeroconsult	-0.00026242412
632	papiashvili	-0.00026242412
632	olympia	-0.0002624244
632	leonard	-0.0002625299
632	thieu	-0.00026253497
632	sprinzak	-0.00026254475
632	guardian	-0.0002625976
632	kc6	-0.00026262872
632	essex	-0.00026278282
632	989	-0.00026304045
632	nacc	-0.00026306688
632	denki	-0.00026320826
632	silkworm	-0.00026322744
632	ceci	-0.00026330762
632	sueddeutsch	-0.00026331746
632	wreckag	-0.00026338786
632	shishi	-0.00026346755
632	kon	-0.0002635224
632	lurk	-0.0002635348
632	jpcar034	-0.0002635388
632	dkachacxft	-0.0002636979
632	sting	-0.0002638801
632	replic	-0.0002639078
632	sek2	-0.00026406473
632	sek1	-0.00026406473
632	drx1	-0.00026406473
632	dct900	-0.00026406473
632	upmarket	-0.00026412043
632	r0	-0.00026420015
632	toshiaki	-0.00026424063
632	lech	-0.00026449322
632	0525	-0.00026450728
632	procuratori	-0.0002645905
632	napa	-0.00026461732
632	bikini	-0.00026465202
632	bnp	-0.00026466994
632	jpcar033	-0.00026473228
632	baoguo	-0.00026473968
632	jpnea016	-0.00026478962
632	verv	-0.0002648542
632	1581	-0.00026495967
632	risc	-0.00026505598
632	basher	-0.0002650807
632	kb	-0.00026515097
632	multicountri	-0.00026516579
632	kc300	-0.0002651789
632	879	-0.0002652541
632	panic	-0.00026529696
632	0750	-0.00026532353
632	needl	-0.0002653389
632	defraud	-0.00026535062
632	nanmyo	-0.00026535126
632	sankyaw	-0.00026535126
632	myanan	-0.00026535126
632	cavazo	-0.00026538654
632	leonid	-0.00026538945
632	denot	-0.00026560028
632	sawhaj	-0.0002658694
632	francescoli	-0.00026591917
632	cretiv	-0.0002659332
632	2436	-0.0002659797
632	hdi	-0.00026598453
632	impair	-0.00026600182
632	gorilla	-0.0002660911
632	ven	-0.0002661261
632	herculean	-0.00026613614
632	begawan	-0.00026618468
632	spectat	-0.00026619667
632	risotto	-0.00026623262
632	rosgidromet	-0.0002662537
632	0741	-0.00026626256
632	sudrajat	-0.00026634758
632	extablish	-0.00026636443
632	kasianov	-0.00026636446
632	rockenwagn	-0.00026642033
632	administ	-0.00026642633
632	eugen	-0.00026643125
632	prepared	-0.00026646774
632	otsubo	-0.00026649865
632	komatsu	-0.0002665015
632	p9621	-0.00026657182
632	phone	-0.0002665744
632	electrolyz	-0.00026659862
632	namhsan	-0.00026660948
632	improp	-0.00026672447
632	takushoku	-0.0002667385
632	sorrow	-0.00026676903
632	0832	-0.00026681917
632	pose	-0.0002668383
632	tempest	-0.00026690186
632	joyfulli	-0.00026695573
632	ikegai	-0.0002672701
632	burma	-0.00026730492
632	ziyang	-0.0002673318
632	shingl	-0.00026740707
632	glimps	-0.0002674103
632	1013	-0.00026741574
632	awok	-0.0002674667
632	4323	-0.00026753952
632	natuna	-0.00026770853
632	millon	-0.0002677121
632	fluorid	-0.00026771295
632	nowa	-0.00026771476
632	computer	-0.00026773583
632	biro	-0.00026779465
632	frigid	-0.000267804
632	387	-0.0002678142
632	dkb	-0.00026785978
632	bloodlet	-0.00026805568
632	comfirm	-0.00026808027
632	vector	-0.00026808478
632	vltavou	-0.0002681862
632	greg	-0.00026819773
632	ambulatori	-0.00026821558
632	handsom	-0.00026830708
632	649	-0.0002683265
632	abridg	-0.00026834826
632	nanci	-0.00026839986
632	roil	-0.00026843156
632	quadrangl	-0.00026843158
632	adebayo	-0.0002684514
632	merci	-0.00026847
632	surcharg	-0.0002684877
632	mot	-0.00026849733
632	phototherm	-0.0002685157
632	huitang	-0.0002685157
632	jiangxia	-0.0002685157
632	fengshun	-0.0002685157
632	unclaim	-0.00026852096
632	efxc1ahcft	-0.0002685331
632	cursori	-0.00026856334
632	walesa	-0.0002686942
632	multimillion	-0.000268794
632	stn	-0.00026890074
632	seraya	-0.0002689662
632	tnd	-0.0002689784
632	ryzhkov	-0.000269132
632	acclaim	-0.00026918875
632	calcin	-0.00026922184
632	teresa	-0.00026922981
632	unravel	-0.00026923648
632	abli	-0.00026925275
632	vaclav	-0.00026936998
632	bellow	-0.0002695034
632	napoleon	-0.0002695156
632	vigour	-0.00026953092
632	sunshin	-0.00026959556
632	eec	-0.00026968916
632	apparatu	-0.00026979888
632	lianzhou	-0.00026981495
632	beliz	-0.00026986643
632	909	-0.00026997933
632	holdup	-0.00027004746
632	fangcheng	-0.00027005418
632	semirechy	-0.00027020194
632	ambienc	-0.00027022616
632	gpt	-0.0002703306
632	shukan	-0.0002704341
632	matrilin	-0.00027043954
632	underbelli	-0.00027044656
632	0673	-0.00027056652
632	ricardo	-0.00027064438
632	telewai	-0.00027077357
632	peik	-0.00027086693
632	aylwin	-0.00027087692
632	thrifti	-0.00027094415
632	nonclassifi	-0.0002710671
632	47m	-0.00027107168
632	konishi	-0.00027107334
632	radiolog	-0.00027108035
632	guichardaz	-0.00027112657
632	brood	-0.00027114182
632	marlin	-0.0002713834
632	cd	-0.0002713842
632	drsov022	-0.00027139866
632	siga	-0.00027139916
632	plural	-0.00027146074
632	jaisalm	-0.00027146746
632	avalanch	-0.00027146883
632	rooster	-0.00027147218
632	p99	-0.00027150736
632	napl	-0.00027152695
632	zlin	-0.0002716254
632	437	-0.0002719082
632	1128	-0.0002719432
632	rattha	-0.000271988
632	abhidhaja	-0.00027198804
632	bhaddanta	-0.00027198804
632	sobita	-0.00027198804
632	pasana	-0.00027198804
632	xerox	-0.00027202198
632	3068	-0.00027206462
632	kpa	-0.0002721591
632	chasm	-0.00027225798
632	nonfood	-0.0002722593
632	156th	-0.0002723062
632	necessari	-0.00027233176
632	cpu	-0.0002724193
632	mixer	-0.00027249922
632	shizhong	-0.00027252402
632	shipe	-0.00027252402
632	longhan	-0.00027253243
632	mojahedin	-0.00027255842
632	midland	-0.00027255886
632	michio	-0.00027273322
632	maanshan	-0.00027276285
632	introductori	-0.00027287024
632	void	-0.00027290682
632	aerospatial	-0.00027294373
632	fy89	-0.0002729495
632	heal	-0.00027301436
632	klwan	-0.00027307792
632	khuankaeo	-0.00027307798
632	treason	-0.00027316937
632	handedli	-0.00027318808
632	a12	-0.0002733003
632	bastion	-0.00027330403
632	itssuccess	-0.0002733493
632	chjb0ae6ft	-0.0002733493
632	semifin	-0.0002734012
632	dreas036	-0.00027340942
632	heretofor	-0.0002734194
632	stratagem	-0.00027363747
632	bfr750	-0.00027366416
632	aqaba	-0.0002736971
632	juanita	-0.0002736971
632	deflat	-0.0002737967
632	salesman	-0.00027393585
632	poleng	-0.0002740187
632	bitic	-0.0002740187
632	rototil	-0.00027410602
632	ardboard	-0.00027410602
632	sunbath	-0.00027416213
632	beiren	-0.00027417176
632	delug	-0.00027419353
632	bakri	-0.000274263
632	laundri	-0.0002743891
632	clerk	-0.00027474316
632	fukushima	-0.00027480334
632	sodick	-0.0002748119
632	congressmen	-0.00027483463
632	5710	-0.00027486926
632	bieberstein	-0.00027514147
632	makino	-0.00027516685
632	demagog	-0.00027517937
632	nsk	-0.00027520373
632	pom	-0.0002752368
632	jpcar022	-0.00027528394
632	shrine	-0.00027531103
632	trouser	-0.00027535905
632	sk	-0.00027538044
632	hanhwa	-0.00027542052
632	jpusr003	-0.00027548714
632	kagoshima	-0.00027559476
632	battaglia	-0.00027562553
632	microp	-0.00027562748
632	minisit	-0.00027565702
632	623	-0.00027572946
632	cfa	-0.00027575248
632	moravcik	-0.00027593796
632	mrp	-0.0002759679
632	jaroslav	-0.00027599162
632	accid	-0.00027610152
632	fung	-0.00027610976
632	alexandria	-0.00027617533
632	alfonso	-0.00027619273
632	muong	-0.00027621601
632	panxi	-0.0002762533
632	nhi	-0.00027629372
632	hawksbil	-0.0002763502
632	shilin	-0.00027637524
632	indira	-0.0002764705
632	alpin	-0.0002765346
632	suedwestlb	-0.0002765362
632	saarberg	-0.0002765362
632	interplan	-0.0002765362
632	airfleet	-0.0002765362
632	heinichen	-0.0002765362
632	preinfalk	-0.0002765362
632	suedwestdeutsch	-0.0002765362
632	hilpert	-0.0002765362
632	essai	-0.0002765609
632	quarrel	-0.00027657696
632	moravsk	-0.00027657964
632	bt5	-0.0002766136
632	csi	-0.0002767265
632	transact	-0.00027675938
632	spartan	-0.0002767625
632	jptdd022	-0.000276772
632	rali	-0.00027683537
632	166m	-0.00027688334
632	cobra	-0.00027692676
632	contra	-0.0002770014
632	typhoon	-0.00027714088
632	etal	-0.00027721454
632	gyll	-0.00027722077
632	emissari	-0.00027723602
632	thwin	-0.00027730752
632	qu	-0.00027731762
632	reconnoit	-0.00027733375
632	bait	-0.00027737292
632	chunguang	-0.00027746233
632	consolidt	-0.00027746233
632	aleinov	-0.00027746233
632	bide	-0.00027751812
632	stagflat	-0.00027761736
632	puerto	-0.000277661
632	jeyaretnam	-0.0002776665
632	muda	-0.00027783043
632	monoxid	-0.00027783474
632	uefa	-0.00027786402
632	turkestan	-0.0002779307
632	sheh	-0.0002779827
632	disgrac	-0.00027815037
632	manchest	-0.0002781988
632	soi	-0.00027825986
632	chifu	-0.00027829726
632	creator	-0.0002783829
632	watt	-0.000278456
632	plethora	-0.0002785087
632	yuanmou	-0.00027853885
632	holi	-0.00027856696
632	7703	-0.00027864453
632	drsov098	-0.00027867348
632	bonni	-0.00027869956
632	breath	-0.00027873245
632	emblem	-0.00027885174
632	moravcek	-0.000278853
632	cum	-0.00027888975
632	goug	-0.00027904962
632	uyz	-0.00027917227
632	irat	-0.00027924875
632	proprietor	-0.0002793221
632	bacterium	-0.0002793598
632	cimon	-0.0002793598
632	karlovi	-0.0002795164
632	sage	-0.0002795178
632	bullfrog	-0.00027956985
632	moldova	-0.0002796028
632	wonsan	-0.0002796199
632	athen	-0.00027963595
632	5170	-0.00027969593
632	261gw	-0.00027970318
632	530gw	-0.00027970318
632	321gw	-0.00027970318
632	470mw	-0.00027970318
632	sanitoria	-0.00027970318
632	253gw	-0.00027970318
632	dengfang	-0.00027970318
632	342mw	-0.00027970318
632	70gw	-0.00027970318
632	hamburg	-0.00027971482
632	terr	-0.00027975693
632	minibu	-0.00027978906
632	hallwai	-0.00027988938
632	eisf8adbft	-0.00027995565
632	1431	-0.00027998872
632	nissei	-0.00028001968
632	sopie	-0.00028015062
632	susan	-0.00028016127
632	p3731	-0.00028018877
632	iso	-0.000280225
632	grapefruit	-0.00028023557
632	drchi096	-0.00028034713
632	latief	-0.00028036867
632	chenei	-0.00028046808
632	sheridan	-0.0002805021
632	kunjerab	-0.00028054378
632	starch	-0.0002806161
632	laud	-0.00028064515
632	eurailpass	-0.0002806609
632	wenji	-0.00028068802
632	shaoyang	-0.00028069894
632	erial	-0.00028076855
632	mci	-0.0002808103
632	2016	-0.00028097245
632	legalist	-0.00028099777
632	zhiboyedov	-0.00028101253
632	263	-0.0002810747
632	tania	-0.0002811095
632	pretax	-0.00028121017
632	durat	-0.00028133264
632	button	-0.0002813573
632	1015	-0.00028139647
632	ou	-0.00028144638
632	opfor	-0.00028147257
632	shieh	-0.00028152045
632	zhu	-0.00028152842
632	recolor	-0.00028159103
632	valor	-0.0002816207
632	mississippi	-0.00028164516
632	koryo	-0.00028167514
632	a3	-0.00028179152
632	warrington	-0.00028180468
632	annuiti	-0.000281919
632	durong	-0.00028194775
632	naiso	-0.00028194775
632	calcestruzzi	-0.0002819751
632	gre	-0.00028205407
632	landesbank	-0.00028206754
632	cambo	-0.00028209193
632	batai	-0.00028209196
632	hepu	-0.00028214345
632	youkang	-0.00028214348
632	luisito	-0.00028216298
632	1435	-0.00028230916
632	sonor	-0.0002823824
632	participatori	-0.0002824014
632	extort	-0.00028252168
632	reed	-0.00028271886
632	juso	-0.00028276417
632	awri	-0.00028278248
632	consist	-0.00028278306
632	lettuc	-0.00028297395
632	covina	-0.0002830396
632	tuan	-0.00028308446
632	em	-0.00028312195
632	sudjana	-0.00028314802
632	intertrop	-0.00028315122
632	hayashi	-0.00028318912
632	charli	-0.0002832077
632	disallow	-0.00028332128
632	handkerchief	-0.00028335158
632	ruba	-0.00028336243
632	ivvm	-0.00028336243
632	0683	-0.00028338577
632	everitt	-0.0002834541
632	mango	-0.0002835488
632	aral	-0.00028361037
632	dreas016	-0.00028362
632	meddl	-0.0002837306
632	eugenio	-0.00028376453
632	neocolonialist	-0.00028377125
632	spinach	-0.00028391177
632	torai	-0.00028393173
632	pale	-0.00028402868
632	tribesmen	-0.00028410152
632	1415	-0.00028424285
632	fitzwat	-0.00028428348
632	groznyi	-0.00028431535
632	primarili	-0.0002843386
632	1133	-0.00028438438
632	warner	-0.00028444795
632	viii	-0.00028447498
632	vibiana	-0.00028452947
632	morihiro	-0.00028459332
632	roadshow	-0.00028467836
632	murmansk	-0.0002849041
632	eurail	-0.00028491672
632	pingyuan	-0.0002849175
632	opud	-0.0002849231
632	pathet	-0.00028499623
632	liaoxi	-0.00028514874
632	langford	-0.00028515645
632	saragosa	-0.00028517641
632	biotechn	-0.000285208
632	esmael	-0.00028530954
632	fukuoka	-0.0002853226
632	speedboat	-0.00028548177
632	figurin	-0.00028557045
632	ichikoh	-0.00028562406
632	r70	-0.00028563337
632	rampart	-0.00028576812
632	etsi	-0.0002858492
632	abashidz	-0.00028586612
632	kosmo	-0.00028589636
632	eman	-0.00028614092
632	ronstadt	-0.00028614572
632	847	-0.0002861873
632	tbkt	-0.00028626178
632	drweu024	-0.00028626257
632	setmir	-0.00028658556
632	mieger	-0.00028658556
632	herff	-0.00028658556
632	bunsak	-0.00028660503
632	virasak	-0.00028660503
632	warmth	-0.000286645
632	skc	-0.00028667503
632	airfield	-0.00028669598
632	dreas100	-0.00028679962
632	uma	-0.0002868125
632	ksci	-0.00028688964
632	nakajima	-0.00028703755
632	dreas099	-0.0002871474
632	haitai	-0.0002871744
632	unspectacular	-0.00028720225
632	sandinista	-0.00028720277
632	majal	-0.0002872441
632	ardiyah	-0.0002872441
632	forgot	-0.00028731508
632	shabbi	-0.000287324
632	teen	-0.00028737856
632	zhangjiang	-0.00028739907
632	gist	-0.00028740434
632	scrambl	-0.00028747888
632	fallow	-0.00028748
632	pogatchnik	-0.00028749503
632	hongkong	-0.00028750376
632	reclaim	-0.00028755068
632	heracl	-0.00028762198
632	403	-0.00028768711
632	jpcar030	-0.0002877127
632	baja	-0.00028783237
632	spokeswoman	-0.00028791878
632	elf	-0.0002879536
632	beckenbau	-0.00028800935
632	4552	-0.0002880241
632	exponenti	-0.0002880518
632	sweeper	-0.0002881503
632	manfr	-0.00028818642
632	flounder	-0.00028822885
632	brilliantli	-0.00028823953
632	378	-0.00028824396
632	407	-0.00028825577
632	khuzestan	-0.00028828517
632	montenegro	-0.00028829218
632	spurn	-0.00028833307
632	phan	-0.00028833337
632	groom	-0.00028833572
632	nguoi	-0.00028839617
632	pester	-0.0002884822
632	dinzin	-0.0002885091
632	billionair	-0.00028853485
632	margarita	-0.0002886213
632	mpp	-0.0002886782
632	rebuk	-0.0002887042
632	snorkel	-0.00028875057
632	ryukyu	-0.00028894056
632	foment	-0.00028898788
632	p8412	-0.00028907476
632	degener	-0.000289185
632	underemploi	-0.00028922295
632	croni	-0.00028923136
632	gaiko	-0.00028929714
632	depositor	-0.0002894049
632	pong	-0.0002894094
632	qiongshan	-0.00028941224
632	5387	-0.0002894217
632	204	-0.00028951745
632	swede	-0.00028952866
632	arkadii	-0.00028953268
632	panzihua	-0.00028965643
632	sufang	-0.00028965643
632	wuhou	-0.00028965643
632	comedi	-0.00028979543
632	educact	-0.00028980285
632	reforestr	-0.00028980285
632	boulevard	-0.00028980296
632	wichit	-0.0002898482
632	concili	-0.00028996292
632	orenburg	-0.0002900719
632	panamanian	-0.00029016222
632	gripe	-0.00029020716
632	663	-0.00029022258
632	1323	-0.0002902652
632	gourievidi	-0.00029039226
632	landemain	-0.00029039226
632	unyu	-0.0002904539
632	zurcher	-0.00029054034
632	jukin	-0.0002906213
632	chigin	-0.0002906213
632	seiho	-0.0002906213
632	koukal	-0.00029064668
632	vysok	-0.00029064668
632	disapprov	-0.0002906963
632	rcti	-0.00029077558
632	studio	-0.0002907823
632	sour	-0.000290882
632	superfici	-0.00029088766
632	singli	-0.00029100434
632	interprovinci	-0.0002910836
632	dynamo	-0.00029112952
632	kensington	-0.0002911785
632	lieten	-0.0002911985
632	r30	-0.00029120053
632	ruud	-0.0002912033
632	nyse	-0.00029120687
632	casino	-0.00029127367
632	concacaf	-0.00029129852
632	waterlog	-0.0002913369
632	outguess	-0.00029135178
632	1879	-0.00029139762
632	mauduit	-0.0002914026
632	yingxiang	-0.00029151762
632	suzana	-0.00029179704
632	noordin	-0.0002918229
632	mandaluyong	-0.0002918229
632	comradeship	-0.00029190822
632	revisit	-0.0002920059
632	wearili	-0.00029211753
632	kessler	-0.0002922027
632	joao	-0.00029227193
632	steadfast	-0.00029228177
632	deport	-0.00029228325
632	spritz	-0.00029230647
632	lizu	-0.0002923111
632	hum	-0.00029231678
632	reaganom	-0.0002923466
632	gratuit	-0.00029236623
632	malavsia	-0.00029236762
632	edouard	-0.00029238104
632	shakhrai	-0.0002923977
632	3946	-0.00029243017
632	cesar	-0.00029250805
632	unjust	-0.00029256652
632	yj	-0.0002925694
632	hamhand	-0.00029261073
632	turnkei	-0.00029266984
632	411	-0.00029267548
632	kalugin	-0.00029278247
632	drweu078	-0.0002928343
632	unjustifi	-0.0002929179
632	slug	-0.00029292345
632	lichen	-0.00029301146
632	pref	-0.00029303756
632	hmong	-0.0002930606
632	inhuman	-0.00029308477
632	sahanarya	-0.00029309696
632	communic	-0.0002931121
632	552	-0.00029341597
632	geri	-0.0002935838
632	midfield	-0.0002936754
632	baeng	-0.00029369487
632	metalwork	-0.00029370785
632	forza	-0.0002941041
632	maison	-0.00029417433
632	chogin	-0.00029420503
632	privi	-0.0002942863
632	presens	-0.0002944029
632	better	-0.00029443254
632	categor	-0.0002944358
632	goldenberg	-0.00029447395
632	treati	-0.00029454808
632	danub	-0.0002945684
632	cage	-0.00029471342
632	0013	-0.00029472145
632	venecia	-0.000294808
632	jiacheng	-0.0002948236
632	kirghiz	-0.00029502768
632	tombston	-0.00029508892
632	folket	-0.0002953406
632	antivenin	-0.0002953495
632	musharraf	-0.0002953495
632	jawdah	-0.0002953495
632	wafiq	-0.0002953495
632	vicin	-0.00029543324
632	synagogu	-0.0002954943
632	awaji	-0.00029569777
632	krict	-0.0002957049
632	withheld	-0.0002957566
632	neg	-0.00029578636
632	guoco	-0.00029580318
632	tundra	-0.00029588377
632	562	-0.00029588534
632	abstain	-0.0002958918
632	polyakov	-0.00029592696
632	lott	-0.00029595743
632	anticorrupt	-0.00029596288
632	showcas	-0.0002959708
632	supa	-0.00029614288
632	unctad	-0.00029627717
632	cerrito	-0.00029635438
632	advani	-0.0002964792
632	falkland	-0.00029658584
632	malawian	-0.00029670756
632	pseudonym	-0.00029673785
632	lehmann	-0.00029687
632	saarland	-0.00029692758
632	0806	-0.00029697202
632	japonica	-0.00029699816
632	docomo	-0.0002970658
632	zhongwei	-0.00029726638
632	faint	-0.00029726775
632	tunisia	-0.00029726906
632	revil	-0.00029727584
632	tonic	-0.00029735363
632	1035	-0.00029743722
632	hothous	-0.00029744286
632	ipb	-0.00029747625
632	vallarta	-0.00029764086
632	arizona	-0.0002976697
632	xinp	-0.00029767814
632	zigong	-0.0002977535
632	dualli	-0.00029777232
632	kien	-0.00029788018
632	barcelona	-0.00029797244
632	yiren	-0.00029807226
632	inopportun	-0.0002981458
632	soot	-0.0002981828
632	1367	-0.00029842195
632	wein	-0.00029851598
632	ascend	-0.00029856066
632	mesfet	-0.0002986352
632	coolant	-0.00029865484
632	audaci	-0.0002987953
632	ham	-0.0002988232
632	gesellschaft	-0.00029897265
632	haywir	-0.0002990917
632	compuls	-0.000299094
632	shafranik	-0.0002991412
632	jeol	-0.00029914975
632	1057	-0.00029917064
632	taoka	-0.00029921447
632	figaro	-0.0002992226
632	kuban	-0.00029935155
632	mingala	-0.00029941555
632	unwilling	-0.00029942868
632	racism	-0.00029944445
632	bent	-0.0002994495
632	embitt	-0.0002995032
632	scantili	-0.00029958968
632	jpcar013	-0.00029962906
632	notorieti	-0.0002996644
632	drweu043	-0.0002997001
632	meticul	-0.00029981867
632	prospecta	-0.000299941
632	fininvest	-0.00029996302
632	parasit	-0.00030008826
632	6946	-0.00030013762
632	2150	-0.000300159
632	spetsvneshtekhnika	-0.0003001792
632	arkansa	-0.00030020392
632	sphinx	-0.00030021358
632	754	-0.00030022307
632	hydrodynam	-0.0003002383
632	housefli	-0.00030035307
632	revolv	-0.0003003874
632	23bn	-0.0003005084
632	macroadjust	-0.0003005093
632	nku	-0.000300523
632	durbar	-0.0003005478
632	confectioneri	-0.00030055342
632	dbt	-0.00030058384
632	hemp	-0.00030068337
632	deviat	-0.00030073227
632	dreas076	-0.0003007894
632	kellogg	-0.00030085506
632	502m	-0.00030087135
632	italia	-0.00030092755
632	thrill	-0.0003010752
632	nz	-0.00030109053
632	kpl	-0.00030124403
632	ahvaz	-0.00030124802
632	neocoloni	-0.0003012482
632	523	-0.00030126466
632	1020	-0.0003013067
632	fb	-0.00030134257
632	teo	-0.00030135713
632	clad	-0.0003015239
632	wail	-0.00030160238
632	lieu	-0.00030165506
632	luxor	-0.00030165937
632	teem	-0.00030170952
632	infecti	-0.00030175247
632	vinatek	-0.00030213682
632	tirak	-0.00030213682
632	sonitai	-0.00030213682
632	acierto	-0.00030221287
632	metamphetamin	-0.00030221287
632	milintarangkun	-0.00030221287
632	maghirang	-0.00030221287
632	angles	-0.00030221287
632	463m	-0.00030228795
632	vividli	-0.00030235507
632	oada	-0.00030243603
632	perri	-0.00030244878
632	stripe	-0.00030251907
632	utopian	-0.00030252655
632	moneymarket	-0.00030265722
632	maxima	-0.00030269058
632	scari	-0.00030275178
632	blake	-0.00030279922
632	eto	-0.00030283406
632	kinship	-0.00030283528
632	penan	-0.0003028851
632	guangnan	-0.00030288514
632	yiliang	-0.00030288514
632	luquan	-0.00030288514
632	carnegi	-0.0003028893
632	homoko	-0.0003028905
632	televisi	-0.0003028905
632	bamwegon	-0.0003028905
632	minists	-0.0003028905
632	rajawali	-0.0003028905
632	kyauktan	-0.0003028905
632	humfort	-0.0003028905
632	oboroneksport	-0.00030294602
632	shaoliang	-0.00030301584
632	plunder	-0.00030305475
632	congratul	-0.0003030647
632	dale	-0.00030306788
632	pry	-0.00030308642
632	classic	-0.00030316412
632	fuqe	-0.00030319326
632	woodrow	-0.0003032037
632	guilti	-0.0003032533
632	afric	-0.00030327137
632	adedegi	-0.00030327137
632	solidli	-0.00030328135
632	liberian	-0.0003033206
632	scof	-0.00030333735
632	icbc	-0.00030339186
632	chlorofluorocarbon	-0.00030340327
632	forklift	-0.00030366602
632	sellier	-0.0003038388
632	swirl	-0.0003038948
632	sutrino	-0.00030392973
632	kc27	-0.0003039481
632	revisionist	-0.00030403576
632	abud	-0.00030407365
632	zhuzhou	-0.0003041942
632	nasdaq	-0.00030423462
632	tina	-0.00030436495
632	mediocr	-0.0003044135
632	sakinform	-0.0003044734
632	suchuan	-0.00030449
632	ramif	-0.00030458122
632	chairwoman	-0.00030460197
632	mahtu	-0.00030461315
632	thaik	-0.00030461318
632	thazan	-0.00030461318
632	rabeh	-0.00030462854
632	enmesh	-0.00030463396
632	kc17	-0.00030470683
632	0028	-0.00030474828
632	ajax	-0.00030478166
632	nuisanc	-0.00030481527
632	collus	-0.00030484138
632	bruno	-0.00030490136
632	shultz	-0.00030490686
632	kc10	-0.00030490998
632	starlight	-0.00030492843
632	democratis	-0.00030531228
632	teeth	-0.00030532273
632	bia	-0.00030538472
632	commando	-0.0003053862
632	baoji	-0.0003054182
632	1776	-0.00030544703
632	kuchma	-0.0003057353
632	dorrel	-0.00030580774
632	daiken	-0.00030591595
632	polaris	-0.00030593606
632	interflow	-0.00030593833
632	symmetri	-0.0003059874
632	1342	-0.00030616616
632	forego	-0.0003061818
632	snub	-0.00030620163
632	bolshevik	-0.00030628077
632	underinvest	-0.00030632864
632	859	-0.00030636226
632	overus	-0.00030639998
632	unceas	-0.0003064588
632	scaveng	-0.0003064927
632	jpusr035	-0.00030662556
632	semin	-0.00030685784
632	georgii	-0.00030686083
632	noninterfer	-0.00030692437
632	dm2	-0.0003069584
632	prerequisit	-0.00030699125
632	nonagricultur	-0.0003069923
632	fruitless	-0.000307062
632	ktb	-0.00030706203
632	kale	-0.00030708744
632	qiandao	-0.00030712414
632	r500	-0.00030718878
632	gillmann	-0.0003071917
632	instantli	-0.00030719367
632	riotou	-0.00030723325
632	avia	-0.00030725327
632	katsuichi	-0.00030736084
632	nagara	-0.00030736084
632	silico	-0.0003073798
632	rajasthan	-0.0003073817
632	efta	-0.00030744655
632	parlai	-0.0003075856
632	gilter	-0.00030761218
632	qafah	-0.00030765502
632	qitar	-0.00030765502
632	jimal	-0.00030765502
632	musaythamat	-0.00030765502
632	bakriyah	-0.00030765502
632	pariti	-0.00030770298
632	dossier	-0.00030773258
632	abacha	-0.0003077758
632	1609	-0.00030780493
632	distributorship	-0.00030795715
632	gusti	-0.00030802502
632	truism	-0.00030804708
632	frz	-0.00030814105
632	cackler	-0.00030818532
632	jurid	-0.00030819257
632	sermon	-0.0003082819
632	guobao	-0.0003083162
632	turbo	-0.00030841853
632	montana	-0.0003084736
632	kwa	-0.0003085187
632	tashkent	-0.0003088229
632	worner	-0.00030884516
632	fr5	-0.00030884714
632	ostens	-0.00030885483
632	eer	-0.00030890788
632	taean	-0.00030893812
632	abbrevi	-0.0003090171
632	unprofor	-0.0003090224
632	blitz	-0.0003091682
632	haigang	-0.00030917345
632	shiit	-0.00030930786
632	heller	-0.00030941147
632	imping	-0.00030941502
632	lilongw	-0.0003094395
632	oem	-0.00030945567
632	gaull	-0.00030957148
632	zhongli	-0.00030964182
632	peloponnesu	-0.0003098205
632	contiki	-0.0003098205
632	wider	-0.00030985207
632	physiqu	-0.00031002844
632	scent	-0.00031003566
632	appendag	-0.00031021892
632	directori	-0.00031023534
632	pant	-0.00031044404
632	tieshangang	-0.0003104714
632	taico	-0.00031052387
632	tyson	-0.00031053665
632	4750	-0.00031067806
632	harp	-0.000310746
632	kader	-0.00031076322
632	deutsch	-0.00031089064
632	jp	-0.0003109138
632	knlpf	-0.0003109531
632	tsentr	-0.00031097909
632	gon	-0.00031099684
632	antidot	-0.00031107548
632	demerg	-0.0003111772
632	rabbit	-0.00031118988
632	diht	-0.00031124256
632	milliken	-0.00031128884
632	papaw	-0.00031189047
632	kandawgyi	-0.00031189047
632	colonist	-0.00031193745
632	sani	-0.00031193995
632	enlist	-0.0003119926
632	b1	-0.00031211154
632	epson	-0.00031213433
632	parthenon	-0.0003122507
632	omer	-0.0003122507
632	cousteau	-0.0003122507
632	midwest	-0.00031233396
632	foreword	-0.00031235543
632	calmli	-0.00031259467
632	aegean	-0.00031260707
632	karaok	-0.00031261452
632	mfg	-0.0003126469
632	soesastro	-0.00031276708
632	assassin	-0.00031277162
632	spat	-0.00031280422
632	darl	-0.00031295483
632	undon	-0.00031306976
632	pisa	-0.00031318763
632	1807	-0.0003133028
632	disori	-0.0003133697
632	211	-0.0003133992
632	peacemak	-0.00031346604
632	undersea	-0.00031353702
632	furiou	-0.0003135435
632	brunt	-0.0003138233
632	kyang	-0.00031403895
632	sanit	-0.0003141586
632	tarbush	-0.0003142886
632	mug	-0.00031431814
632	headlong	-0.00031441107
632	corrug	-0.0003144586
632	trekker	-0.00031452635
632	iran	-0.00031453994
632	grulich	-0.00031461817
632	benevol	-0.00031487105
632	ksr	-0.0003148952
632	mistakenli	-0.00031507525
632	abiola	-0.00031510854
632	sticker	-0.00031512516
632	p8999	-0.00031512624
632	yennimata	-0.00031513112
632	triangular	-0.00031516617
632	pitt	-0.00031528508
632	169	-0.00031531925
632	millwork	-0.0003154461
632	fifa	-0.0003155006
632	tokchon	-0.00031554085
632	pukchang	-0.00031554085
632	myriad	-0.0003155586
632	woolen	-0.00031563826
632	inmvest	-0.0003157231
632	0089	-0.0003157267
632	klein	-0.0003157698
632	lakewood	-0.00031581492
632	instil	-0.00031584772
632	evidenc	-0.0003158575
632	rm	-0.00031598867
632	norwalk	-0.0003160795
632	dallianc	-0.00031627345
632	coolli	-0.0003163557
632	patchi	-0.0003164427
632	chateaux	-0.00031648795
632	accueil	-0.00031649097
632	fitch	-0.00031672601
632	344bn	-0.00031683242
632	cardoso	-0.00031683664
632	0620	-0.00031685721
632	ayub	-0.00031690006
632	raiffeisenbank	-0.00031694354
632	blazej	-0.00031694354
632	pie	-0.0003170021
632	luoxiong	-0.00031718615
632	fong	-0.00031733763
632	witt	-0.00031738315
632	boxcar	-0.00031745125
632	xjz	-0.00031746956
632	applaus	-0.00031749037
632	enrico	-0.0003175545
632	preposter	-0.00031762032
632	saleroom	-0.00031775932
632	khlong	-0.00031779497
632	reinsur	-0.0003178653
632	shuhai	-0.00031789768
632	axilrod	-0.00031797963
632	conscienc	-0.00031809133
632	pangang	-0.00031813708
632	zhenxiong	-0.00031813708
632	eshan	-0.00031813708
632	weishan	-0.00031813708
632	xindian	-0.00031813708
632	dayao	-0.00031813708
632	hitch	-0.00031819326
632	magellan	-0.00031825018
632	532	-0.00031826482
632	sheila	-0.0003182989
632	cadillac	-0.00031843936
632	friedemann	-0.00031853936
632	drchi063	-0.00031861066
632	vernon	-0.00031864338
632	chatri	-0.00031866974
632	93d	-0.00031869454
632	visual	-0.0003187907
632	wada	-0.00031888305
632	codenam	-0.00031890543
632	sentral	-0.00031899018
632	bangko	-0.00031899018
632	pilipina	-0.00031899018
632	cellulos	-0.00031918788
632	gud	-0.00031929463
632	weishaupt	-0.00031929463
632	vanc	-0.00031937362
632	824	-0.00031939606
632	francorchamp	-0.00031943945
632	blith	-0.0003194756
632	steamship	-0.00031950948
632	strasbourg	-0.00031959487
632	moshood	-0.00031968564
632	teddi	-0.00031971248
632	knox	-0.0003197261
632	1412	-0.00031982063
632	majesti	-0.0003198506
632	chassi	-0.00031996932
632	semimanufactur	-0.00031997895
632	bleed	-0.00032001236
632	laihu	-0.00032018658
632	1037	-0.0003203726
632	fork	-0.00032046324
632	jec	-0.00032049802
632	fa	-0.0003205033
632	mnb	-0.0003205988
632	mahjong	-0.00032070663
632	ranarith	-0.000320722
632	ashford	-0.0003208086
632	prakash	-0.00032092625
632	chimera	-0.00032104098
632	kuril	-0.00032110757
632	moravan	-0.00032111615
632	dash	-0.00032118335
632	mete	-0.00032119494
632	nale	-0.00032124596
632	testb	-0.0003213153
632	lizner	-0.0003213919
632	cartridg	-0.00032143528
632	talalla	-0.00032149587
632	rizalino	-0.00032151872
632	191	-0.00032170935
632	78m	-0.0003217522
632	cruel	-0.0003218514
632	sumida	-0.0003219102
632	harish	-0.00032204913
632	freest	-0.00032211945
632	vtu	-0.0003221741
632	62m	-0.00032223226
632	preconceiv	-0.0003222436
632	liquefact	-0.00032249442
632	drchi005	-0.00032250403
632	shiji	-0.00032254914
632	ncc	-0.0003225847
632	pyongan	-0.00032258587
632	mga	-0.00032270976
632	welt	-0.00032274256
632	kvant	-0.00032275962
632	karavayev	-0.00032276934
632	chia	-0.00032286582
632	willamett	-0.00032291084
632	20kg	-0.00032304085
632	zhijun	-0.00032312065
632	milch	-0.00032316035
632	barbarian	-0.00032317112
632	outcri	-0.00032318177
632	bechtel	-0.0003231822
632	clausewitz	-0.00032332217
632	azt	-0.00032343616
632	2960	-0.00032347653
632	baoshan	-0.00032349007
632	smena	-0.0003235888
632	2547	-0.0003235972
632	nanchang	-0.00032361803
632	soukupova	-0.00032376737
632	558	-0.00032380366
632	secreci	-0.00032385546
632	hongpraphat	-0.00032391027
632	balk	-0.0003239309
632	copier	-0.0003241163
632	hou	-0.00032440847
632	hartwel	-0.000324493
632	thrive	-0.00032464543
632	500bn	-0.00032473044
632	dreas068	-0.00032474622
632	mustard	-0.00032503338
632	jewish	-0.00032520885
632	syraim	-0.00032533225
632	myothit	-0.00032533225
632	kane	-0.00032538164
632	descart	-0.00032542355
632	berlingsk	-0.00032548452
632	cesspool	-0.00032555728
632	r43	-0.00032560542
632	uno	-0.00032560996
632	6912	-0.00032564
632	asyut	-0.0003256892
632	sytem	-0.00032569503
632	kv	-0.0003257173
632	poon	-0.00032592876
632	bias	-0.00032601174
632	pressur	-0.0003262204
632	palestinian	-0.000326222
632	utan	-0.00032624355
632	annihil	-0.00032629917
632	splash	-0.000326463
632	sharq	-0.00032647533
632	chilsik	-0.00032652216
632	mrc	-0.00032658497
632	monocultur	-0.00032665054
632	crave	-0.00032667632
632	cmo	-0.00032670444
632	756	-0.00032684914
632	kiso	-0.0003268873
632	disorderli	-0.0003268944
632	evand	-0.00032689783
632	dreas052	-0.00032691215
632	lauren	-0.0003270241
632	kalarzo	-0.00032709973
632	orel	-0.0003271084
632	kiichi	-0.0003271456
632	benjamin	-0.00032720165
632	tidend	-0.00032742592
632	gwh	-0.00032755197
632	joaquin	-0.00032755357
632	abercrombi	-0.00032760503
632	kgb	-0.00032762607
632	concurr	-0.00032766178
632	upbeat	-0.00032768832
632	tablet	-0.00032778215
632	grape	-0.00032780945
632	soharto	-0.00032790678
632	schoenberg	-0.00032794007
632	transpond	-0.00032797453
632	ncb	-0.0003280363
632	1321	-0.00032817663
632	buttress	-0.00032819598
632	maoism	-0.00032820282
632	turabi	-0.00032827942
632	homeopathi	-0.0003284348
632	tokonoma	-0.0003284853
632	freeset	-0.0003286465
632	condon	-0.00032868522
632	jinjiang	-0.0003287138
632	293	-0.0003287431
632	platoon	-0.00032877433
632	survivor	-0.0003288545
632	moin	-0.0003289018
632	kc0	-0.0003289629
632	r83	-0.00032898693
632	uncondit	-0.00032915044
632	tatter	-0.00032921234
632	princeton	-0.00032926537
632	timberland	-0.00032926904
632	isayama	-0.00032931523
632	macomb	-0.00032933423
632	pinch	-0.00032935027
632	deathli	-0.0003293613
632	mauritania	-0.00032948313
632	coz	-0.00032956124
632	buda	-0.0003296608
632	monro	-0.00032967364
632	0857	-0.00032984948
632	awsat	-0.0003298558
632	brownout	-0.00032990723
632	placat	-0.00032993127
632	stevenson	-0.0003299696
632	ellen	-0.00032997277
632	907	-0.00033000382
632	intermitt	-0.00033001645
632	corex	-0.00033002184
632	wuzhou	-0.0003301095
632	drchi030	-0.00033011922
632	sobek	-0.00033012923
632	changjiang	-0.00033034166
632	lace	-0.00033040618
632	mccartnei	-0.00033049955
632	skirmish	-0.00033056262
632	3944	-0.00033073802
632	bristl	-0.00033077504
632	gunsling	-0.00033082627
632	edi	-0.00033084434
632	fascist	-0.00033093285
632	100bn	-0.00033104647
632	jingruo	-0.00033107723
632	chinachem	-0.00033114266
632	kwz	-0.00033118646
632	microeconom	-0.00033123133
632	dispens	-0.00033126058
632	447	-0.00033126096
632	tepco	-0.00033128506
632	pyong	-0.0003313276
632	midu	-0.000331392
632	longl	-0.000331392
632	jianshui	-0.000331392
632	nanpanjiang	-0.000331392
632	jinggu	-0.000331392
632	nanjian	-0.000331392
632	ruyan	-0.000331392
632	chixiong	-0.000331392
632	inluenc	-0.000331392
632	shuangbai	-0.000331392
632	jingdong	-0.000331392
632	lengl	-0.000331392
632	ningliang	-0.000331392
632	juanti	-0.000331392
632	aeroflot	-0.00033143646
632	beautifi	-0.00033161294
632	tienanmen	-0.00033162744
632	a10	-0.00033164915
632	cuz	-0.0003316628
632	jong	-0.0003316628
632	32d	-0.00033170864
632	noriega	-0.00033173044
632	900mw	-0.0003318788
632	intraven	-0.00033197427
632	lassu	-0.00033215946
632	1420	-0.00033216865
632	jian	-0.00033217474
632	peev	-0.00033223024
632	melvyn	-0.00033237747
632	laurel	-0.00033239188
632	daliushu	-0.00033244427
632	resour	-0.00033265582
632	nonviabl	-0.00033265582
632	fr30	-0.00033272456
632	overdepend	-0.0003328298
632	krecek	-0.0003329034
632	szikhart	-0.0003329034
632	roudnic	-0.0003329034
632	rousek	-0.0003329034
632	representative5	-0.0003329034
632	overboard	-0.00033296118
632	deborah	-0.00033334485
632	nonrenew	-0.0003334142
632	croat	-0.00033341703
632	97m	-0.00033342736
632	ladoga	-0.0003335053
632	orion	-0.00033353665
632	schwartzenberg	-0.00033353764
632	awash	-0.00033354075
632	vorkuta	-0.00033364128
632	sinai	-0.00033367262
632	caravan	-0.0003336809
632	368m	-0.00033385257
632	churchil	-0.00033395886
632	1005	-0.00033397897
632	militar	-0.0003339862
632	sander	-0.00033403374
632	pasadena	-0.00033417754
632	stroke	-0.00033420985
632	farewel	-0.00033427562
632	putian	-0.00033434413
632	nizhegorod	-0.00033451998
632	conferenc	-0.00033462187
632	respeci	-0.0003346607
632	mansur	-0.0003348012
632	fraser	-0.00033499888
632	calendar	-0.00033501265
632	sok	-0.00033501783
632	beibu	-0.00033502083
632	homegrown	-0.00033507482
632	corral	-0.0003351354
632	hubert	-0.00033514353
632	feba	-0.0003353835
632	shengji	-0.00033539147
632	hermit	-0.0003355958
632	okrug	-0.00033575646
632	donaldson	-0.00033576603
632	flirtat	-0.00033579575
632	eugenol	-0.00033594776
632	topsoil	-0.00033596097
632	vessei	-0.00033599683
632	jptdd008	-0.00033601327
632	irrevers	-0.00033601405
632	ascet	-0.00033601758
632	voyentekh	-0.00033605515
632	promeksport	-0.00033605515
632	hardwood	-0.00033611737
632	stumbl	-0.0003361211
632	submerg	-0.00033615326
632	techaphaibun	-0.00033638373
632	drchi105	-0.0003364241
632	rarer	-0.00033648487
632	backtrack	-0.00033655445
632	supress	-0.00033675614
632	viabli	-0.00033679942
632	viciou	-0.0003368579
632	babcock	-0.00033691298
632	brz	-0.0003370167
632	artesa	-0.00033704736
632	incur	-0.0003370498
632	dental	-0.00033710035
632	chernyak	-0.0003372331
632	homogen	-0.00033723982
632	junwen	-0.00033733426
632	pembaruan	-0.00033758933
632	imbalanc	-0.0003375944
632	ito	-0.00033777088
632	polyethylen	-0.0003377798
632	866	-0.00033783336
632	matsuhisa	-0.00033790543
632	fist	-0.00033791695
632	unfinish	-0.00033829935
632	0653	-0.00033843346
632	tuaps	-0.0003385853
632	krueger	-0.00033859516
632	wah	-0.00033860997
632	lazi	-0.000338615
632	thereof	-0.0003386448
632	pramutwinai	-0.00033873404
632	2100	-0.0003388212
632	dogma	-0.00033890858
632	khz	-0.0003389266
632	steal	-0.00033896396
632	tekhnopromeksport	-0.00033902258
632	intesa	-0.00033902258
632	median	-0.00033908142
632	csz	-0.0003392422
632	debbi	-0.00033924347
632	oniwa	-0.00033933442
632	hanji	-0.00033933442
632	gregr	-0.000339352
632	electrif	-0.00033944132
632	chatchai	-0.00033949965
632	redempt	-0.00033952
632	chitpusida	-0.0003395242
632	omiss	-0.0003395254
632	nt1	-0.00033961347
632	19bn	-0.00033979697
632	kaen	-0.00033983708
632	7901	-0.00033993705
632	fresno	-0.0003400485
632	temelin	-0.00034012803
632	cartesian	-0.00034041354
632	zujia	-0.00034041953
632	sieberg	-0.00034041953
632	alradi	-0.00034041953
632	hkun	-0.00034043528
632	rendit	-0.00034045757
632	moan	-0.00034047267
632	ohq	-0.00034050678
632	kakitsubo	-0.0003405068
632	fr2	-0.00034058088
632	compass	-0.00034059962
632	hansen	-0.00034060486
632	liaonan	-0.0003406639
632	glorifi	-0.00034067116
632	sophonphanit	-0.00034069637
632	unprecedentedli	-0.00034080294
632	nhiem	-0.00034085932
632	2o	-0.0003408754
632	pincer	-0.00034090027
632	americana	-0.0003410609
632	reawaken	-0.00034109392
632	plotter	-0.00034114614
632	tarasenko	-0.0003412327
632	kola	-0.000341372
632	0589	-0.00034138007
632	mondal	-0.00034154515
632	advocaci	-0.00034159064
632	noon	-0.00034171957
632	flier	-0.00034177958
632	unquestion	-0.00034181206
632	451	-0.000341862
632	naiv	-0.0003419654
632	vebe	-0.00034198305
632	0641	-0.00034199812
632	maguindanao	-0.00034200886
632	pat	-0.00034205738
632	drchi009	-0.00034206628
632	259	-0.00034210546
632	tsuna	-0.00034217138
632	shimyoin	-0.00034217138
632	shimanto	-0.0003421714
632	fubomichi	-0.0003421714
632	rudan	-0.00034217304
632	maceira	-0.00034218555
632	astronaut	-0.0003422232
632	scottish	-0.0003423193
632	portland	-0.0003423479
632	bellot	-0.0003423641
632	fossil	-0.00034244874
632	1940	-0.00034246224
632	tex	-0.0003427017
632	sown	-0.00034278052
632	discriminatori	-0.00034278072
632	wallpap	-0.00034298527
632	clementi	-0.00034308163
632	haiyuan	-0.0003432579
632	fillip	-0.00034336277
632	588	-0.0003434207
632	pailin	-0.00034354473
632	keppel	-0.00034359828
632	cheeri	-0.00034369412
632	bandit	-0.0003436976
632	laptop	-0.00034376516
632	pongswa	-0.00034387707
632	suai	-0.00034397544
632	lenient	-0.00034398655
632	smell	-0.00034401825
632	decontamin	-0.0003440437
632	absurd	-0.0003440634
632	grous	-0.00034413638
632	bohemian	-0.00034417002
632	phimchaichon	-0.00034418795
632	analys	-0.0003441937
632	technolen	-0.0003442294
632	bemoair	-0.0003442294
632	inwest	-0.0003442294
632	juicer	-0.00034423277
632	subhuman	-0.0003445053
632	1246	-0.0003448017
632	fy95	-0.00034489378
632	nixon	-0.0003450027
632	unequ	-0.00034522428
632	febrauri	-0.00034540147
632	drinker	-0.0003454468
632	fend	-0.00034573773
632	hindranc	-0.00034585898
632	svp	-0.000345903
632	graem	-0.00034592595
632	reminisc	-0.00034598415
632	chernomyrdin	-0.00034610488
632	hsi	-0.0003461908
632	junctur	-0.0003463139
632	adjud	-0.00034648602
632	cozi	-0.00034655133
632	intergovernment	-0.000346601
632	prong	-0.0003467127
632	underplai	-0.00034673096
632	rabe	-0.00034677138
632	compendium	-0.00034682767
632	rwz	-0.0003468311
632	pinpoint	-0.00034684179
632	dreas051	-0.00034700186
632	observatori	-0.0003470099
632	wcibrnrd	-0.00034727392
632	hewun	-0.00034727395
632	gandar	-0.00034727395
632	bawlak	-0.00034727395
632	cupwinn	-0.00034736082
632	delor	-0.0003475126
632	ayun	-0.00034751958
632	rancher	-0.00034764048
632	elicit	-0.0003476851
632	mustafa	-0.00034778437
632	boot	-0.00034783396
632	swear	-0.00034784904
632	byung	-0.0003480153
632	yamal	-0.0003480313
632	relish	-0.00034805277
632	52m	-0.00034808094
632	hardesti	-0.00034817113
632	pedophilia	-0.00034817876
632	aubert	-0.00034817876
632	curv	-0.00034829704
632	tula	-0.00034846598
632	spaceship	-0.00034852847
632	dreas061	-0.00034854913
632	chunhawan	-0.00034866383
632	566	-0.00034881485
632	multipolar	-0.00034887812
632	marlen	-0.0003488987
632	lanq	-0.00034892635
632	dreas121	-0.0003491757
632	uneven	-0.0003492693
632	wharton	-0.00034927911
632	ekonomika	-0.00034939504
632	qilu	-0.000349429
632	karel	-0.00034950048
632	5135	-0.0003495634
632	baden	-0.00034959862
632	infuriatingli	-0.00034960243
632	mcmullan	-0.00034960458
632	goalkeep	-0.00034969626
632	touchston	-0.00034975374
632	fractiou	-0.0003498339
632	ifo	-0.00034986803
632	perenni	-0.00034987088
632	popularis	-0.00034989262
632	heck	-0.00034997344
632	natan	-0.0003500231
632	miguel	-0.00035015066
632	patronag	-0.00035017738
632	5759	-0.000350226
632	dlr	-0.00035029463
632	nonreceipt	-0.00035035962
632	resurrect	-0.000350386
632	ingolstadt	-0.00035039344
632	bernardo	-0.00035053023
632	yanchi	-0.00035064825
632	midsiz	-0.00035064894
632	branson	-0.0003506645
632	amu	-0.0003506826
632	culinari	-0.00035077654
632	yuguchi	-0.00035109016
632	mikron	-0.00035112206
632	costum	-0.00035127928
632	westward	-0.00035130035
632	nyi	-0.0003513087
632	uniform	-0.00035133876
632	sondag	-0.00035135742
632	caseload	-0.00035136152
632	primory	-0.00035143207
632	burton	-0.00035152677
632	peniz	-0.00035156697
632	plutocraci	-0.00035161155
632	ruptur	-0.0003517251
632	coloss	-0.00035174235
632	tmi	-0.00035181196
632	backer	-0.00035190643
632	nit	-0.00035200475
632	1700	-0.0003521183
632	seiko	-0.00035218595
632	jptdd009	-0.00035230388
632	603	-0.00035232567
632	jingl	-0.0003524958
632	radiu	-0.0003525601
632	828	-0.00035263697
632	firewood	-0.00035265152
632	ninh	-0.00035265935
632	dkocbac8ft	-0.00035271567
632	644	-0.00035278278
632	seedl	-0.00035297166
632	angst	-0.00035299626
632	agalkin	-0.00035314765
632	borsch	-0.00035326098
632	unwillingli	-0.0003533655
632	ayer	-0.00035341622
632	negami	-0.0003534725
632	nt3	-0.00035376326
632	nt4	-0.00035376326
632	nt2	-0.00035376326
632	nuanc	-0.00035387577
632	mincer	-0.00035392636
632	sprinter	-0.0003539703
632	sanctuari	-0.00035399906
632	songkhla	-0.00035400272
632	nana	-0.00035404903
632	robber	-0.00035407988
632	vill	-0.00035431056
632	pazzia	-0.00035435788
632	champassak	-0.00035437066
632	thach	-0.00035453684
632	ditacen	-0.00035460287
632	trityl	-0.00035460287
632	disorgan	-0.00035463294
632	scalfari	-0.00035464123
632	mnz	-0.00035470453
632	721	-0.00035470803
632	donghui	-0.00035472758
632	fumiyo	-0.00035473634
632	bred	-0.00035477467
632	replant	-0.00035477788
632	ginseng	-0.00035477823
632	5341	-0.0003547788
632	bmp	-0.00035511158
632	abda	-0.00035519275
632	jug	-0.0003552197
632	royalist	-0.00035527
632	449	-0.0003553093
632	jabal	-0.0003556326
632	convivi	-0.00035577512
632	lampang	-0.00035577873
632	coher	-0.0003559244
632	hannov	-0.00035594776
632	menac	-0.00035594866
632	subgroup	-0.00035600987
632	3000	-0.00035607716
632	1143	-0.0003563599
632	sabela	-0.00035637565
632	mast	-0.00035650493
632	weizsack	-0.0003565299
632	shevardnadz	-0.0003565882
632	kaneko	-0.00035669786
632	affidavit	-0.00035672777
632	visionari	-0.00035687114
632	tho	-0.00035690403
632	nishiomot	-0.00035693092
632	bionanostructur	-0.00035693092
632	heatedli	-0.0003569429
632	untouch	-0.00035708043
632	tunisian	-0.00035714102
632	unhealthi	-0.0003571828
632	4681	-0.00035719268
632	junid	-0.00035719268
632	nic	-0.00035723005
632	sporitelna	-0.00035724518
632	jersei	-0.00035729297
632	rotex	-0.00035731288
632	tongbu	-0.00035732586
632	juggernaut	-0.00035736806
632	0949	-0.0003574334
632	zhujiang	-0.0003578738
632	boleslav	-0.00035788532
632	544	-0.00035789039
632	caricatur	-0.00035795112
632	tarmac	-0.000358137
632	maldivian	-0.00035813742
632	railhead	-0.00035815718
632	2477	-0.00035837624
632	argu	-0.00035843128
632	jianmin	-0.0003584865
632	mose	-0.0003585735
632	immuno	-0.00035864065
632	arv	-0.00035872476
632	phomvihan	-0.00035878466
632	watan	-0.00035879752
632	conceptu	-0.00035881702
632	defus	-0.00035886723
632	mikhnevich	-0.00035897805
632	siegfri	-0.00035900975
632	0o0	-0.00035932567
632	insecur	-0.00035936857
632	undersecretari	-0.0003594792
632	attornei	-0.00035949366
632	latvia	-0.00035954575
632	ei	-0.00035964133
632	woodwork	-0.00035964377
632	bee	-0.00035976854
632	recultiv	-0.000359841
632	kastyrin	-0.00035993455
632	y24	-0.0003599695
632	claw	-0.00036012183
632	placard	-0.0003601281
632	scathingli	-0.00036046232
632	kathryn	-0.00036047059
632	rachid	-0.0003605001
632	fiasco	-0.00036071244
632	murayama	-0.00036073726
632	tug	-0.00036076456
632	misunderstand	-0.00036078226
632	smash	-0.00036087708
632	novelti	-0.0003608812
632	536	-0.00036091905
632	daelim	-0.00036112466
632	tamil	-0.00036120557
632	hussein	-0.0003612074
632	ubon	-0.0003612258
632	kayson	-0.0003612258
632	sirivut	-0.00036131215
632	taha	-0.0003613195
632	sotero	-0.00036133587
632	bronz	-0.00036137417
632	643	-0.00036142362
632	careless	-0.00036152443
632	balconi	-0.0003615373
632	jaido	-0.00036165517
632	metastas	-0.00036174594
632	thao	-0.0003617882
632	newborn	-0.00036196242
632	pond	-0.00036211396
632	brook	-0.00036227517
632	augment	-0.0003624388
632	promyshlennaya	-0.00036252904
632	releg	-0.000362558
632	grab	-0.00036258408
632	8989	-0.00036260908
632	weighti	-0.0003626466
632	zp	-0.00036271857
632	531	-0.00036285107
632	behest	-0.0003630007
632	stalem	-0.00036305565
632	roe	-0.0003631086
632	outcrop	-0.00036311118
632	xxvi	-0.0003631776
632	wilcox	-0.0003631815
632	prudent	-0.00036322532
632	solut	-0.00036323618
632	madin	-0.0003633649
632	pasqual	-0.0003633838
632	yudono	-0.00036338667
632	etcetera	-0.0003635607
632	1915	-0.00036358729
632	connecticut	-0.00036359308
632	tall	-0.00036365155
632	nhat	-0.0003636621
632	macho	-0.0003636667
632	9th	-0.00036371252
632	barricad	-0.0003637944
632	kc500	-0.00036393176
632	salween	-0.00036394424
632	tori	-0.00036406956
632	entomologist	-0.00036408848
632	ca	-0.00036414177
632	masahisa	-0.00036426284
632	trait	-0.00036443453
632	cz	-0.00036446628
632	psychokinesi	-0.0003648523
632	audiovisu	-0.00036497408
632	kojima	-0.00036506096
632	sunchon	-0.0003650831
632	bronx	-0.0003651096
632	svgl	-0.00036514446
632	iwatani	-0.00036514446
632	blah	-0.00036519527
632	kaunda	-0.00036523203
632	foresighted	-0.00036525735
632	yunlong	-0.00036534423
632	formosa	-0.00036536355
632	y22	-0.00036536358
632	dodwel	-0.0003654641
632	siew	-0.00036558544
632	togo	-0.00036563253
632	brilliant	-0.00036570287
632	ronald	-0.00036596163
632	assessor	-0.00036599083
632	roh	-0.0003660719
632	radiotelephon	-0.00036610494
632	highpoint	-0.00036616353
632	ram	-0.00036616487
632	956	-0.0003661852
632	uproar	-0.00036620142
632	drweu061	-0.00036620753
632	gorin	-0.0003664112
632	melco	-0.00036650428
632	liveabl	-0.00036654202
632	fifti	-0.00036679365
632	1951	-0.0003667964
632	penal	-0.0003668074
632	immol	-0.00036710096
632	toughest	-0.00036724153
632	conto	-0.00036726767
632	collar	-0.00036733158
632	tentacl	-0.00036746485
632	mercenari	-0.000367513
632	1215	-0.00036755338
632	izon	-0.00036758048
632	academia	-0.00036761016
632	1938	-0.0003676223
632	lago	-0.0003676523
632	schengen	-0.00036768502
632	unreport	-0.00036769672
632	fiefdom	-0.00036774602
632	tame	-0.0003677983
632	armouri	-0.0003678588
632	fleetingli	-0.00036788653
632	402	-0.0003679053
632	baguio	-0.00036798042
632	handgun	-0.0003680524
632	troika	-0.00036809946
632	ruhollah	-0.00036818892
632	novorossiysk	-0.00036820406
632	aventur	-0.00036822254
632	ayia	-0.00036822254
632	humankind	-0.00036833566
632	sentra	-0.00036833834
632	scarf	-0.00036851785
632	micrograv	-0.00036865074
632	supervisor	-0.00036870228
632	p4812	-0.000368814
632	gunmen	-0.00036893494
632	thingangyun	-0.000368999
632	vorkutaugol	-0.00036918462
632	surgic	-0.00036929327
632	surabaya	-0.00036933884
632	midpoint	-0.00036955744
632	holei	-0.00036973177
632	6460	-0.00036977013
632	chord	-0.00036987488
632	appeas	-0.00036996324
632	transcaucasu	-0.0003700137
632	drchi111	-0.00037003943
632	eastwood	-0.0003700886
632	435	-0.00037033902
632	saha	-0.00037035218
632	dm2bn	-0.00037037776
632	sonar	-0.00037039933
632	clifton	-0.0003705621
632	eska	-0.00037056644
632	deft	-0.00037067634
632	caretak	-0.0003708821
632	jenrett	-0.00037093816
632	34bn	-0.0003709438
632	y23	-0.00037100224
632	maom	-0.00037113213
632	eeu	-0.00037123673
632	jpten009	-0.0003712402
632	unauthoris	-0.0003713035
632	hick	-0.00037134803
632	lufkin	-0.0003713839
632	beverli	-0.00037148237
632	thiev	-0.0003716116
632	demonetis	-0.00037164986
632	outperform	-0.000371727
632	brickyard	-0.00037183097
632	innoc	-0.0003718368
632	prem	-0.0003720314
632	twofold	-0.0003720564
632	stockton	-0.00037208348
632	rangsi	-0.00037222097
632	1875	-0.00037227562
632	bdz	-0.000372312
632	cassidi	-0.00037238325
632	lascaux	-0.00037239838
632	damian	-0.00037242007
632	saver	-0.0003724304
632	intuit	-0.0003724776
632	sugimoto	-0.00037263404
632	caprici	-0.000372695
632	zamboanga	-0.0003727517
632	manzhouli	-0.00037279705
632	utusan	-0.00037280383
632	khanh	-0.00037290045
632	issuer	-0.00037290275
632	khasan	-0.0003729431
632	holdsworth	-0.00037295767
632	yashica	-0.00037304254
632	homosexu	-0.0003730951
632	explic	-0.00037322077
632	notif	-0.00037324574
632	hongqiao	-0.00037326504
632	bulldog	-0.0003733484
632	veneer	-0.0003733783
632	adversari	-0.0003735245
632	basak	-0.00037357642
632	huim	-0.00037358166
632	maradona	-0.00037367677
632	induct	-0.0003737377
632	underw	-0.00037378402
632	kc100	-0.00037396734
632	p16	-0.00037407046
632	solomon	-0.00037408306
632	refrain	-0.00037415276
632	midwiv	-0.00037442677
632	nsp	-0.00037443405
632	bearhug	-0.00037446697
632	carnag	-0.00037457305
632	cliqu	-0.00037471257
632	pawlak	-0.00037472963
632	drchi096ep	-0.00037492818
632	tongyang	-0.00037493365
632	shame	-0.0003749471
632	328m	-0.00037502992
632	cincinnati	-0.00037511374
632	airbag	-0.00037512623
632	memoranda	-0.00037532698
632	illegitim	-0.0003753363
632	abrog	-0.00037533836
632	2651	-0.00037539686
632	worrisom	-0.0003754344
632	ici	-0.00037546112
632	knu	-0.00037549422
632	sami	-0.00037554276
632	dingbian	-0.0003755646
632	diald	-0.0003755646
632	huanxian	-0.0003755646
632	bacteri	-0.00037558834
632	mecaniqu	-0.00037564614
632	syrian	-0.0003756811
632	algerian	-0.00037570263
632	1mw	-0.00037579218
632	seneg	-0.00037597565
632	sixteenth	-0.00037598514
632	drweu053	-0.00037613523
632	elitist	-0.00037615543
632	suffic	-0.000376192
632	nun	-0.00037636494
632	jpcar004	-0.00037638948
632	nmmc	-0.00037641302
632	dreas090	-0.00037642525
632	thermo	-0.00037643264
632	stark	-0.0003764932
632	hoan	-0.00037649836
632	kocarnik	-0.00037663456
632	dessert	-0.0003767941
632	starv	-0.0003769543
632	dawna	-0.00037704807
632	russo	-0.00037706245
632	htin	-0.0003771157
632	krasnodar	-0.0003771232
632	p3671	-0.00037712845
632	minesweep	-0.00037713491
632	bopp	-0.00037717272
632	diaspora	-0.00037736184
632	lile	-0.00037737202
632	estuarin	-0.00037740264
632	commercialis	-0.0003775319
632	liner	-0.00037753538
632	lama	-0.00037769726
632	joanna	-0.0003778726
632	verdict	-0.00037798565
632	preserv	-0.00037820454
632	ganchang	-0.0003782088
632	ist	-0.00037825358
632	informat	-0.00037828763
632	kozyrev	-0.00037840276
632	kilovolt	-0.00037840434
632	unsuspect	-0.00037845215
632	russel	-0.00037846522
632	lang	-0.00037854275
632	fy97	-0.00037864345
632	overjoi	-0.00037867177
632	disobei	-0.0003787198
632	29th	-0.000378801
632	1937	-0.00037881723
632	bcc	-0.00037886392
632	118	-0.00037899884
632	bote	-0.00037910682
632	yusuf	-0.00037910978
632	roi	-0.00037920693
632	ennahdah	-0.00037922806
632	434m	-0.0003792732
632	dongguan	-0.00037933225
632	interlocutor	-0.0003794446
632	moss	-0.00037959454
632	foolish	-0.00037960935
632	toan	-0.00037961407
632	cppcc	-0.00037977286
632	kaitaku	-0.0003797747
632	aungban	-0.0003798275
632	ecosystem	-0.00037985086
632	stdb	-0.00037998316
632	peregrin	-0.00038000807
632	blini	-0.00038003759
632	ehvd2aezft	-0.00038005365
632	paldisk	-0.00038005365
632	gritz	-0.00038008293
632	kamon	-0.000380111
632	amnat	-0.000380111
632	thamrin	-0.000380111
632	p15	-0.00038011398
632	555m	-0.00038016256
632	922	-0.00038038005
632	p4953	-0.00038042897
632	magnet	-0.0003804414
632	daini	-0.0003804827
632	kerr	-0.0003805538
632	arakan	-0.00038065933
632	kovacik	-0.00038086338
632	adjourn	-0.00038091393
632	bust	-0.0003809201
632	petron	-0.000381059
632	bing	-0.0003811161
632	evacu	-0.00038117918
632	jackson	-0.0003811814
632	marxism	-0.0003812331
632	kwan	-0.00038125087
632	sandbar	-0.00038129967
632	prek	-0.00038130535
632	beachhead	-0.0003813619
632	kc200	-0.00038140579
632	tetsuro	-0.000381483
632	guilt	-0.0003815635
632	stole	-0.00038157028
632	vesti	-0.00038157895
632	boldfac	-0.00038164854
632	reproduct	-0.0003818548
632	siphon	-0.00038188224
632	637	-0.00038198044
632	krupskaya	-0.00038200791
632	primorskugol	-0.00038200797
632	phare	-0.00038224342
632	prudenc	-0.0003823157
632	curfew	-0.0003823324
632	intrasector	-0.0003823804
632	ixl	-0.00038242296
632	kengtung	-0.00038247116
632	txt	-0.00038252957
632	greener	-0.00038265958
632	cbc	-0.00038266488
632	teler	-0.0003826659
632	chungcheng	-0.00038271275
632	eot	-0.000382757
632	horrif	-0.0003827741
632	leaner	-0.0003828103
632	crusher	-0.00038305417
632	pampanga	-0.00038324905
632	canova	-0.00038324945
632	dufoureq	-0.00038344806
632	negro	-0.00038345365
632	cricket	-0.00038348828
632	motoko	-0.0003835121
632	kontsern	-0.00038365007
632	angstrem	-0.0003836501
632	6988	-0.00038369512
632	lo	-0.00038381628
632	springboard	-0.000383857
632	malari	-0.00038409705
632	tirana	-0.0003841216
632	paolo	-0.0003841292
632	marineau	-0.00038422042
632	sewer	-0.00038434818
632	sanpya	-0.0003843731
632	hurriedli	-0.00038441247
632	evad	-0.00038442863
632	goj	-0.00038443477
632	amphetamin	-0.00038457144
632	narrowest	-0.00038462924
632	boatload	-0.00038469216
632	solita	-0.00038474269
632	jue	-0.0003848659
632	bundung	-0.00038488695
632	kunachada	-0.00038488695
632	coerciv	-0.00038489728
632	calvinist	-0.00038496417
632	inchon	-0.0003849904
632	folklor	-0.00038504458
632	remuner	-0.00038514653
632	398m	-0.00038523416
632	ligaya	-0.00038527747
632	498	-0.00038541754
632	misinform	-0.00038553975
632	esl	-0.0003856593
632	normalis	-0.00038566338
632	climax	-0.00038569907
632	santai	-0.00038573338
632	lantau	-0.00038585192
632	bahrain	-0.00038594526
632	wallow	-0.00038598405
632	fred	-0.00038622855
632	ssii	-0.00038631124
632	jpest005	-0.00038633813
632	ddi	-0.00038639037
632	milholland	-0.00038653982
632	y100	-0.00038654442
632	purview	-0.00038662727
632	plesetsk	-0.00038677128
632	ghannouchi	-0.00038678283
632	myasnikov	-0.0003868016
632	nystrom	-0.0003868031
632	murphi	-0.0003870759
632	reev	-0.0003870875
632	antipersonnel	-0.00038721928
632	imperium	-0.0003872335
632	clacaagmft	-0.00038734713
632	vez	-0.00038742024
632	fervent	-0.00038745147
632	sharma	-0.00038758977
632	436	-0.0003875991
632	tulaugol	-0.0003876529
632	r440	-0.00038765292
632	severino	-0.00038766707
632	maastricht	-0.00038771358
632	sinica	-0.00038783564
632	howl	-0.00038790936
632	nonmanufactur	-0.00038798634
632	filipina	-0.00038799804
632	maggot	-0.0003881349
632	flora	-0.0003882318
632	hyon	-0.00038823206
632	mason	-0.000388234
632	db	-0.00038825424
632	dusti	-0.0003882561
632	edm	-0.00038826835
632	hopang	-0.0003882949
632	dumez	-0.00038837656
632	icon	-0.00038855762
632	creas	-0.00038858995
632	5p	-0.00038869094
632	louder	-0.00038870933
632	1352	-0.00038881743
632	mogadishu	-0.00038891868
632	detach	-0.00038908058
632	rape	-0.00038913736
632	quaker	-0.00038922534
632	kempster	-0.00038923672
632	reprocess	-0.0003892453
632	blemish	-0.0003892715
632	weed	-0.00038937252
632	ecotourist	-0.00038944124
632	francesco	-0.0003894718
632	informatiqu	-0.000389495
632	p2899	-0.00038963344
632	tochigi	-0.00038969456
632	indebted	-0.0003897029
632	salong	-0.0003900123
632	oro	-0.00039001624
632	filer	-0.00039011287
632	phoni	-0.00039014118
632	bombardi	-0.00039015658
632	brutish	-0.00039028714
632	sae	-0.00039032224
632	2030	-0.00039032995
632	rekindl	-0.00039036095
632	964	-0.00039050862
632	archeolog	-0.0003905285
632	lib	-0.00039053295
632	lawmak	-0.00039064224
632	islamist	-0.00039111142
632	sihanoukvil	-0.00039125295
632	redraft	-0.00039131413
632	recurr	-0.0003913202
632	doubt	-0.00039132996
632	comoro	-0.00039143505
632	lotteri	-0.00039174387
632	viral	-0.00039178002
632	elco	-0.00039178072
632	maha	-0.00039181433
632	prefix	-0.00039186177
632	altruism	-0.00039188672
632	wallet	-0.0003922208
632	skirt	-0.0003922285
632	lesotho	-0.0003922578
632	aldehyd	-0.0003923331
632	likemind	-0.00039237732
632	maiden	-0.00039241413
632	neophyt	-0.0003924413
632	a5	-0.00039245805
632	nasr	-0.0003924893
632	radisson	-0.0003926357
632	egtebaa2ft	-0.000392645
632	pyint	-0.0003927494
632	servicemen	-0.0003927868
632	609	-0.0003928438
632	46m	-0.0003928817
632	maka	-0.00039295564
632	komsomolskaya	-0.00039311356
632	gusinoozersk	-0.00039317037
632	boguchanskaya	-0.0003931704
632	homestead	-0.00039320588
632	ignomini	-0.00039329394
632	voter	-0.00039333332
632	sentaku	-0.0003933555
632	dreas109	-0.00039336472
632	changeov	-0.00039336804
632	cowork	-0.00039340853
632	sipa	-0.0003934163
632	expuls	-0.00039344345
632	elev	-0.00039346243
632	karma	-0.00039351158
632	shrinkag	-0.0003935592
632	messer	-0.00039370786
632	mediterranean	-0.00039374758
632	spero	-0.00039378856
632	disquiet	-0.00039390306
632	sur	-0.00039401645
632	1244	-0.00039414506
632	jpusr038	-0.00039414712
632	bellflow	-0.00039420347
632	fathom	-0.00039425347
632	simpang	-0.0003943037
632	dimens	-0.0003943978
632	zapadnaya	-0.00039443382
632	album	-0.00039454421
632	lome	-0.0003947227
632	doorstep	-0.00039473633
632	debtor	-0.00039479413
632	mediev	-0.00039508188
632	phenomena	-0.0003952226
632	swiftli	-0.00039523587
632	dreas045	-0.0003955834
632	ngin	-0.00039565275
632	radionuclid	-0.00039575188
632	monori	-0.00039583846
632	abet	-0.00039588736
632	stigma	-0.00039590502
632	gaishi	-0.0003959348
632	uf	-0.00039598075
632	geometri	-0.00039601832
632	cnn	-0.00039602016
632	eisf8aevft	-0.0003962072
632	cloudi	-0.0003962597
632	oura	-0.00039651385
632	lyon	-0.00039679647
632	noboru	-0.000396828
632	archivist	-0.00039695145
632	unpreced	-0.00039709162
632	bertrand	-0.00039709246
632	wirtschaftswoch	-0.0003970934
632	unitari	-0.00039714476
632	taehan	-0.00039719298
632	scorch	-0.00039733914
632	interrel	-0.00039750768
632	anam	-0.00039753638
632	kosic	-0.00039760798
632	dakb8aclft	-0.00039762195
632	shinkichi	-0.00039762195
632	sa	-0.000397638
632	withdrawn	-0.00039775274
632	laman	-0.0003978259
632	minded	-0.0003978424
632	hamzah	-0.00039787032
632	2638	-0.00039792206
632	carignon	-0.0003979586
632	admin	-0.00039797707
632	newark	-0.00039809922
632	boldest	-0.00039810056
632	rossiyskiy	-0.00039810484
632	slovenia	-0.0003982317
632	pencil	-0.00039841054
632	dow	-0.00039846194
632	benin	-0.00039881247
632	el	-0.00039906736
632	anchor	-0.0003990991
632	fasken	-0.00039912917
632	dang	-0.00039916774
632	udmurtia	-0.00039924218
632	langkong	-0.00039925173
632	tripartit	-0.00039925365
632	milsom	-0.00039926168
632	counterweight	-0.0003992656
632	surrog	-0.00039952403
632	raft	-0.0003995318
632	saddam	-0.00039958648
632	nauchnyi	-0.00039963456
632	videomonitor	-0.00039963456
632	coinless	-0.00039963456
632	mouthpiec	-0.0003996624
632	axi	-0.0003996811
632	poni	-0.00039987653
632	sizzl	-0.00039989653
632	sakutaro	-0.000399901
632	longitud	-0.0003999526
632	exam	-0.00040000828
632	1876	-0.00040010293
632	callous	-0.0004002274
632	balochistan	-0.00040024208
632	lynx	-0.00040026204
632	yamaichi	-0.00040043177
632	1383	-0.00040048096
632	mantra	-0.0004006498
632	absent	-0.0004006549
632	malacanang	-0.0004008484
632	weav	-0.00040098064
632	hoist	-0.00040124226
632	48th	-0.00040129977
632	mpcc	-0.0004015229
632	unblemish	-0.00040154296
632	preservationist	-0.00040160122
632	hose	-0.0004017778
632	yime	-0.00040184442
632	tennesse	-0.0004018667
632	pyeithu	-0.0004018907
632	chungang	-0.00040191045
632	liveri	-0.0004019469
632	daoyu	-0.0004021261
632	gibbon	-0.00040215967
632	eisuk	-0.0004022208
632	strakonic	-0.00040244433
632	griego	-0.00040248374
632	saddl	-0.00040265327
632	shoo	-0.0004027047
632	macroregul	-0.00040272254
632	kiniti	-0.0004027265
632	absenc	-0.00040279154
632	tampin	-0.0004027931
632	sugiyo	-0.0004027931
632	bishnu	-0.0004027931
632	thapa	-0.0004027931
632	telok	-0.0004027931
632	severokuzbassugol	-0.000402926
632	tsentralnaya	-0.000402926
632	princess	-0.0004029363
632	yonggwang	-0.0004029879
632	triumph	-0.0004029908
632	lewi	-0.00040322286
632	dem	-0.00040322857
632	chewton	-0.00040332632
632	katmandu	-0.00040333756
632	mak	-0.00040334824
632	guanli	-0.00040338177
632	peck	-0.00040340514
632	iloco	-0.00040342993
632	puls	-0.00040344792
632	millilit	-0.00040351125
632	0359	-0.0004036579
632	pyramid	-0.00040379885
632	299	-0.00040382196
632	p7999	-0.00040396146
632	greedi	-0.00040437342
632	deadliest	-0.00040447427
632	320m	-0.00040452238
632	litmu	-0.00040470294
632	noriko	-0.0004047912
632	kansei	-0.00040483172
632	lui	-0.00040493484
632	mol	-0.00040493748
632	mahachakri	-0.00040504054
632	reilli	-0.0004050927
632	sneak	-0.00040516353
632	straightforward	-0.0004051942
632	goodi	-0.00040530923
632	dawei	-0.00040531077
632	kumagaya	-0.00040531124
632	superson	-0.00040535105
632	10bn	-0.00040535588
632	halia	-0.00040536962
632	burzovni	-0.0004054246
632	rawi	-0.00040544147
632	0319	-0.00040556444
632	interrog	-0.00040564587
632	y160	-0.00040565943
632	unremark	-0.0004059377
632	firepow	-0.00040596674
632	004l	-0.0004060561
632	jpjst004	-0.0004060561
632	3595	-0.00040610213
632	zafar	-0.0004061998
632	ana	-0.0004062168
632	shing	-0.000406264
632	cholesterol	-0.00040629954
632	faruq	-0.00040635568
632	cure	-0.00040638103
632	pao	-0.00040651183
632	majest	-0.00040670892
632	luster	-0.0004067944
632	harpoon	-0.00040688945
632	laden	-0.00040693884
632	zedong	-0.0004070299
632	tuckson	-0.00040718575
632	shadawn	-0.00040718575
632	twana	-0.00040718575
632	scout	-0.00040719748
632	thnaot	-0.00040734102
632	a6	-0.00040740875
632	rack	-0.00040754554
632	abreast	-0.00040756995
632	lobster	-0.0004075756
632	ngoc	-0.00040760342
632	nhk	-0.00040761786
632	outer	-0.00040775392
632	stoltenberg	-0.0004077806
632	lima	-0.00040786466
632	veer	-0.00040816455
632	skewer	-0.00040824938
632	stranglehold	-0.00040828163
632	unsuccessfulli	-0.0004083911
632	nedo	-0.0004085793
632	calam	-0.00040861414
632	illiber	-0.00040862715
632	steven	-0.00040869747
632	thit	-0.00040876973
632	prerog	-0.00040902122
632	criterion	-0.00040903824
632	suchai	-0.00040905175
632	allei	-0.00040912928
632	interlock	-0.00040920888
632	kama	-0.0004092787
632	543	-0.00040935018
632	phanitchaphak	-0.00040949264
632	jptdd014	-0.0004095307
632	pererabotki	-0.00040955152
632	irganayskaya	-0.00040955152
632	kharanorskaya	-0.00040955152
632	bureya	-0.00040955152
632	glubina	-0.00040955152
632	mcoal	-0.00040955152
632	savinskoy	-0.00040955152
632	horn	-0.00040971694
632	greenland	-0.00040977733
632	nyerer	-0.00040978784
632	wealthier	-0.0004099679
632	dornan	-0.00040997737
632	interfac	-0.00041004695
632	shigeto	-0.00041007248
632	analog	-0.00041010944
632	circumv	-0.00041014585
632	sensat	-0.00041019026
632	eradic	-0.00041032868
632	tamper	-0.00041033942
632	relentlessli	-0.0004104513
632	blacksmith	-0.00041056648
632	0700	-0.00041059454
632	johan	-0.00041061803
632	isz	-0.00041065767
632	deaf	-0.00041072312
632	pasta	-0.00041081975
632	crackl	-0.0004108544
632	tanino	-0.00041118544
632	reveng	-0.0004112614
632	phe	-0.00041130005
632	zosen	-0.00041132834
632	fitter	-0.0004113457
632	eildeafoft	-0.0004115223
632	556mm	-0.00041152237
632	kangli	-0.00041158753
632	nagaoka	-0.0004117635
632	cautiou	-0.00041201222
632	avid	-0.00041214505
632	tommi	-0.0004121482
632	kosovo	-0.00041219377
632	asynchron	-0.00041232578
632	yellowston	-0.00041233617
632	regret	-0.00041241656
632	pko	-0.0004124405
632	224	-0.00041257194
632	nonprolifer	-0.00041260858
632	anatolian	-0.00041266228
632	prowess	-0.00041268818
632	isetan	-0.00041273786
632	hsiang	-0.0004127926
632	menem	-0.00041296202
632	rundown	-0.0004132474
632	flown	-0.00041371788
632	dagger	-0.00041375795
632	1252	-0.0004137959
632	guarantor	-0.00041415187
632	banpa	-0.0004141591
632	ghale	-0.0004141591
632	yint	-0.0004141591
632	brandan	-0.0004141591
632	thupten	-0.0004141591
632	khow	-0.0004141591
632	pinlebu	-0.0004141591
632	ng	-0.00041424975
632	emu	-0.00041427714
632	smirnovskaya	-0.00041429568
632	tayezhnaya	-0.00041429568
632	kizelugol	-0.00041429568
632	anzherskaya	-0.00041429568
632	insurrect	-0.00041432746
632	bounti	-0.000414358
632	invert	-0.00041449285
632	marrakesh	-0.00041458043
632	bumbl	-0.00041460423
632	maclain	-0.00041462303
632	cinta	-0.0004146669
632	simplist	-0.0004147515
632	toepfer	-0.00041487598
632	rat	-0.0004148915
632	unexception	-0.00041513963
632	160bn	-0.00041521026
632	grinder	-0.0004152114
632	ozal	-0.0004152318
632	wuerttemberg	-0.00041523678
632	geophys	-0.00041529306
632	jink	-0.00041531058
632	ossetian	-0.00041532234
632	reorient	-0.000415415
632	attest	-0.0004154287
632	wade	-0.0004154574
632	twain	-0.00041566332
632	p8621	-0.00041578675
632	magic	-0.00041581292
632	dole	-0.0004158243
632	indign	-0.00041586015
632	wafula	-0.0004158863
632	kanchanaya	-0.0004158863
632	mesadyl	-0.0004158863
632	zaythit	-0.0004158863
632	yargyi	-0.0004158863
632	mitchai	-0.0004158863
632	thabyai	-0.0004158863
632	garung	-0.0004158863
632	chomwong	-0.0004158863
632	kyaunggyizu	-0.0004158863
632	sathitthawonkun	-0.0004158863
632	arkgyi	-0.0004158863
632	amaechi	-0.0004158863
632	panyadi	-0.0004158863
632	meyang	-0.0004158863
632	bonkyaung	-0.0004158863
632	hasti	-0.00041595564
632	steamer	-0.00041595873
632	5th	-0.0004160518
632	whitten	-0.0004160534
632	charmil	-0.0004161388
632	capacitor	-0.00041614537
632	y98	-0.00041628384
632	win	-0.00041629912
632	3109	-0.00041664275
632	lujan	-0.0004167041
632	bancshar	-0.00041670582
632	khami	-0.00041671476
632	longman	-0.00041673073
632	gummer	-0.00041685117
632	naw	-0.00041690585
632	mccaw	-0.0004170326
632	cynic	-0.00041704942
632	arbitrageur	-0.00041720617
632	fundment	-0.00041722314
632	uncount	-0.0004173066
632	nigel	-0.00041751136
632	technogen	-0.00041756046
632	571	-0.00041768982
632	headinglei	-0.0004177082
632	yani	-0.0004178625
632	turgut	-0.0004179752
632	meiji	-0.00041802417
632	glove	-0.0004180538
632	p6799	-0.00041806378
632	curat	-0.00041806448
632	ct	-0.000418146
632	unwittingli	-0.00041818965
632	rohrabach	-0.00041820962
632	megaton	-0.00041844117
632	yankin	-0.00041849457
632	copiou	-0.00041853165
632	archdioces	-0.00041877097
632	imeni	-0.00041881343
632	dreas066bb	-0.0004188354
632	guyuan	-0.00041899557
632	kcy	-0.00041904408
632	mikio	-0.00041904705
632	checker	-0.0004190707
632	heathrow	-0.00041910142
632	sidhva	-0.0004191898
632	andaman	-0.0004192572
632	hector	-0.00041971836
632	arian	-0.00041971903
632	garcia	-0.00041972662
632	sonet	-0.00041984348
632	thermos	-0.00041984962
632	woke	-0.00041988492
632	aba	-0.00041991207
632	93bn	-0.00041991708
632	nipponica	-0.00041996286
632	dreas060bb	-0.00041996286
632	wlll	-0.00041996286
632	anzcerta	-0.00041996286
632	economlc	-0.00041996286
632	oreshkin	-0.00041996743
632	kyaikkasan	-0.0004201124
632	bulgakov	-0.0004203663
632	scar	-0.00042047427
632	sasebo	-0.00042054005
632	guam	-0.00042064756
632	ari	-0.00042079858
632	misappropri	-0.0004208146
632	spate	-0.00042108097
632	novgorod	-0.0004212588
632	grimi	-0.00042127154
632	starr	-0.00042136642
632	681	-0.00042143042
632	unmatch	-0.00042145545
632	mti	-0.0004214928
632	pegu	-0.00042152402
632	yurii	-0.00042164518
632	playhous	-0.0004217036
632	outgrown	-0.00042173002
632	stadium	-0.0004217423
632	matern	-0.0004218155
632	kc8	-0.000421884
632	thirsti	-0.00042202845
632	surf	-0.00042206922
632	substandard	-0.00042210752
632	magadan	-0.00042221948
632	ignalina	-0.00042223564
632	semiautomat	-0.00042228983
632	faucet	-0.00042238302
632	563	-0.0004223899
632	urumqi	-0.00042239635
632	hubei	-0.00042250621
632	xinx	-0.0004226013
632	gamma	-0.00042266966
632	mover	-0.0004226703
632	meld	-0.0004226817
632	koo	-0.00042277065
632	druri	-0.00042277068
632	robinson	-0.0004228675
632	debut	-0.00042300715
632	wayn	-0.00042300954
632	seawat	-0.00042307132
632	dgbcvahkft	-0.00042307965
632	freeman	-0.00042312907
632	sear	-0.00042314717
632	3769	-0.00042314772
632	rostov	-0.000423739
632	damn	-0.00042375218
632	respit	-0.00042377782
632	jpuma014	-0.00042381458
632	sussex	-0.00042382663
632	pte	-0.00042393306
632	birthdai	-0.00042405736
632	intergovern	-0.000424091
632	stamina	-0.0004240973
632	rongqiao	-0.00042431668
632	fuqin	-0.00042431668
632	spuriou	-0.00042433033
632	rosvooruzheniya	-0.00042438315
632	kudo	-0.00042443073
632	intention	-0.00042446985
632	derail	-0.00042452198
632	743	-0.00042452253
632	judici	-0.00042465833
632	grenfel	-0.00042480472
632	5815	-0.00042481974
632	gloriou	-0.00042495222
632	krupp	-0.00042511115
632	hideyuki	-0.0004252548
632	ebgc7aetft	-0.00042531395
632	keeness	-0.0004253232
632	chernozem	-0.00042532393
632	emancip	-0.0004254513
632	kigali	-0.00042546898
632	sinew	-0.0004254811
632	stronghold	-0.0004255961
632	vine	-0.0004256344
632	rouyrin	-0.00042609457
632	pagsanjan	-0.00042609457
632	chaivalit	-0.00042609457
632	atisap	-0.00042609457
632	anthro	-0.00042609457
632	ahunbai	-0.00042609457
632	kovalam	-0.00042609457
632	drchi124	-0.0004263401
632	vuong	-0.0004263856
632	15km	-0.00042638998
632	barshefski	-0.00042645494
632	ffc	-0.0004265475
632	painter	-0.0004266248
632	rustic	-0.00042680083
632	thurakit	-0.00042684728
632	albani	-0.00042688707
632	1911	-0.0004271108
632	unexcit	-0.00042719766
632	grain	-0.0004272065
632	payout	-0.00042724668
632	waterfal	-0.00042724816
632	dilapid	-0.00042725928
632	hugh	-0.00042733233
632	49th	-0.00042734455
632	nestl	-0.00042735136
632	dodd	-0.00042741885
632	invinc	-0.00042744694
632	petro	-0.00042756487
632	ruthless	-0.00042760413
632	stolypin	-0.00042760922
632	dizabaa7ft	-0.00042763635
632	nizhnii	-0.00042784738
632	5900	-0.0004278821
632	astronom	-0.0004279649
632	mazak	-0.00042796522
632	shuikou	-0.00042801927
632	sceneri	-0.00042820186
632	levitski	-0.00042821452
632	linda	-0.00042827896
632	ce0awaagft	-0.00042846144
632	launder	-0.00042850323
632	choonhavan	-0.00042854674
632	mwanza	-0.00042859043
632	churn	-0.00042878088
632	marshi	-0.0004288271
632	jiddah	-0.00042886403
632	kokang	-0.000429012
632	938	-0.00042905053
632	hernandez	-0.00042913712
632	blockbust	-0.00042923962
632	denni	-0.0004292918
632	spider	-0.00042931057
632	va	-0.0004293534
632	triannual	-0.0004294558
632	428	-0.00042954003
632	nox	-0.00042955673
632	despatch	-0.00042959108
632	nostalgia	-0.0004296462
632	ptv	-0.00042969928
632	shotgun	-0.00042972868
632	traitor	-0.00042975627
632	imbu	-0.00042994792
632	crustacean	-0.00042996835
632	cove	-0.00043006198
632	pkp	-0.00043029425
632	thame	-0.00043033122
632	oner	-0.00043034213
632	reproduc	-0.000430382
632	fission	-0.00043039036
632	dinkin	-0.00043041253
632	liaz	-0.00043066425
632	ann	-0.0004306854
632	tradetex	-0.0004306861
632	itinerari	-0.00043070645
632	armenia	-0.00043077485
632	rea	-0.00043089382
632	volt	-0.00043092432
632	unionist	-0.0004309731
632	stubb	-0.00043113052
632	telesi	-0.00043126818
632	realtor	-0.00043127825
632	workhors	-0.0004312991
632	schmitt	-0.0004313035
632	northumbrian	-0.00043135972
632	geylang	-0.00043141472
632	gyaung	-0.00043141472
632	htipaung	-0.00043141472
632	kaunghtipa	-0.00043141472
632	pyintha	-0.00043141472
632	phyusha	-0.00043141472
632	dansitaung	-0.00043141472
632	pawinn	-0.00043141472
632	laingkya	-0.00043141472
632	saungkan	-0.00043141472
632	hsintayong	-0.00043141472
632	tharyar	-0.00043141472
632	lalitpur	-0.00043141472
632	yinhmi	-0.00043141472
632	nannaint	-0.00043141472
632	peow	-0.00043141472
632	merah	-0.00043141472
632	hougang	-0.00043141472
632	bilbahadur	-0.00043141472
632	thuypten	-0.00043141472
632	balanton	-0.00043141472
632	pinmon	-0.00043141472
632	patheingyi	-0.00043141472
632	belait	-0.00043141472
632	siangwan	-0.00043141472
632	mokio	-0.00043141472
632	lontin	-0.00043141472
632	agribusi	-0.00043141659
632	ecotour	-0.0004315227
632	indoctrin	-0.00043155233
632	kalachevskaya	-0.00043155704
632	lvovskaya	-0.00043155704
632	kuritsyn	-0.00043155704
632	actaulli	-0.00043155704
632	gornyaka	-0.00043155704
632	chelyabinskugol	-0.00043155704
632	imnport	-0.00043155707
632	kamenetskaya	-0.00043155707
632	possessor	-0.00043161042
632	yanpolskii	-0.00043161478
632	1253	-0.000431629
632	gestur	-0.00043167186
632	tharin	-0.00043170725
632	dee	-0.00043171356
632	catfish	-0.00043175768
632	thorvald	-0.00043178577
632	zablotski	-0.00043181804
632	inn	-0.0004319903
632	zbrojovka	-0.00043208787
632	realti	-0.00043232736
632	491	-0.00043244127
632	mordvinian	-0.00043246578
632	2mw	-0.0004325917
632	kc9	-0.00043278805
632	toyobo	-0.00043284253
632	moe	-0.0004330048
632	xinyou	-0.00043316765
632	quasi	-0.00043324553
632	47th	-0.0004332795
632	nazarbayev	-0.000433551
632	jpcar014	-0.00043356192
632	contigu	-0.0004336184
632	prenat	-0.00043381206
632	disord	-0.00043382868
632	gazprom	-0.00043396605
632	latecom	-0.0004341421
632	overtax	-0.00043416317
632	krungthep	-0.00043430558
632	aidian	-0.00043434408
632	1531	-0.0004343775
632	vet	-0.00043439132
632	pika	-0.00043439495
632	chugoku	-0.00043441897
632	knitwear	-0.00043445098
632	fauna	-0.00043448142
632	nara	-0.00043456553
632	landward	-0.0004349532
632	nimmanhemin	-0.00043521365
632	heist	-0.0004352165
632	chan	-0.0004352845
632	truong	-0.00043566243
632	2612	-0.0004357038
632	gwen	-0.0004357072
632	denden	-0.0004357986
632	mro	-0.00043583583
632	ware	-0.0004359341
632	jda	-0.00043597547
632	unceremoni	-0.00043598053
632	irvin	-0.0004362117
632	limthong	-0.0004362859
632	tier	-0.00043633123
632	800mw	-0.00043634448
632	acronym	-0.00043649637
632	reclus	-0.00043655155
632	express	-0.00043658438
632	yung	-0.00043662195
632	guis	-0.00043675926
632	y124	-0.00043676957
632	neatli	-0.00043684003
632	myetkhin	-0.0004368639
632	tuyen	-0.00043703476
632	sara	-0.00043709608
632	nirvana	-0.000437216
632	p3519	-0.00043741005
632	kenal	-0.00043746034
632	paftad	-0.00043746034
632	modular	-0.0004375123
632	dhaka	-0.000437572
632	imposs	-0.0004377003
632	mixtur	-0.0004377974
632	kellei	-0.00043784126
632	euphrat	-0.00043786882
632	305	-0.0004378987
632	csa	-0.00043800834
632	drchi116	-0.00043814676
632	masao	-0.00043821128
632	indiscrimin	-0.0004382677
632	milt	-0.00043830354
632	repeal	-0.00043835244
632	rwandan	-0.0004386268
632	faulkner	-0.00043862933
632	tar	-0.00043877374
632	institutionalis	-0.00043878012
632	yamamah	-0.00043890078
632	trek	-0.0004389924
632	luu	-0.00043901434
632	kommers	-0.00043909173
632	kalinin	-0.00043912293
632	186	-0.00043933376
632	zheng	-0.00043937232
632	tandem	-0.00043949025
632	namma	-0.00043956802
632	laul	-0.00043956802
632	leong	-0.00043958199
632	snowfal	-0.00043967538
632	stil	-0.00043976327
632	chea	-0.00043981444
632	wow	-0.00043986514
632	lummu	-0.00043991415
632	matti	-0.00043996947
632	trumpet	-0.00044018895
632	eurofont	-0.00044032148
632	sealan	-0.0004403224
632	pak	-0.00044055446
632	hereford	-0.0004405833
632	38bn	-0.0004406081
632	healer	-0.00044064334
632	suara	-0.00044080234
632	aldo	-0.00044090528
632	consul	-0.0004410227
632	peddl	-0.00044115668
632	volta	-0.0004411901
632	okuma	-0.00044156067
632	2639	-0.00044166463
632	unaccompani	-0.00044184286
632	quantifi	-0.0004419197
632	kejia	-0.00044194172
632	lap	-0.00044196815
632	tit	-0.00044202327
632	winn	-0.00044209434
632	317	-0.00044213227
632	jpusr009	-0.00044223518
632	sternli	-0.00044227642
632	912	-0.00044231597
632	areawid	-0.00044250183
632	stichter	-0.0004425763
632	fort	-0.00044270154
632	monterei	-0.00044273405
632	luzhi	-0.000442901
632	sweetheart	-0.00044305524
632	kyonghwa	-0.0004431972
632	chinh	-0.00044323114
632	drchi077	-0.00044324616
632	excruciatingli	-0.0004433134
632	latino	-0.00044334427
632	infobox	-0.0004434567
632	zest	-0.00044351319
632	taslima	-0.00044356324
632	stylish	-0.00044356377
632	gleefulli	-0.00044368315
632	hightech	-0.0004437081
632	reformist	-0.00044379447
632	1428	-0.0004438045
632	opl	-0.00044395408
632	seimitsu	-0.00044395836
632	2799	-0.00044398848
632	fui	-0.00044399808
632	standstil	-0.0004440605
632	okamatsu	-0.00044409002
632	plug	-0.00044409712
632	fluid	-0.00044430562
632	oe	-0.00044430845
632	7115	-0.00044437393
632	anand	-0.00044450045
632	tordesilla	-0.0004445535
632	pierr	-0.00044461383
632	belli	-0.00044462725
632	wong	-0.00044464998
632	moi	-0.00044479582
632	interced	-0.00044492053
632	614	-0.0004449362
632	pickpocket	-0.00044505767
632	carousel	-0.00044538174
632	paraphernalia	-0.00044546317
632	hatchl	-0.00044556803
632	emiss	-0.00044586722
632	stockmarket	-0.00044589338
632	equivoc	-0.00044610858
632	nal	-0.0004462041
632	jiatun	-0.00044652168
632	dupe	-0.00044654132
632	liangshan	-0.0004465911
632	dirtier	-0.0004466909
632	crt	-0.00044669127
632	0530	-0.00044670203
632	5225	-0.00044670922
632	exocet	-0.00044676923
632	talc	-0.000446886
632	legitimaci	-0.00044704103
632	mistral	-0.00044706714
632	glukhikh	-0.00044711237
632	trademark	-0.0004474636
632	warrior	-0.0004475151
632	findlai	-0.00044753347
632	citizenship	-0.00044754188
632	macroregulatori	-0.00044759596
632	utter	-0.00044767364
632	y115	-0.00044791246
632	talbooth	-0.00044804794
632	nwe	-0.00044805591
632	881	-0.00044818976
632	hangzhou	-0.00044857507
632	brigad	-0.00044861186
632	frai	-0.00044862388
632	anachron	-0.00044881934
632	6511	-0.00044885528
632	svehla	-0.00044890525
632	ugli	-0.00044934367
632	p1611	-0.00044937438
632	hsin	-0.00044938576
632	sudol	-0.00044943226
632	zhangzhou	-0.00044957062
632	undesir	-0.00044962825
632	jon	-0.0004497289
632	misus	-0.00044976448
632	3com	-0.0004497771
632	repent	-0.00044980057
632	amoeba	-0.000449809
632	kazutaka	-0.0004498878
632	nonbind	-0.000450126
632	793	-0.00045012828
632	r4	-0.00045023547
632	kawakami	-0.0004502756
632	drchi021	-0.00045032767
632	larsen	-0.00045033946
632	heater	-0.0004505975
632	sirinthon	-0.00045063003
632	yibin	-0.00045063347
632	6040	-0.00045088225
632	0491	-0.00045088932
632	arcadia	-0.00045090847
632	nccmc	-0.00045095454
632	583	-0.0004509703
632	flor	-0.0004510113
632	cavalri	-0.0004510532
632	lal	-0.00045136962
632	knot	-0.00045137925
632	zhushan	-0.00045145676
632	nabu	-0.00045145676
632	tanshan	-0.00045145676
632	tens	-0.00045148915
632	laguna	-0.00045156357
632	irrespons	-0.00045165545
632	1134	-0.00045197867
632	certainti	-0.00045205047
632	gentli	-0.00045206858
632	bavrin	-0.0004521503
632	zhaozhong	-0.0004521503
632	bt6	-0.00045215874
632	dial	-0.0004521629
632	dblb0adwft	-0.00045227614
632	catv	-0.00045229105
632	noisi	-0.00045244533
632	drchi119	-0.00045246023
632	timan	-0.00045246747
632	npc	-0.0004525283
632	therapi	-0.0004525629
632	gai	-0.00045285915
632	bloodsh	-0.00045305898
632	ryutsu	-0.00045348494
632	cannabi	-0.0004535033
632	harvei	-0.00045367
632	ant	-0.00045379638
632	noi	-0.00045383384
632	270bn	-0.00045392534
632	homong	-0.00045392616
632	918	-0.00045392636
632	accent	-0.0004539452
632	zeal	-0.00045407834
632	thu	-0.00045423448
632	grumbl	-0.00045424254
632	ivanovo	-0.00045446845
632	hypothes	-0.00045465617
632	brno	-0.00045466423
632	injustic	-0.00045466764
632	keynesian	-0.0004547067
632	fiil	-0.00045498097
632	snevo	-0.00045502218
632	673	-0.00045504706
632	kc5	-0.00045530815
632	aiwa	-0.0004553133
632	cumbersom	-0.00045533135
632	spleen	-0.00045540996
632	outset	-0.00045551415
632	ab	-0.00045560923
632	impract	-0.0004556281
632	interministeri	-0.00045577885
632	limon	-0.0004559612
632	edmeuaa4ft	-0.00045598927
632	scorpion	-0.00045602958
632	tbe	-0.00045604914
632	uni	-0.00045608325
632	sirivuth	-0.000456437
632	blvd	-0.0004564989
632	ambia	-0.0004565096
632	phamo	-0.0004565096
632	propag	-0.0004566468
632	peer	-0.000456698
632	oleg	-0.00045691678
632	lisu	-0.00045691832
632	inauspici	-0.00045719047
632	a1	-0.0004574154
632	policeman	-0.00045748017
632	ueki	-0.00045753096
632	aghast	-0.00045761786
632	pare	-0.00045762365
632	vault	-0.00045766332
632	disloc	-0.00045766943
632	wilson	-0.00045776094
632	hardest	-0.00045777977
632	lamin	-0.00045782395
632	nacion	-0.00045784505
632	gird	-0.0004578773
632	pyichit	-0.00045788233
632	pakari	-0.00045788233
632	heinda	-0.00045788233
632	thanbyuzayat	-0.00045788233
632	payathonzu	-0.00045788233
632	natgyi	-0.00045788233
632	kamarhsa	-0.00045788233
632	natgyizin	-0.00045788233
632	llarimon	-0.00045788233
632	narlaw	-0.00045788233
632	mulabi	-0.00045788233
632	tanintharyi	-0.00045788233
632	kanmaw	-0.00045788233
632	hsihseng	-0.00045788233
632	agricola	-0.00045804385
632	mofa	-0.0004581033
632	bedroom	-0.00045818332
632	suspici	-0.00045827441
632	stir	-0.0004583108
632	chanto	-0.00045836248
632	kunovic	-0.00045842095
632	586	-0.00045868484
632	kursk	-0.00045885242
632	sorti	-0.00045890018
632	davao	-0.00045922401
632	prune	-0.00045947128
632	fr	-0.00045952987
632	drweu079	-0.00046000184
632	reckless	-0.00046005283
632	chukotka	-0.0004601059
632	r11	-0.000460123
632	ghanian	-0.00046016628
632	addo	-0.00046016628
632	520	-0.00046023968
632	concord	-0.00046038863
632	materiel	-0.00046055406
632	hilli	-0.00046061166
632	refut	-0.00046069385
632	paektu	-0.00046100974
632	spoon	-0.00046123157
632	sickl	-0.00046125177
632	deed	-0.00046133157
632	biomolecular	-0.00046149426
632	governor	-0.0004615981
632	sidqi	-0.0004616241
632	headquart	-0.0004617024
632	petr	-0.0004617465
632	prom	-0.0004617713
632	bibf	-0.0004618775
632	pregnant	-0.00046193172
632	cefbaad8ft	-0.00046207642
632	snake	-0.00046219135
632	fr9	-0.00046222916
632	kdk	-0.00046227517
632	gardenia	-0.00046249962
632	799	-0.00046250317
632	drchi120	-0.00046252256
632	undergradu	-0.00046255664
632	disarrai	-0.00046263047
632	outreach	-0.00046278682
632	tsukuba	-0.0004629449
632	disposit	-0.00046298653
632	593	-0.00046309535
632	panyarachun	-0.00046316854
632	y975	-0.0004632216
632	y452	-0.0004632216
632	thuong	-0.0004632262
632	populist	-0.00046322675
632	r130	-0.00046324005
632	strife	-0.00046327052
632	futuh	-0.00046330507
632	kio	-0.000463489
632	imprison	-0.00046350493
632	400mw	-0.0004635527
632	397m	-0.00046355592
632	ghani	-0.00046377158
632	gabriel	-0.00046378784
632	guerilla	-0.00046380796
632	eiad1af1ft	-0.00046388723
632	cocain	-0.00046410953
632	uninterrupt	-0.00046416334
632	lihuo	-0.00046419588
632	youyiguan	-0.00046419588
632	buju	-0.00046419588
632	dongzhong	-0.00046419588
632	yuem	-0.00046419588
632	intercontinent	-0.0004642296
632	durgar	-0.00046427772
632	dg1b8ahaft	-0.0004643043
632	pickup	-0.0004644439
632	neighbourli	-0.00046445738
632	scandinavian	-0.00046447734
632	yardstick	-0.00046450982
632	jacket	-0.00046451067
632	downbeat	-0.00046458715
632	lexu	-0.00046475735
632	medvedev	-0.00046485738
632	statesmanli	-0.00046489856
632	lump	-0.00046489976
632	aboard	-0.0004649145
632	ethnocentr	-0.00046493098
632	mobiu	-0.00046493384
632	footstep	-0.00046507368
632	itz	-0.00046508576
632	macwhort	-0.0004651791
632	remold	-0.00046526472
632	kc60	-0.00046536152
632	keyn	-0.00046572692
632	sprung	-0.0004657561
632	takeshita	-0.00046578737
632	loot	-0.00046584717
632	apitj	-0.00046586798
632	rojitemu	-0.00046586798
632	changsha	-0.00046603568
632	spine	-0.00046613548
632	gi	-0.00046622448
632	quarantin	-0.0004662671
632	xing	-0.00046630012
632	269m	-0.0004663683
632	riken	-0.00046645795
632	bavaria	-0.0004666521
632	ciyb1ae4ft	-0.0004667155
632	dagworthi	-0.0004667155
632	crossbord	-0.0004667404
632	bobbi	-0.000466777
632	gaviria	-0.00046688385
632	fissur	-0.00046695984
632	mulhous	-0.00046699453
632	1o	-0.0004671191
632	bergeron	-0.0004672531
632	insolv	-0.00046736008
632	doomsay	-0.00046741485
632	1830	-0.00046743228
632	televison	-0.00046753045
632	nampo	-0.0004676132
632	hatta	-0.0004676536
632	hoc	-0.00046779553
632	breakawai	-0.0004679454
632	hsenwi	-0.00046795103
632	tein	-0.0004682155
632	thumb	-0.00046826256
632	streak	-0.0004682703
632	confucianist	-0.00046838776
632	tat	-0.00046839783
632	australasian	-0.00046842563
632	lag	-0.0004684836
632	konemyinttha	-0.00046849053
632	anawrahta	-0.00046849053
632	yangpu	-0.00046849268
632	kashmir	-0.00046850595
632	836	-0.00046854044
632	958	-0.00046864786
632	berri	-0.00046879495
632	redefin	-0.0004688588
632	psych	-0.00046887223
632	jie	-0.00046892473
632	juxtapos	-0.00046894228
632	1886	-0.00046895244
632	cw	-0.00046908754
632	chancellor	-0.0004691583
632	drchi082	-0.0004691681
632	shabu	-0.00046918655
632	marqu	-0.00046922363
632	vitt	-0.0004693533
632	memoir	-0.00046941827
632	ichi	-0.00046958818
632	yantai	-0.0004698355
632	gef	-0.00046991566
632	epa	-0.0004699516
632	warmer	-0.00047005902
632	itzeho	-0.00047006874
632	y103	-0.00047008958
632	plz	-0.00047019764
632	elus	-0.00047025975
632	trajectori	-0.00047039133
632	zoolog	-0.00047040902
632	lonsdal	-0.00047046188
632	mulberri	-0.00047048583
632	fia	-0.00047065815
632	kdi	-0.00047069145
632	463	-0.00047079328
632	takeshima	-0.00047083254
632	pole	-0.00047086563
632	mansi	-0.00047092375
632	solidifi	-0.0004710901
632	nahua	-0.00047125932
632	anhui	-0.000471307
632	lire	-0.00047136645
632	reneg	-0.0004713709
632	pastim	-0.0004713875
632	238m	-0.0004713918
632	kc12	-0.00047147827
632	esa	-0.00047167562
632	interail	-0.00047178665
632	ajf	-0.00047178665
632	silent	-0.0004718191
632	paks	-0.00047191806
632	awhil	-0.00047195877
632	sidewalk	-0.00047203
632	heartfelt	-0.00047214952
632	benz	-0.00047220627
632	wreak	-0.000472207
632	forai	-0.000472216
632	takeoff	-0.00047232088
632	sashimi	-0.0004724137
632	bulb	-0.00047256055
632	delphi	-0.00047262656
632	matsunaga	-0.00047267514
632	haul	-0.0004726832
632	igor	-0.0004727984
632	adm	-0.0004728204
632	kanebo	-0.00047297776
632	jinan	-0.00047307185
632	inher	-0.00047314385
632	questionnair	-0.00047316894
632	chem	-0.00047371266
632	1916	-0.00047372608
632	entrepreneurship	-0.00047373498
632	p9641	-0.0004738706
632	1308	-0.00047400864
632	agriproduct	-0.00047404185
632	trophi	-0.0004740702
632	egydpaa0ft	-0.0004742574
632	stitch	-0.00047436263
632	agil	-0.00047438906
632	y558	-0.00047448088
632	kamo	-0.00047452282
632	supermarket	-0.00047453787
632	479	-0.00047478947
632	nippei	-0.00047490484
632	subregion	-0.00047496468
632	jinya	-0.0004749914
632	donggualin	-0.0004749914
632	lannig	-0.0004749914
632	edsdvabeft	-0.0004750383
632	sita	-0.0004750421
632	pojistovna	-0.0004751008
632	700mw	-0.00047521509
632	overseen	-0.00047526482
632	huizhou	-0.00047543808
632	364	-0.00047566651
632	5655	-0.0004757931
632	sericultur	-0.00047579754
632	ungphakorn	-0.00047592647
632	dehong	-0.0004760652
632	dreas083	-0.00047610424
632	supplant	-0.00047613887
632	baikonur	-0.00047618416
632	0743	-0.00047623515
632	bekasi	-0.0004762827
632	etri	-0.00047633026
632	vellu	-0.00047639917
632	0030	-0.00047641617
632	fr11	-0.00047643462
632	incommensur	-0.0004765265
632	nobless	-0.00047653384
632	umar	-0.00047670444
632	vietcombank	-0.00047672263
632	budiharjo	-0.00047691425
632	rossiyskaya	-0.0004769764
632	izmit	-0.0004770431
632	retool	-0.0004770755
632	nutrit	-0.00047718556
632	admonit	-0.00047727174
632	hydrograph	-0.00047737607
632	est	-0.00047738923
632	zibyugon	-0.0004774456
632	kyaukyedwin	-0.0004774456
632	chivalri	-0.00047745847
632	constantinopl	-0.00047745847
632	pierc	-0.00047760777
632	squelch	-0.00047763842
632	jiri	-0.00047764732
632	clock	-0.00047775265
632	undemocrat	-0.0004777568
632	shaft	-0.000477869
632	doang	-0.00047789284
632	yuxi	-0.00047801694
632	hkam	-0.00047802608
632	wuxi	-0.00047804043
632	032	-0.00047807672
632	siridet	-0.00047816726
632	prachet	-0.00047816726
632	50bn	-0.00047819363
632	kawt	-0.0004782962
632	zirconium	-0.00047832707
632	auspic	-0.00047833836
632	toshimitsu	-0.0004785183
632	menghai	-0.00047851994
632	termin	-0.00047867768
632	drlat082	-0.00047904343
632	east	-0.00047912376
632	seeth	-0.00047926256
632	transmit	-0.00047954998
632	tournament	-0.00047967737
632	fecal	-0.00047983514
632	guid	-0.0004800037
632	andr	-0.00048005776
632	deck	-0.00048017534
632	grandson	-0.00048024935
632	reintegr	-0.00048031556
632	reentri	-0.00048034708
632	edf	-0.00048044612
632	politicel	-0.00048049053
632	vietmam	-0.00048049053
632	ordinarili	-0.00048049973
632	tradesmen	-0.0004808732
632	isaac	-0.00048088204
632	p3568	-0.00048097313
632	maymyo	-0.00048101423
632	brandi	-0.00048107002
632	sympathet	-0.00048110323
632	subunit	-0.00048113082
632	yearend	-0.00048119758
632	73m	-0.00048123772
632	bangpakok	-0.0004812718
632	strictest	-0.00048127837
632	unscrupul	-0.00048131283
632	nagano	-0.0004813579
632	watchword	-0.00048139007
632	beeb	-0.00048145984
632	y687	-0.0004814923
632	invoic	-0.00048207658
632	cb	-0.0004822005
632	beishan	-0.0004822187
632	equiti	-0.00048243202
632	fantast	-0.00048259943
632	p1622	-0.00048264675
632	pitfal	-0.00048271948
632	atc	-0.00048292722
632	p7941	-0.00048316704
632	tsbk	-0.00048330982
632	securit	-0.0004834432
632	yanzhai	-0.00048353628
632	yuexu	-0.00048353628
632	longbang	-0.00048353628
632	mengma	-0.00048353628
632	shuolong	-0.00048353628
632	bainan	-0.00048353628
632	nongrao	-0.00048353628
632	nianj	-0.00048353628
632	banlan	-0.00048353628
632	pingerguan	-0.00048353628
632	youai	-0.00048353628
632	detian	-0.00048353628
632	overdevelop	-0.0004836042
632	disnei	-0.00048372406
632	borderlin	-0.00048378817
632	sightse	-0.00048390517
632	outbreak	-0.00048394088
632	arkadyevich	-0.0004839416
632	melodi	-0.0004840232
632	lanthorn	-0.00048412077
632	mdx	-0.00048412738
632	r6	-0.00048423806
632	tenant	-0.00048442496
632	nm	-0.000484582
632	commensur	-0.0004845927
632	thwart	-0.00048459935
632	rmb	-0.0004846342
632	cmu	-0.0004846457
632	atsushi	-0.00048481792
632	empathi	-0.00048484377
632	wolfgang	-0.0004849471
632	kissing	-0.0004850361
632	hassan	-0.00048514418
632	vc	-0.00048518355
632	con	-0.00048523644
632	mikroelektronik	-0.0004853589
632	bcpb	-0.00048548204
632	endem	-0.0004854957
632	fr12	-0.00048573446
632	electrifi	-0.00048574494
632	idol	-0.0004859246
632	jeopard	-0.00048596473
632	sprinkl	-0.00048613234
632	strongpoint	-0.00048656104
632	policymak	-0.00048662495
632	1881	-0.00048672338
632	clutch	-0.00048672632
632	196	-0.00048674765
632	toiletri	-0.00048686986
632	disastr	-0.0004869015
632	p8231	-0.00048693898
632	thomson	-0.0004870651
632	leicestershir	-0.0004871804
632	peke	-0.00048727088
632	feeler	-0.00048760243
632	irrelev	-0.0004876951
632	nu	-0.00048780182
632	bt16	-0.0004878597
632	php	-0.00048789664
632	parlour	-0.000487959
632	240m	-0.00048814825
632	jeann	-0.0004882292
632	bowl	-0.00048835203
632	halfwai	-0.0004885049
632	fineman	-0.0004885627
632	burgeon	-0.00048857776
632	imped	-0.0004888598
632	bpi	-0.0004888715
632	turkic	-0.0004890929
632	grizzl	-0.0004892752
632	pointedli	-0.00048958295
632	pantin	-0.0004897031
632	mundi	-0.00048971
632	statesmanship	-0.0004897534
632	checkpoint	-0.0004897826
632	kemper	-0.0004898039
632	heed	-0.00048985763
632	taiyangneng	-0.00048993865
632	quyen	-0.00049012067
632	countersign	-0.0004901728
632	minu	-0.0004903058
632	895	-0.0004908386
632	striker	-0.00049087725
632	negropont	-0.0004910128
632	komercni	-0.00049107394
632	pauciti	-0.00049108773
632	lax	-0.00049116835
632	warpath	-0.00049147866
632	himalayan	-0.00049153826
632	afr	-0.0004915621
632	congreg	-0.00049161166
632	mekran	-0.00049179274
632	ibel	-0.00049179274
632	emannuel	-0.00049179274
632	tamang	-0.00049179274
632	gifti	-0.00049179274
632	recort	-0.0004918012
632	ptt	-0.00049193046
632	r140	-0.0004919513
632	trung	-0.0004920076
632	diana	-0.00049209525
632	desol	-0.00049212313
632	ea0diac1ft	-0.0004922303
632	descript	-0.000492313
632	overturn	-0.0004923788
632	toyama	-0.0004924273
632	stoke	-0.00049254636
632	davenport	-0.00049255067
632	995	-0.0004925578
632	slogan	-0.0004925737
632	506	-0.00049266696
632	equiment	-0.00049271854
632	mhi	-0.0004927445
632	suifenh	-0.00049279357
632	efa	-0.0004929288
632	cravath	-0.0004930282
632	huangsha	-0.0004931232
632	nestor	-0.00049319863
632	620mw	-0.0004932394
632	dori	-0.0004934002
632	146m	-0.0004934696
632	warhead	-0.0004934877
632	utah	-0.0004934905
632	lamond	-0.00049363234
632	floorboard	-0.00049370585
632	kaw	-0.00049375824
632	detoxif	-0.0004939098
632	900m	-0.0004939103
632	compensatori	-0.0004939205
632	print	-0.00049396063
632	moravian	-0.00049407914
632	tercel	-0.000494192
632	gst	-0.00049423566
632	parkwai	-0.0004943235
632	warwickshir	-0.0004943808
632	muras	-0.0004945872
632	goldstrik	-0.00049460883
632	tak	-0.0004946983
632	guri	-0.0004947095
632	hastili	-0.0004947444
632	1935	-0.0004948475
632	oman	-0.000494853
632	weedon	-0.00049489137
632	doubter	-0.00049499306
632	830	-0.00049508316
632	0730	-0.00049522496
632	restitut	-0.00049546245
632	caledonian	-0.0004956132
632	acapulco	-0.00049571943
632	gr	-0.0004958088
632	foul	-0.0004958699
632	drlat049	-0.0004958877
632	peacock	-0.00049610954
632	plink	-0.00049612677
632	kaji	-0.0004961567
632	auther	-0.00049621315
632	undeni	-0.0004962225
632	bailei	-0.0004963749
632	incorrupt	-0.0004963969
632	clamour	-0.00049649616
632	micron	-0.0004966324
632	sham	-0.00049664406
632	1705	-0.000496648
632	bavarian	-0.0004967041
632	tek	-0.00049682846
632	upshot	-0.00049687875
632	brightest	-0.00049688446
632	telemet	-0.00049715483
632	trawler	-0.00049738184
632	abnorm	-0.00049755943
632	0907	-0.0004975786
632	coars	-0.0004976763
632	vener	-0.0004976827
632	taymyr	-0.0004977163
632	newcastl	-0.0004977895
632	containeris	-0.0004977929
632	interregion	-0.00049785717
632	challi	-0.0004979445
632	knight	-0.00049808866
632	larri	-0.00049832306
632	taishan	-0.0004983393
632	cattl	-0.00049837
632	sloppi	-0.00049854675
632	traine	-0.0004988175
632	thesi	-0.0004988808
632	file	-0.00049907423
632	infest	-0.0004991511
632	611	-0.000499163
632	bair	-0.0004992101
632	dgba	-0.00049925933
632	tsubakimoto	-0.0004993241
632	mahatma	-0.00049937196
632	tatra	-0.0004994016
632	amper	-0.00049941614
632	campground	-0.00049943756
632	baseload	-0.0004994439
632	100mw	-0.0004994439
632	121	-0.00049945863
632	fugit	-0.00049957255
632	657	-0.00049964926
632	armstrong	-0.0004997091
632	untri	-0.0004998529
632	nontariff	-0.0005002076
632	forcefulli	-0.0005002714
632	hilling	-0.0005003851
632	isl	-0.0005003967
632	y997	-0.0005004625
632	naewo	-0.0005005281
632	182	-0.0005006199
632	68	-0.00050070183
632	mottl	-0.00050071796
632	puzhou	-0.000500801
632	chunichi	-0.0005008046
632	p01	-0.0005008245
632	codex	-0.0005008532
632	807	-0.0005008905
632	641	-0.00050091994
632	xia	-0.00050098833
632	089	-0.00050101057
632	387m	-0.00050117174
632	crab	-0.00050129095
632	palladino	-0.0005013189
632	morton	-0.00050133263
632	dizabaczft	-0.0005015877
632	872	-0.00050166645
632	sb	-0.00050167926
632	yearli	-0.0005016874
632	kari	-0.00050168904
632	flashpoint	-0.0005017793
632	incompat	-0.0005018747
632	semicoloni	-0.0005020194
632	copenhagen	-0.0005022094
632	mourn	-0.00050227065
632	dardanel	-0.00050230394
632	kemal	-0.00050242146
632	recapitul	-0.00050265033
632	proletariat	-0.00050275266
632	unidax	-0.0005027732
632	mismanag	-0.00050294586
632	yangtz	-0.00050324446
632	phraya	-0.00050337386
632	piestani	-0.0005033881
632	shrapnel	-0.00050339947
632	crumb	-0.0005034429
632	shu	-0.0005034548
632	1645	-0.0005037527
632	cosmet	-0.0005037775
632	776	-0.00050379685
632	menu	-0.0005038814
632	muria	-0.0005039114
632	afdc	-0.0005040511
632	chongwu	-0.0005040751
632	ticor	-0.0005041179
632	mitig	-0.0005041625
632	num	-0.0005042715
632	wholeheart	-0.0005043657
632	mineclear	-0.0005046456
632	length	-0.00050479214
632	microsystem	-0.00050487684
632	fr17	-0.00050489313
632	courier	-0.00050503545
632	companion	-0.00050504605
632	herzog	-0.00050516863
632	articul	-0.0005052209
632	statewid	-0.0005054528
632	drsov074	-0.0005055258
632	zookeep	-0.0005055673
632	gabon	-0.0005056161
632	knapsack	-0.0005057128
632	720m	-0.0005057318
632	nobel	-0.00050585874
632	vogu	-0.0005059137
632	schooner	-0.000505955
632	hottest	-0.0005062183
632	truncat	-0.0005064506
632	kumba	-0.000506622
632	galoob	-0.0005068832
632	cluster	-0.00050701195
632	lithuania	-0.0005070346
632	aloud	-0.0005071277
632	unwis	-0.000507223
632	epic	-0.0005072842
632	chuch	-0.0005075943
632	swath	-0.0005076436
632	nodong	-0.0005076605
632	sodden	-0.0005076678
632	tip	-0.00050781545
632	baikal	-0.0005078622
632	breadth	-0.0005078733
632	trud	-0.0005080447
632	fount	-0.00050823233
632	scan	-0.00050838623
632	thaw	-0.0005085095
632	epza	-0.0005086538
632	unenvi	-0.00050866243
632	blizzard	-0.00050891587
632	envipco	-0.0005089752
632	unneed	-0.00050901354
632	luxi	-0.0005091808
632	tmw	-0.00050931715
632	lavi	-0.00050950015
632	unsaf	-0.0005095078
632	lek	-0.0005095161
632	remodel	-0.0005095267
632	misgiv	-0.0005096397
632	tirad	-0.00050971017
632	complianc	-0.0005097665
632	penzanc	-0.00050980796
632	indoor	-0.00050989556
632	repubblica	-0.00050995854
632	akhir	-0.0005100443
632	hamdi	-0.0005100443
632	stud	-0.00051007717
632	renato	-0.000510138
632	dreas113	-0.0005102022
632	lifestyl	-0.00051025784
632	1945	-0.00051029614
632	megastor	-0.00051030127
632	gordon	-0.0005105189
632	hatakeyama	-0.0005105425
632	caac	-0.00051064155
632	chongnyon	-0.0005106666
632	1016	-0.0005106941
632	kagaku	-0.0005106954
632	proteg	-0.0005107514
632	rama	-0.0005107676
632	secretli	-0.0005111145
632	singer	-0.00051113946
632	oversight	-0.00051116396
632	unep	-0.00051124505
632	guber	-0.0005112555
632	ohio	-0.0005113357
632	ldc	-0.000511355
632	dachaoshan	-0.00051141914
632	pvc	-0.0005116331
632	sunni	-0.00051171443
632	sedon	-0.0005118051
632	thanglang	-0.0005119936
632	ywet	-0.0005119936
632	spaugi	-0.0005121991
632	5mw	-0.00051224715
632	oroji	-0.00051228295
632	bonef	-0.00051228295
632	p9651	-0.0005126339
632	humbl	-0.0005127323
632	pentti	-0.0005127872
632	ozann	-0.00051307544
632	truce	-0.0005130903
632	0948	-0.00051309523
632	counterfeit	-0.0005131125
632	pretoria	-0.00051322684
632	leva	-0.0005132504
632	videocassett	-0.0005132577
632	p6211	-0.0005133282
632	jerc	-0.00051341404
632	beig	-0.00051349023
632	fiercest	-0.00051351154
632	evok	-0.00051366206
632	13th	-0.000513751
632	calypso	-0.0005137521
632	dalbi	-0.0005138458
632	paramount	-0.0005138755
632	leo	-0.00051413564
632	ukrainian	-0.0005141969
632	rightli	-0.0005143517
632	6392	-0.00051437865
632	1230	-0.000514397
632	vilifi	-0.00051445223
632	cosmodrom	-0.0005145859
632	overst	-0.00051461754
632	badger	-0.0005146734
632	peruvian	-0.0005148656
632	1567	-0.0005149234
632	tsing	-0.0005149372
632	toho	-0.00051495427
632	778	-0.0005152483
632	broadest	-0.000515389
632	getti	-0.0005153964
632	helm	-0.0005154578
632	p02	-0.00051554176
632	fumin	-0.0005157087
632	tonghai	-0.00051570876
632	karl	-0.0005157785
632	pu	-0.0005159391
632	pentagon	-0.0005160718
632	fraud	-0.00051614287
632	cookeri	-0.00051615137
632	shangbao	-0.0005164759
632	moravia	-0.000516491
632	simplest	-0.0005166373
632	cumbria	-0.0005166555
632	previou	-0.0005168022
632	satjipanon	-0.00051683356
632	subsurfac	-0.0005168932
632	sald	-0.0005169203
632	mayskoy	-0.0005169853
632	kurskii	-0.0005169853
632	engrav	-0.0005169886
632	drchi103	-0.000517072
632	bellsouth	-0.0005171552
632	peek	-0.00051735673
632	2002	-0.0005174432
632	inland	-0.0005175233
632	glossi	-0.0005176359
632	csob	-0.0005177355
632	illicit	-0.00051782245
632	birecik	-0.0005179161
632	kplf	-0.0005179453
632	burglari	-0.00051809166
632	bt20	-0.0005180969
632	076	-0.00051871606
632	lombok	-0.0005189056
632	seme	-0.00051890564
632	reconnaiss	-0.00051912497
632	exxon	-0.00051933614
632	r250	-0.0005193431
632	mxz	-0.0005194196
632	politburo	-0.0005194709
632	jal	-0.0005195489
632	jackal	-0.0005197241
632	rhubarb	-0.0005198109
632	nad	-0.00051985076
632	iain	-0.00051992026
632	byan	-0.0005200207
632	taung	-0.0005200667
632	monrovia	-0.0005200814
632	congratulatori	-0.0005201399
632	zvezda	-0.0005201627
632	tablespoon	-0.0005202497
632	macromanag	-0.000520363
632	kakogawa	-0.00052056153
632	footbal	-0.0005205851
632	hekmatyar	-0.00052068674
632	livsei	-0.000520773
632	maud	-0.00052081386
632	duli	-0.0005208793
632	ndc	-0.00052091974
632	striven	-0.00052097946
632	albania	-0.00052098883
632	spoil	-0.00052122714
632	cheshir	-0.00052136224
632	oncb	-0.00052141177
632	pregnanc	-0.0005216024
632	kalashnikov	-0.0005217303
632	workroom	-0.0005218574
632	wichet	-0.00052186893
632	kaucuk	-0.0005220515
632	gentl	-0.00052214245
632	livestock	-0.0005221552
632	squander	-0.0005222144
632	juhani	-0.00052233617
632	mauritiu	-0.0005226691
632	honjo	-0.0005226795
632	ishigaki	-0.0005226795
632	clintonom	-0.0005227752
632	rayong	-0.000522839
632	sherpa	-0.00052289705
632	floor	-0.00052298093
632	tsuzo	-0.00052305934
632	emili	-0.0005230666
632	cal	-0.0005231068
632	albanian	-0.00052310823
632	nonstop	-0.0005231283
632	inaccur	-0.0005232332
632	jianchuan	-0.00052332936
632	ranch	-0.000523413
632	170m	-0.00052344456
632	impart	-0.00052344607
632	2nd	-0.0005234712
632	refit	-0.0005235684
632	izvestiya	-0.00052364386
632	trepid	-0.00052374264
632	glori	-0.000523756
632	173bn	-0.00052421447
632	volvo	-0.00052424625
632	drnes085	-0.0005243996
632	tazara	-0.0005245009
632	dean	-0.000524656
632	unspeci	-0.0005247852
632	fabienn	-0.0005247903
632	bahru	-0.0005247903
632	inund	-0.0005248097
632	yongjiang	-0.0005248671
632	republican	-0.000524937
632	telephoni	-0.00052500155
632	mtrd	-0.0005251223
632	luggag	-0.0005254603
632	layoff	-0.0005255759
632	605m	-0.0005255765
632	suitcas	-0.000525645
632	cocom	-0.00052571186
632	1245	-0.00052589993
632	krasnaya	-0.00052612845
632	chonja	-0.00052619376
632	terrorit	-0.0005262013
632	methodolog	-0.0005264106
632	hurl	-0.00052642095
632	carl	-0.00052646396
632	paddington	-0.00052656553
632	400km	-0.0005266016
632	lesli	-0.00052663544
632	863	-0.00052681845
632	wilshir	-0.0005269985
632	intact	-0.00052709936
632	hysteria	-0.0005271959
632	249th	-0.00052773004
632	vieirafel	-0.0005277301
632	ehac8aeuft	-0.0005277301
632	cfc	-0.0005278376
632	sochi	-0.00052784337
632	loyal	-0.00052790064
632	kc7	-0.00052811194
632	terminu	-0.0005284028
632	citric	-0.0005285128
632	coach	-0.00052872393
632	generalis	-0.0005287567
632	misread	-0.00052876666
632	nouvel	-0.000528802
632	drchi073	-0.00052889955
632	hepworth	-0.0005289735
632	taint	-0.00052897714
632	tremor	-0.00052910286
632	ecfayafmft	-0.0005291409
632	tel	-0.00052939483
632	enshrin	-0.000529432
632	chisel	-0.0005295923
632	brittani	-0.00052967784
632	disunit	-0.0005298556
632	ironi	-0.00052985654
632	cinema	-0.0005299181
632	thirdli	-0.0005299273
632	harrier	-0.0005300325
632	perish	-0.0005301408
632	qualit	-0.00053016935
632	tank	-0.00053066947
632	evinc	-0.0005307014
632	turtl	-0.0005307449
632	panti	-0.00053110684
632	902	-0.0005312471
632	multidirect	-0.0005314933
632	yulyevich	-0.0005315736
632	torgsin	-0.0005315736
632	samper	-0.0005315838
632	sanqiang	-0.00053163624
632	boldli	-0.0005318064
632	reliv	-0.00053191866
632	adil	-0.0005321641
632	silhouett	-0.0005322803
632	hiraiwa	-0.0005324409
632	incub	-0.00053245
632	1954	-0.0005325799
632	balita	-0.0005327122
632	3i	-0.00053292053
632	malbatt	-0.00053292594
632	theparat	-0.00053312915
632	chatrudi	-0.00053312915
632	vatthana	-0.00053312915
632	pathoumvan	-0.00053312915
632	pakan	-0.00053312915
632	ungreun	-0.00053312915
632	334	-0.0005332363
632	tomomitsu	-0.000533253
632	dramatis	-0.00053380016
632	baulk	-0.00053393847
632	rid	-0.00053399283
632	kantha	-0.00053402333
632	85m	-0.00053413067
632	eldorado	-0.0005341881
632	hoi	-0.00053447264
632	vent	-0.0005345186
632	drchi048	-0.00053477194
632	htaw	-0.00053487514
632	flatli	-0.000534983
632	easington	-0.0005351448
632	efira	-0.0005351525
632	alzai	-0.0005351525
632	gusk	-0.0005351835
632	edsa	-0.0005353065
632	batch	-0.0005354119
632	kingpin	-0.00053541677
632	tuva	-0.0005355897
632	switchboard	-0.00053572474
632	gaffi	-0.0005357814
632	pageant	-0.0005359679
632	descqahvft	-0.0005360243
632	rotat	-0.00053603185
632	afandi	-0.00053612085
632	allaqi	-0.00053612085
632	awkward	-0.0005361522
632	monograph	-0.0005363299
632	gore	-0.00053642265
632	feather	-0.0005365242
632	czechoslovak	-0.00053652946
632	karunyawanit	-0.000536595
632	sattahip	-0.000536595
632	mun	-0.00053682236
632	fraunhof	-0.0005369944
632	wilkinson	-0.00053718593
632	tramp	-0.0005372023
632	uae	-0.00053726096
632	nott	-0.0005372953
632	coleman	-0.00053731486
632	methodist	-0.00053738314
632	shincho	-0.0005374284
632	bind	-0.0005374694
632	griev	-0.00053752604
632	sushi	-0.00053758034
632	artesia	-0.00053758477
632	dweller	-0.00053782
632	1892	-0.000538068
632	reclassifi	-0.00053808524
632	alma	-0.00053821236
632	span	-0.000538257
632	datelin	-0.00053828844
632	boonsriroj	-0.0005383671
632	ratchawej	-0.0005383671
632	nopporn	-0.0005383671
632	henan	-0.00053837104
632	loath	-0.0005384646
632	luz	-0.0005386201
632	terri	-0.0005388853
632	fraction	-0.0005389654
632	denation	-0.0005390296
632	backlog	-0.0005390517
632	602	-0.00053906295
632	acp	-0.00053906505
632	wto	-0.0005391463
632	pistol	-0.0005392775
632	seret	-0.0005393726
632	doherti	-0.00053946354
632	fr44	-0.0005395936
632	battleground	-0.00053963286
632	cnb	-0.00053985004
632	p8651	-0.00053988805
632	hypothet	-0.00054008455
632	stymi	-0.00054030307
632	fatten	-0.0005404328
632	spout	-0.0005404328
632	851	-0.0005404884
632	es	-0.0005405996
632	undu	-0.00054078596
632	evenk	-0.0005407926
632	durabl	-0.0005409983
632	hiltzik	-0.0005411422
632	dreas075	-0.000541157
632	pablo	-0.0005411793
632	quicken	-0.0005412082
632	illusori	-0.00054145633
632	p3111	-0.00054154877
632	blare	-0.00054162473
632	drchi092	-0.0005417536
632	argentin	-0.0005419539
632	moc	-0.00054207596
632	literaci	-0.0005421669
632	y886	-0.0005424007
632	particl	-0.0005428248
632	ceasefir	-0.0005433332
632	seinl	-0.00054336456
632	56m	-0.0005435414
632	1878	-0.000543578
632	evict	-0.0005435984
632	kameno	-0.00054369017
632	mirag	-0.00054370053
632	linger	-0.00054380187
632	ergil	-0.00054382463
632	surmount	-0.00054386805
632	tengchong	-0.0005439479
632	tansuo	-0.0005439479
632	mellow	-0.00054438063
632	lux	-0.00054439204
632	inact	-0.00054445874
632	cavada	-0.00054471614
632	cumberland	-0.0005448817
632	arabi	-0.00054495677
632	sov	-0.0005449865
632	petrochemistri	-0.00054512796
632	gramm	-0.0005451778
632	susumu	-0.000545247
632	mega	-0.0005452478
632	foz	-0.00054529856
632	safflow	-0.00054572715
632	safer	-0.0005457467
632	hardcor	-0.0005457582
632	chiao	-0.0005457746
632	antidump	-0.000545804
632	disproportion	-0.0005459453
632	pluralist	-0.0005459643
632	nichimen	-0.0005460647
632	vend	-0.0005462245
632	holberton	-0.0005463248
632	choe	-0.0005464919
632	twelv	-0.00054659916
632	defunct	-0.00054665905
632	nkk	-0.00054673565
632	avocado	-0.0005469844
632	junction	-0.00054705667
632	accentu	-0.0005472233
632	tonkin	-0.00054731645
632	rub	-0.00054740417
632	campenon	-0.00054750545
632	limelight	-0.0005475338
632	congo	-0.00054753484
632	threefold	-0.0005476592
632	goldschmidt	-0.0005478356
632	rahardjo	-0.0005480567
632	eag	-0.0005481047
632	directorship	-0.00054815947
632	erupt	-0.0005482468
632	henderson	-0.00054830377
632	dreas101bb	-0.0005483561
632	dhabi	-0.00054863066
632	snipe	-0.0005486627
632	kamrahn	-0.0005488075
632	yevsenkin	-0.0005488075
632	yawn	-0.00054895977
632	clinch	-0.0005491871
632	570m	-0.00054931507
632	parch	-0.00054933276
632	mickei	-0.0005493625
632	talbot	-0.0005493944
632	koong	-0.0005494258
632	mep	-0.000549488
632	kidnap	-0.00054956164
632	halim	-0.0005496274
632	correl	-0.0005498965
632	honeydew	-0.0005499647
632	licoric	-0.0005499647
632	murdiono	-0.0005500133
632	gift	-0.0005501249
632	devonport	-0.00055024563
632	loetcharoenchok	-0.0005503679
632	boutiqu	-0.00055039
632	theodor	-0.0005508005
632	stanton	-0.00055103493
632	retun	-0.00055109075
632	kohl	-0.0005511819
632	kenyan	-0.0005512337
632	kwang	-0.00055129995
632	605	-0.00055131176
632	loyalti	-0.00055135874
632	medina	-0.00055150624
632	skalicki	-0.0005518589
632	endlessli	-0.00055194733
632	civic	-0.0005519887
632	970	-0.0005520089
632	thorncroft	-0.00055202
632	913	-0.0005520493
632	carriagewai	-0.00055220124
632	cling	-0.00055223145
632	519	-0.000552349
632	revert	-0.00055238325
632	b4	-0.0005524192
632	phenol	-0.00055299135
632	philippa	-0.00055310514
632	sanritsu	-0.00055320055
632	43m	-0.0005533763
632	confect	-0.0005535037
632	924mw	-0.0005535089
632	malixi	-0.0005535089
632	permpongsacharoen	-0.0005535089
632	hostess	-0.0005535216
632	tseng	-0.0005535864
632	olimpiadskoy	-0.00055372115
632	anabar	-0.0005537212
632	olenek	-0.0005537212
632	volarovich	-0.0005537212
632	nezhdaninskoy	-0.0005537212
632	manner	-0.0005537566
632	mond	-0.00055384333
632	outlaw	-0.00055388536
632	thornlei	-0.000554039
632	1251	-0.0005540776
632	drchi050	-0.0005541095
632	bt82	-0.0005541363
632	apt	-0.00055415276
632	right	-0.00055432966
632	hometown	-0.00055436755
632	brand	-0.0005544452
632	publicis	-0.000554498
632	stallhold	-0.0005548283
632	husband	-0.00055493333
632	edhdeaa4ft	-0.00055493525
632	mail	-0.0005552704
632	tenuou	-0.0005552882
632	karnataka	-0.00055530627
632	fivefold	-0.00055531843
632	marxist	-0.0005554557
632	yindi	-0.0005554562
632	windmer	-0.0005555033
632	7083	-0.0005556466
632	oanh	-0.0005557318
632	ravich	-0.0005557563
632	329	-0.00055605406
632	promis	-0.0005560828
632	honei	-0.00055610726
632	949m	-0.00055618346
632	villa	-0.00055628666
632	nikiforov	-0.00055647944
632	tragic	-0.0005566276
632	potteri	-0.00055669097
632	1326	-0.00055677164
632	dabbl	-0.00055678363
632	oxford	-0.0005569564
632	sixfold	-0.00055697694
632	provoc	-0.00055744743
632	charlesworth	-0.00055746525
632	apont	-0.0005574995
632	fushun	-0.0005576822
632	jilin	-0.00055768306
632	maoyi	-0.0005577869
632	trundl	-0.0005578769
632	prophet	-0.0005579032
632	dizon	-0.0005583286
632	contradictori	-0.00055843
632	invis	-0.0005585946
632	etch	-0.00055868214
632	unrealis	-0.0005587152
632	paranoid	-0.0005588079
632	emerald	-0.00055903714
632	pham	-0.00055905356
632	perpetu	-0.0005590663
632	chesterfield	-0.00055921596
632	clump	-0.00055923697
632	mitterrand	-0.00055927143
632	lanp	-0.0005592969
632	yuanyang	-0.0005592969
632	huap	-0.0005592969
632	eryuan	-0.0005592969
632	duncan	-0.0005593369
632	purport	-0.00055935147
632	intak	-0.0005599383
632	oregonian	-0.0005599507
632	postul	-0.0005602002
632	0718	-0.00056040194
632	4th	-0.0005611798
632	272	-0.0005611926
632	y388	-0.0005612405
632	pranab	-0.0005614792
632	yermakov	-0.0005616496
632	shutter	-0.0005617322
632	astonish	-0.00056180224
632	prescript	-0.00056192855
632	58m	-0.00056196254
632	fr47	-0.00056207535
632	malei	-0.0005620945
632	investicni	-0.00056216284
632	07bn	-0.00056220987
632	at	-0.0005622792
632	cartel	-0.0005624262
632	kunlachada	-0.00056243676
632	talki	-0.00056262815
632	jung	-0.00056270417
632	dreas092	-0.00056302693
632	beaufort	-0.00056303106
632	techtf	-0.0005630952
632	interceptor	-0.00056322204
632	reforest	-0.0005632732
632	ustr	-0.00056339207
632	toubon	-0.0005634471
632	mingl	-0.00056348246
632	bentsen	-0.0005635154
632	constitu	-0.00056367216
632	suffolk	-0.0005640055
632	exit	-0.00056422007
632	yuxiang	-0.0005644435
632	padauk	-0.00056445284
632	p1479	-0.00056469283
632	oar	-0.00056471565
632	wule	-0.0005649331
632	hampton	-0.0005649881
632	reimport	-0.0005650063
632	vodafon	-0.0005650267
632	0148	-0.000565416
632	familiaris	-0.0005655298
632	legion	-0.0005655962
632	628	-0.0005656118
632	ang	-0.000565713
632	monocrystallin	-0.00056575646
632	polytechn	-0.0005658762
632	longuet	-0.0005659127
632	jci	-0.0005659297
632	p7221	-0.0005659675
632	a4	-0.0005659768
632	thuan	-0.00056604086
632	drainag	-0.0005663328
632	faw	-0.00056660286
632	staffer	-0.00056681846
632	creak	-0.00056690734
632	destabil	-0.00056699896
632	425m	-0.0005670857
632	fieri	-0.00056735816
632	uthai	-0.0005677904
632	tamu	-0.0005679409
632	abdallah	-0.00056801527
632	garnaut	-0.0005681013
632	valentin	-0.0005683345
632	lira	-0.0005684393
632	watchmen	-0.0005684739
632	concession	-0.00056853954
632	sothebi	-0.00056858466
632	tse	-0.0005686228
632	844	-0.0005686336
632	whirlwind	-0.0005687033
632	sato	-0.0005687119
632	baili	-0.0005688592
632	cosi	-0.0005690321
632	leekpai	-0.0005690335
632	minefield	-0.00056909915
632	bt12bn	-0.00056927564
632	qaf	-0.000569534
632	y356	-0.000569534
632	josef	-0.0005695554
632	opin	-0.00056957966
632	paracel	-0.0005696257
632	coron	-0.0005696485
632	recessionari	-0.0005697
632	fridg	-0.0005697589
632	unbridl	-0.0005698272
632	dreeu064	-0.0005700265
632	witwatersrand	-0.0005701952
632	1719	-0.0005702645
632	495	-0.0005703702
632	76p	-0.00057064823
632	koekisha	-0.0005707729
632	augur	-0.00057081104
632	jettison	-0.00057113986
632	110mw	-0.00057123665
632	022	-0.0005712453
632	mahoni	-0.0005712485
632	vucanovich	-0.00057129154
632	bicker	-0.0005714708
632	limog	-0.00057151477
632	ferment	-0.0005716642
632	sorri	-0.00057169545
632	cupcak	-0.0005717266
632	preponder	-0.00057173515
632	fy91	-0.00057176384
632	181	-0.0005721998
632	zoet	-0.00057228067
632	333	-0.0005723082
632	talli	-0.00057257246
632	tast	-0.0005725762
632	harass	-0.0005727523
632	vostok	-0.00057279895
632	workplac	-0.000572924
632	511	-0.000573038
632	harden	-0.00057306275
632	stun	-0.0005732502
632	919	-0.0005733452
632	oryx	-0.00057339837
632	takuya	-0.0005734099
632	convincingli	-0.00057341566
632	farrior	-0.0005735473
632	frieda	-0.00057355285
632	roman	-0.000573612
632	savil	-0.00057366356
632	mou	-0.00057394285
632	chinatrust	-0.00057398673
632	changn	-0.0005741119
632	frog	-0.0005742456
632	bueno	-0.00057443907
632	wedd	-0.00057464454
632	curbsid	-0.00057466014
632	econf	-0.0005746651
632	rariti	-0.0005747064
632	tesla	-0.00057472946
632	caughlei	-0.0005748177
632	yangquan	-0.00057482126
632	hohmann	-0.0005748595
632	lakh	-0.0005749161
632	flair	-0.00057518255
632	phung	-0.0005752752
632	p3312	-0.0005756774
632	lianyungang	-0.00057631615
632	pakkasem	-0.00057657046
632	dg0cfac4ft	-0.00057657046
632	witoon	-0.00057657046
632	0915	-0.00057664665
632	chaozhu	-0.00057666213
632	earliest	-0.00057711714
632	disneyland	-0.0005771563
632	kusuma	-0.0005772046
632	medal	-0.0005772103
632	lauter	-0.0005772473
632	pusan	-0.0005774134
632	bryant	-0.0005774283
632	sketch	-0.0005776482
632	biologist	-0.0005777726
632	toyo	-0.0005779511
632	saravanamuttu	-0.00057796936
632	grupo	-0.00057800265
632	r50	-0.00057802355
632	radar	-0.0005780914
632	feebl	-0.00057817716
632	forti	-0.0005782988
632	jpcar037	-0.0005783938
632	ornament	-0.0005784323
632	048	-0.0005784662
632	0717	-0.0005786122
632	75p	-0.0005786592
632	residenti	-0.0005787099
632	koichiro	-0.00057871616
632	unmitig	-0.0005790677
632	downgrad	-0.0005792746
632	nippo	-0.00057937036
632	rosenblatt	-0.00057945616
632	thr	-0.0005794656
632	tralia	-0.0005794964
632	yn15	-0.0005794964
632	87m	-0.0005795268
632	fond	-0.00057984074
632	paso	-0.0005800068
632	p6531	-0.00058009016
632	bald	-0.00058023125
632	wean	-0.0005802566
632	twist	-0.000580654
632	riskier	-0.0005809826
632	indel	-0.0005814747
632	albert	-0.0005815019
632	rubric	-0.00058156264
632	ec4v	-0.0005817812
632	textbook	-0.0005818505
632	greenwich	-0.00058206386
632	pp1	-0.00058225816
632	cooki	-0.0005823002
632	kerasot	-0.00058236445
632	affluenc	-0.00058256317
632	gejiu	-0.00058259966
632	dongchuan	-0.00058259966
632	binchuan	-0.00058259966
632	pretend	-0.00058286125
632	1110	-0.00058291457
632	lilliputian	-0.00058297644
632	smuggler	-0.0005831759
632	hardrock	-0.00058335427
632	dijet	-0.0005833812
632	pme	-0.0005835961
632	enga	-0.0005837447
632	gdf	-0.00058381865
632	jpest001	-0.0005840094
632	rolando	-0.00058438495
632	gumma	-0.0005844663
632	sahara	-0.0005845267
632	mondolkiri	-0.00058483233
632	beak	-0.00058484427
632	meteor	-0.00058502186
632	meager	-0.0005850258
632	dull	-0.0005852033
632	budihardjo	-0.0005852953
632	jealousi	-0.0005853774
632	andrei	-0.00058551534
632	nostalg	-0.0005855563
632	illus	-0.00058588944
632	counterattack	-0.0005859323
632	zou	-0.000586029
632	passs	-0.0005860438
632	dispensari	-0.00058621273
632	various	-0.0005862773
632	portrait	-0.00058650674
632	pyon	-0.0005866642
632	rip	-0.0005868932
632	paribartra	-0.00058700034
632	ccmbuaarft	-0.00058700034
632	battleship	-0.00058741344
632	rational	-0.0005875073
632	982	-0.0005875233
632	tien	-0.00058762444
632	125p	-0.0005876531
632	destroy	-0.00058773893
632	roddi	-0.00058785034
632	reanim	-0.00058794493
632	predic	-0.000588137
632	manni	-0.0005884261
632	saudi	-0.0005884988
632	tonight	-0.000588608
632	1890	-0.0005886162
632	middlemen	-0.00058865274
632	walki	-0.0005886609
632	disagr	-0.0005887034
632	edmund	-0.000588748
632	cedar	-0.0005889393
632	globalis	-0.0005889599
632	kakadu	-0.0005889796
632	kc4	-0.0005890773
632	twilight	-0.00058911013
632	y7	-0.00058944296
632	xcz	-0.0005894488
632	tuft	-0.0005897204
632	fino	-0.00058980833
632	tatarstan	-0.00058986706
632	unskil	-0.0005899277
632	faculti	-0.000589983
632	cow	-0.0005900301
632	teapot	-0.000590076
632	us	-0.00059014704
632	thump	-0.0005901716
632	p7389	-0.0005902589
632	classifi	-0.0005903061
632	upsurg	-0.0005904336
632	swansea	-0.00059048476
632	forag	-0.0005904998
632	taganrog	-0.0005905074
632	chhai	-0.0005907861
632	ratanakiri	-0.0005907861
632	hdtv	-0.00059099396
632	estado	-0.00059106393
632	caucasian	-0.0005914325
632	preclud	-0.00059152965
632	anytim	-0.0005915435
632	cox	-0.0005917015
632	bt7bn	-0.0005917293
632	liuzhou	-0.00059174065
632	bellweth	-0.00059190486
632	floppi	-0.0005919516
632	bt218	-0.00059197296
632	bug	-0.0005919996
632	aero	-0.00059213233
632	shackl	-0.00059238827
632	r12	-0.00059277116
632	allegi	-0.0005928862
632	eccleston	-0.0005930211
632	hg	-0.00059312524
632	midrex	-0.0005932121
632	jui	-0.000593251
632	tudor	-0.000593333
632	tire	-0.00059343776
632	sang	-0.00059353927
632	summitvil	-0.00059355836
632	unglamor	-0.0005935595
632	huzhou	-0.0005936147
632	singa	-0.00059361756
632	yanbu	-0.0005936465
632	lorc	-0.00059368706
632	1947	-0.0005938405
632	fec	-0.00059400476
632	anymor	-0.0005941154
632	tiananmen	-0.00059412967
632	pbx	-0.00059421436
632	istanbul	-0.0005942629
632	nurseri	-0.0005944132
632	gei	-0.00059469236
632	kfci	-0.00059475505
632	p2671	-0.0005948105
632	arch	-0.0005948523
632	breez	-0.0005948577
632	845	-0.0005949322
632	joedono	-0.0005951162
632	creek	-0.0005953481
632	cnc	-0.00059538975
632	4371	-0.00059556036
632	copyright	-0.00059561845
632	344	-0.00059567596
632	currant	-0.0005957375
632	acced	-0.0005958138
632	vertic	-0.0005958598
632	thinn	-0.00059597834
632	azerbaijan	-0.00059602427
632	gum	-0.000596163
632	demolish	-0.0005963155
632	olongapo	-0.00059641985
632	stormi	-0.00059642154
632	unita	-0.00059671677
632	ganzi	-0.00059695967
632	okada	-0.00059711793
632	inchcap	-0.0005972205
632	glamorgan	-0.0005973516
632	datong	-0.00059747434
632	1407	-0.00059754064
632	25bn	-0.00059756887
632	06m	-0.0005976141
632	elementari	-0.0005978576
632	shein	-0.00059793825
632	oatmeal	-0.0005979864
632	rein	-0.0005981458
632	asia	-0.00059817516
632	digit	-0.0005983787
632	watchman	-0.0005985459
632	carniv	-0.0005988282
632	rs100m	-0.0005989426
632	bassein	-0.00059904007
632	wantong	-0.00059904007
632	720	-0.0005991703
632	usin	-0.0005993394
632	hume	-0.0005993446
632	kc	-0.00059958396
632	terengganu	-0.0005996816
632	guadalajara	-0.0005997057
632	suppiah	-0.0005997095
632	15bn	-0.0005997387
632	abidin	-0.0005997638
632	gari	-0.00059977506
632	ekhdpaglft	-0.00059980113
632	047	-0.0006001932
632	barbara	-0.00060020754
632	aegi	-0.0006002546
632	kantor	-0.00060034555
632	idaho	-0.00060040184
632	taipeng	-0.0006004599
632	roulleaux	-0.0006004599
632	sidem	-0.0006004599
632	broux	-0.0006004599
632	aesthet	-0.00060053956
632	0958	-0.0006005802
632	bitterli	-0.00060058193
632	inciner	-0.00060065725
632	splurg	-0.00060075364
632	mirror	-0.00060087634
632	overestim	-0.00060127996
632	whale	-0.00060148834
632	lauchlan	-0.00060166034
632	accra	-0.0006018061
632	drlat051	-0.0006018407
632	unicord	-0.00060207996
632	vitthay	-0.0006022371
632	hengsat	-0.0006022371
632	aztec	-0.00060229225
632	van	-0.0006023636
632	jiahua	-0.00060247077
632	borax	-0.00060247234
632	overland	-0.0006024786
632	energis	-0.0006025223
632	shiplei	-0.0006025938
632	buenaventura	-0.0006027101
632	grill	-0.00060272886
632	lusolandia	-0.0006027575
632	reagan	-0.000602796
632	streamlin	-0.0006028132
632	lid	-0.00060288596
632	kawthaung	-0.00060302415
632	bethlehem	-0.00060309726
632	ckd	-0.00060330256
632	rung	-0.0006033143
632	mantovana	-0.0006033515
632	tokei	-0.00060362095
632	salut	-0.0006036341
632	kid	-0.00060402375
632	guanwu	-0.0006041206
632	thatun	-0.0006042521
632	tdk	-0.0006043267
632	penwith	-0.0006043748
632	unfold	-0.0006044554
632	scant	-0.0006047901
632	antitank	-0.00060504506
632	elion	-0.00060504867
632	rae	-0.00060505007
632	anzu	-0.00060507073
632	carlton	-0.00060508924
632	unbeat	-0.00060511054
632	newsprint	-0.0006051563
632	dlcdfagsft	-0.0006052665
632	iguazu	-0.0006052867
632	dkydlafwft	-0.0006054162
632	672mw	-0.0006054162
632	pasti	-0.00060551264
632	honeymoon	-0.0006057134
632	56bn	-0.00060589646
632	stopov	-0.0006059603
632	incred	-0.0006060318
632	mechan	-0.0006060736
632	noe	-0.0006061832
632	photolibrari	-0.0006061839
632	edud3acvft	-0.0006061839
632	snitwongs	-0.00060627
632	dao	-0.0006063094
632	wuyishan	-0.0006063209
632	ekyelaa3ft	-0.0006065579
632	gidleigh	-0.00060661114
632	dup	-0.0006066654
632	pointless	-0.0006066758
632	ishii	-0.0006068874
632	coca	-0.00060694
632	upholt	-0.0006071506
632	upscal	-0.0006075306
632	earthenwar	-0.000607796
632	corporacion	-0.00060783426
632	smarter	-0.00060793065
632	249	-0.0006079945
632	eco	-0.0006080134
632	frequent	-0.0006080355
632	simplic	-0.0006080409
632	340m	-0.00060807733
632	mobilis	-0.00060816406
632	meli	-0.0006082123
632	intertwin	-0.00060824695
632	loyment	-0.0006083241
632	shini	-0.0006084006
632	bundl	-0.00060840516
632	irrawaddi	-0.00060841825
632	seem	-0.0006086073
632	400p	-0.00060860754
632	witti	-0.00060860964
632	tasker	-0.00060864445
632	bt174	-0.00060867716
632	slrs43	-0.00060867716
632	torpedo	-0.0006086935
632	homecom	-0.0006087299
632	indirectli	-0.0006089174
632	jezek	-0.00060908735
632	mackai	-0.00060934894
632	jubayl	-0.00060950656
632	nascent	-0.00060975365
632	evil	-0.0006097603
632	knowhow	-0.00060977036
632	beddal	-0.0006098259
632	sanya	-0.00060983544
632	11th	-0.00060993497
632	biscuit	-0.0006100532
632	sacm	-0.00061024097
632	lan	-0.0006103105
632	ideologic	-0.0006104608
632	watercress	-0.0006104831
632	quill	-0.0006104831
632	myat	-0.00061054865
632	honest	-0.0006105967
632	compil	-0.00061072776
632	entrepot	-0.0006108102
632	afghan	-0.000610844
632	calverton	-0.00061088346
632	agro	-0.00061093137
632	unemp	-0.00061165116
632	volkswagen	-0.0006117738
632	nurs	-0.0006117778
632	squadron	-0.00061178557
632	manwan	-0.0006117998
632	cs	-0.0006119556
632	bah	-0.00061201217
632	samurai	-0.0006123365
632	carriag	-0.0006124139
632	clariti	-0.0006127039
632	3rd	-0.0006127113
632	dubiou	-0.0006127608
632	dyba	-0.0006127804
632	venison	-0.00061282696
632	174m	-0.00061284227
632	hori	-0.000612952
632	thermal	-0.00061296194
632	sanitari	-0.0006129795
632	stubbl	-0.00061304844
632	seduct	-0.0006130531
632	coral	-0.00061309856
632	1429	-0.00061322143
632	2003	-0.0006132616
632	guenter	-0.0006133622
632	1903	-0.00061343896
632	dree	-0.00061350706
632	estonia	-0.0006136211
632	kutkai	-0.000613836
632	thyme	-0.00061398646
632	sagu	-0.00061406556
632	anarch	-0.0006140788
632	773	-0.0006141276
632	udokan	-0.0006143901
632	maru	-0.00061442965
632	bypass	-0.00061447104
632	jpnea030	-0.0006145
632	1928	-0.0006145124
632	gees	-0.00061463466
632	bucharest	-0.0006147816
632	siddal	-0.00061488524
632	berlusconi	-0.00061489485
632	cso	-0.0006149097
632	easter	-0.0006150827
632	anritsu	-0.0006150894
632	national	-0.0006151992
632	dovetail	-0.0006152292
632	decisionmak	-0.0006152558
632	jiakun	-0.00061528047
632	sirdon	-0.0006152945
632	mfa	-0.0006153631
632	complimentari	-0.00061543036
632	speedier	-0.0006155263
632	jesu	-0.0006155644
632	butch	-0.00061559514
632	kankeiren	-0.0006156495
632	mi	-0.0006158249
632	runwai	-0.00061599014
632	everest	-0.000616053
632	xenophobia	-0.0006161257
632	y532	-0.00061619276
632	leningrad	-0.0006164335
632	opera	-0.00061646214
632	ebcdjaayft	-0.00061662565
632	ball	-0.0006166337
632	ernst	-0.00061664113
632	romulo	-0.00061669695
632	004	-0.0006169086
632	elig	-0.0006170691
632	eas	-0.00061709597
632	stile	-0.0006171549
632	knew	-0.0006174478
632	moab	-0.0006175954
632	pinochet	-0.00061771815
632	fledg	-0.00061777025
632	p4512	-0.00061798474
632	rot	-0.0006182029
632	uncheck	-0.0006184305
632	norgold	-0.000618638
632	endogen	-0.0006186809
632	shipunov	-0.0006188397
632	fairwai	-0.000618886
632	scilli	-0.0006189032
632	312m	-0.0006189732
632	meati	-0.0006191636
632	habegg	-0.0006191711
632	tuc	-0.0006195462
632	motif	-0.00061962084
632	wrought	-0.0006196639
632	buyout	-0.0006196925
632	bruneian	-0.0006197196
632	megat	-0.0006197196
632	tale	-0.0006198789
632	salient	-0.0006199384
632	crest	-0.0006199391
632	narasimha	-0.0006199944
632	whisper	-0.0006201766
632	p1321	-0.0006205072
632	iaea	-0.0006205646
632	sdf	-0.00062059675
632	payoff	-0.000620753
632	selfish	-0.0006208093
632	470m	-0.0006208591
632	dither	-0.00062093075
632	honolulu	-0.00062101823
632	se1	-0.0006210359
632	trz	-0.0006211089
632	metalwar	-0.000621213
632	rejuven	-0.0006212727
632	kabaay	-0.0006213389
632	fritillari	-0.00062139577
632	suphachai	-0.0006216494
632	indisput	-0.00062165846
632	qureshi	-0.00062172394
632	kingsdown	-0.00062187685
632	escondido	-0.0006218922
632	jetro	-0.0006219073
632	represent	-0.0006219539
632	kiwifruit	-0.00062198547
632	disprov	-0.00062232214
632	nichol	-0.0006223459
632	anju	-0.00062251376
632	brain	-0.00062254025
632	unsatisfactori	-0.000622716
632	greek	-0.00062281016
632	flex	-0.000622853
632	conscious	-0.0006228908
632	overfish	-0.000623263
632	aleksandr	-0.00062331744
632	jpusr019	-0.00062338763
632	southward	-0.0006235696
632	p3714	-0.00062364124
632	038	-0.00062373653
632	taught	-0.0006237829
632	function	-0.00062381267
632	manuel	-0.00062421075
632	165m	-0.00062435924
632	jpcar035	-0.00062440336
632	slumber	-0.0006244624
632	simmer	-0.0006244951
632	jptdd013	-0.00062481366
632	lambast	-0.00062494766
632	eurocurr	-0.00062502123
632	reportag	-0.00062524487
632	ranh	-0.0006252956
632	704	-0.00062539027
632	iem	-0.0006253933
632	chaw	-0.00062544906
632	modicum	-0.0006254793
632	r50bn	-0.0006254999
632	skid	-0.00062559353
632	plead	-0.0006257386
632	vacant	-0.0006258258
632	boomer	-0.00062602304
632	enlarg	-0.0006260976
632	synopsi	-0.0006261416
632	drchi047	-0.0006261699
632	megabyt	-0.0006264724
632	155m	-0.00062653015
632	chad	-0.0006266543
632	vetch	-0.0006266619
632	wheeler	-0.00062670006
632	pullout	-0.0006268566
632	256m	-0.00062689686
632	quek	-0.00062695466
632	tmp	-0.00062715454
632	transatlant	-0.0006272314
632	kyaukpadaung	-0.0006272864
632	imperfect	-0.0006273397
632	bestow	-0.00062734337
632	mastermind	-0.00062737707
632	kazuo	-0.00062760763
632	oslo	-0.0006277109
632	rac	-0.0006278471
632	vaunt	-0.0006279067
632	justif	-0.0006279209
632	nongovernment	-0.000627934
632	1953	-0.00062795467
632	gumboot	-0.00062805455
632	rt	-0.0006282068
632	drchi032	-0.0006283688
632	unbear	-0.00062846486
632	uplift	-0.00062861963
632	bombard	-0.00062887557
632	quiroga	-0.0006291004
632	disproport	-0.0006294088
632	ming	-0.00062945834
632	werner	-0.0006297062
632	216	-0.0006297455
632	ch	-0.0006298628
632	silmul	-0.00062994537
632	1820	-0.0006300809
632	shiraz	-0.0006301616
632	supp	-0.0006303795
632	batman	-0.0006305473
632	binariang	-0.0006306129
632	hoteli	-0.00063064956
632	philex	-0.0006306555
632	fennel	-0.0006307098
632	panglong	-0.0006307276
632	dilettant	-0.0006310668
632	113m	-0.0006312131
632	hanil	-0.00063130324
632	rarest	-0.0006313064
632	pillar	-0.0006315342
632	emporium	-0.0006319963
632	pengilli	-0.0006322552
632	hargreav	-0.0006323918
632	prasertsak	-0.00063239795
632	ongwattanakul	-0.00063239795
632	finfloor	-0.00063239795
632	implaus	-0.00063239835
632	timbermen	-0.00063243235
632	ineffect	-0.0006330446
632	3194	-0.0006331152
632	fenxi	-0.0006331565
632	loyalist	-0.0006331718
632	000kw	-0.00063321326
632	fullest	-0.0006332807
632	vitalii	-0.0006334557
632	undergon	-0.0006334752
632	undoubt	-0.00063347985
632	deychag8ft	-0.0006335546
632	tail	-0.00063367636
632	uc	-0.0006338229
632	propens	-0.0006338561
632	bt450	-0.00063403725
632	slrs49	-0.00063403725
632	bt760	-0.00063403725
632	ejpahac0ft	-0.00063403725
632	qiangshen	-0.00063403725
632	calder	-0.00063410384
632	229	-0.00063416985
632	masaru	-0.0006343887
632	flame	-0.0006344564
632	626	-0.0006346046
632	chita	-0.00063460635
632	illiteraci	-0.00063464633
632	giai	-0.0006348984
632	unrestrict	-0.0006349881
632	gov	-0.00063518126
632	backpack	-0.0006352137
632	populac	-0.0006356058
632	nationhood	-0.0006358099
632	silvio	-0.0006358164
632	chairmanship	-0.0006359013
632	barb	-0.0006359467
632	1239	-0.0006362971
632	motorlet	-0.00063651573
632	deflationari	-0.0006368261
632	nakhodka	-0.00063686265
632	plier	-0.00063686393
632	blanca	-0.00063717563
632	moratorium	-0.00063741405
632	sacrif	-0.0006375438
632	irawan	-0.00063773047
632	gee	-0.00063791976
632	irradi	-0.0006381395
632	dalla	-0.00063833
632	dreas083bb	-0.0006384078
632	sisa	-0.0006385651
632	unparallel	-0.0006386325
632	gerard	-0.0006386672
632	plough	-0.0006387539
632	607	-0.00063881534
632	katha	-0.00063898147
632	uprat	-0.0006389903
632	rhinocero	-0.00063900044
632	squabbl	-0.00063901546
632	thint	-0.00063926284
632	560m	-0.0006395972
632	drchi058	-0.000639616
632	megabit	-0.0006397168
632	ltcb	-0.00063974946
632	welbeck	-0.00063991774
632	censor	-0.00064003275
632	electrician	-0.00064013916
632	noncommitt	-0.000640625
632	dongx	-0.0006408198
632	ibca	-0.00064084213
632	y400	-0.00064130366
632	handset	-0.000641327
632	ciibpabfft	-0.0006414664
632	bnz	-0.00064152956
632	shouldn	-0.00064153766
632	stratifi	-0.00064164837
632	lepanto	-0.000641687
632	outmod	-0.0006417091
632	mighti	-0.00064173643
632	explicitli	-0.00064195204
632	cia	-0.00064206484
632	dc2bzaa5ft	-0.00064232363
632	classroom	-0.00064234046
632	allen	-0.0006425803
632	abramowitz	-0.0006427499
632	auto	-0.0006427943
632	sta	-0.0006429901
632	helmut	-0.000643038
632	chatichai	-0.00064318336
632	kaeri	-0.0006432256
632	antofagasta	-0.0006433795
632	branch	-0.0006433861
632	disorient	-0.0006433993
632	makati	-0.00064365845
632	322	-0.0006438265
632	654	-0.00064394716
632	lp	-0.00064401905
632	byword	-0.00064415316
632	beibnaf1ft	-0.00064441306
632	kiev	-0.00064444717
632	tactless	-0.0006445239
632	staf	-0.0006446107
632	holzmann	-0.00064468774
632	artisan	-0.00064473785
632	waysid	-0.00064475613
632	rao	-0.0006448729
632	gibson	-0.0006450267
632	heartland	-0.00064504583
632	antarct	-0.0006450778
632	terrif	-0.0006451458
632	reclassif	-0.00064553745
632	6000	-0.0006456369
632	mappa	-0.00064570893
632	secom	-0.0006458219
632	ngo	-0.00064585655
632	vw	-0.0006459257
632	pozzi	-0.00064600864
632	seacon	-0.0006461423
632	pncb	-0.0006465103
632	cazenov	-0.000646568
632	ashikaga	-0.00064662914
632	869	-0.000646637
632	diablo	-0.0006467345
632	unsettl	-0.0006468012
632	realism	-0.0006468932
632	motion	-0.00064697734
632	humil	-0.0006470587
632	cawawadift	-0.0006471854
632	archaic	-0.0006472448
632	instinct	-0.0006474067
632	osato	-0.0006475187
632	sizabl	-0.00064776035
632	dreas005	-0.00064780156
632	yakutsk	-0.00064780266
632	nineti	-0.0006479969
632	goodby	-0.00064805924
632	ceaseless	-0.0006484934
632	accessori	-0.0006485558
632	joi	-0.00064857316
632	ealddagpft	-0.0006486164
632	xiv	-0.0006486943
632	xiao	-0.0006487583
632	server	-0.00064909883
632	uzbek	-0.00064915227
632	deduct	-0.0006493496
632	meyhof	-0.00064935244
632	eigdvac6ft	-0.00064935244
632	gsp	-0.0006493675
632	efhdcacrft	-0.0006494227
632	bahadur	-0.00064966746
632	cez	-0.0006496996
632	ruff	-0.00064972584
632	arson	-0.0006497732
632	cardin	-0.00065006985
632	maraud	-0.00065015873
632	cpi	-0.00065022404
632	boardwalk	-0.0006506324
632	riddl	-0.00065074704
632	ilog	-0.00065090274
632	lawless	-0.0006509988
632	callou	-0.00065110443
632	ri	-0.00065116235
632	newer	-0.00065121043
632	jolliti	-0.0006512166
632	komsomolsk	-0.00065137923
632	kwe	-0.00065141206
632	pistachio	-0.00065141794
632	tuck	-0.00065149745
632	shatter	-0.0006515677
632	avx	-0.00065157627
632	walden	-0.00065159285
632	dazhen	-0.00065195357
632	guerrero	-0.0006522851
632	zone	-0.0006523404
632	drlat059	-0.00065254164
632	blockag	-0.0006525656
632	gma	-0.0006526013
632	soccer	-0.0006526795
632	bogland	-0.0006528267
632	methan	-0.00065289997
632	politic	-0.0006529148
632	butcher	-0.00065296964
632	jewel	-0.0006531451
632	magnu	-0.00065328344
632	89bn	-0.00065332215
632	vega	-0.000653353
632	statesmen	-0.00065340777
632	sequenc	-0.0006535799
632	tulkki	-0.0006536034
632	philipinn	-0.00065360346
632	eeqdyahkft	-0.00065360346
632	16mw	-0.00065360346
632	295	-0.00065371656
632	holland	-0.00065373495
632	solv	-0.0006539334
632	imdi	-0.0006541692
632	894	-0.00065419957
632	aig	-0.0006543231
632	crai	-0.0006543855
632	dissent	-0.0006544202
632	jiayuguan	-0.00065442343
632	liken	-0.00065449654
632	cruis	-0.00065453915
632	pdr	-0.00065455004
632	maghreb	-0.000654616
632	arica	-0.0006547353
632	sangkum	-0.00065491267
632	r8	-0.00065512804
632	tan	-0.00065515446
632	unquantifi	-0.00065539865
632	glad	-0.00065547053
632	prepop	-0.00065552606
632	acqualcultur	-0.00065552606
632	52p	-0.0006560137
632	hood	-0.00065614475
632	tdx	-0.0006566573
632	crossroad	-0.0006567625
632	pepperi	-0.0006568093
632	streaki	-0.0006569261
632	stave	-0.00065697794
632	vandal	-0.0006571112
632	roast	-0.000657255
632	token	-0.0006573333
632	casa	-0.000657355
632	829	-0.00065768766
632	interventionist	-0.0006577332
632	intermin	-0.0006577508
632	essenc	-0.00065792305
632	drchi045	-0.0006580937
632	savari	-0.0006581258
632	ciobxadyft	-0.0006587463
632	bt615m	-0.0006587463
632	graff	-0.0006589497
632	ria	-0.0006590043
632	185m	-0.00065925333
632	chapel	-0.0006592561
632	payback	-0.0006593744
632	edict	-0.0006594821
632	scupper	-0.00065958616
632	inexor	-0.00065985025
632	woken	-0.0006602977
632	midsess	-0.00066030666
632	hasten	-0.0006604631
632	obligatori	-0.000660464
632	int	-0.0006604686
632	sme	-0.000660526
632	dreas004	-0.00066082826
632	wuhan	-0.0006608659
632	sudan	-0.0006608761
632	grimmer	-0.0006609082
632	6445	-0.0006609739
632	veba	-0.00066116423
632	kurganmashzavod	-0.0006613717
632	arrog	-0.0006613816
632	presuppos	-0.0006614507
632	battlefield	-0.0006614677
632	niyum	-0.00066153216
632	peski	-0.00066158525
632	chunuk	-0.0006616523
632	burnu	-0.0006616523
632	cord	-0.0006617109
632	subsector	-0.00066174497
632	drchi003	-0.0006618869
632	tourism	-0.0006619186
632	joshi	-0.0006619417
632	tsutomu	-0.00066205056
632	launcher	-0.0006620915
632	curiou	-0.00066231034
632	smartcom	-0.0006623678
632	inquir	-0.00066238
632	pea	-0.000662407
632	jpusr025	-0.00066254404
632	gamut	-0.0006627137
632	parish	-0.00066274445
632	incept	-0.00066277024
632	sopha	-0.00066283013
632	logger	-0.0006631829
632	7am	-0.0006632341
632	hanjin	-0.00066327455
632	glow	-0.00066338066
632	teh	-0.0006634324
632	confidenti	-0.00066358485
632	nerv	-0.00066368916
632	conductor	-0.0006637769
632	tarrin	-0.0006638865
632	stroitelstvo	-0.00066391844
632	217	-0.00066435966
632	greedili	-0.000664491
632	procrastin	-0.00066450285
632	team	-0.0006653516
632	huahai	-0.0006654343
632	grandfath	-0.0006655426
632	mangrov	-0.00066558766
632	coercion	-0.00066568184
632	aramco	-0.00066570845
632	cholera	-0.0006658704
632	colombo	-0.00066604425
632	1210	-0.0006661636
632	bottleneck	-0.0006661763
632	asfordbi	-0.00066623784
632	ssr	-0.0006664037
632	instant	-0.000666547
632	galvanis	-0.0006666766
632	309	-0.0006668758
632	discharg	-0.0006669998
632	unbuilt	-0.0006670535
632	huachang	-0.00066720234
632	rene	-0.00066720345
632	writ	-0.0006672443
632	eggar	-0.0006675879
632	unpav	-0.00066762156
632	mispronunci	-0.0006676546
632	bloom	-0.0006678202
632	y8	-0.00066799903
632	nlz	-0.0006680708
632	p6081	-0.0006681082
632	64bn	-0.00066817837
632	mangyongbong	-0.00066835305
632	alight	-0.0006684577
632	unavoid	-0.0006684628
632	dodgi	-0.00066850136
632	krugerrand	-0.0006685758
632	psnc	-0.00066866924
632	1966	-0.0006686888
632	kaohsiung	-0.00066881947
632	birthright	-0.00066885306
632	ataturk	-0.0006688983
632	chaiyong	-0.0006690778
632	1891	-0.0006690962
632	eggdzahnft	-0.00066912704
632	puzo	-0.00066937966
632	unpromis	-0.0006696142
632	pr	-0.00066970236
632	craftsmen	-0.00066976994
632	michel	-0.0006697903
632	backbon	-0.00066983857
632	kroell	-0.0006698614
632	105m	-0.00067005417
632	tsugami	-0.0006700866
632	sociolog	-0.0006702867
632	minli	-0.0006703633
632	enlai	-0.0006705545
632	eurasian	-0.0006706216
632	bissau	-0.0006708374
632	household	-0.0006711272
632	mideast	-0.00067121343
632	globalist	-0.0006713124
632	gaswork	-0.00067151635
632	brymon	-0.00067151635
632	kinkel	-0.00067158963
632	676	-0.0006717711
632	nyaunglebin	-0.00067186
632	arbitrarili	-0.0006720952
632	1964	-0.00067226926
632	koumintang	-0.000672377
632	sipri	-0.00067239377
632	confiscatori	-0.00067260856
632	dubai	-0.00067283545
632	631	-0.00067284156
632	bate	-0.0006728821
632	northamptonshir	-0.00067294424
632	chicori	-0.0006729891
632	tweezer	-0.0006729891
632	haggi	-0.0006729891
632	rost	-0.0006729891
632	franc	-0.0006731924
632	suzuki	-0.00067357515
632	1st	-0.00067365717
632	0711	-0.00067384064
632	entre	-0.0006739315
632	cbsb3ac9ft	-0.0006739832
632	sandwich	-0.00067398633
632	maricri	-0.0006739994
632	470	-0.000674077
632	baranovskii	-0.0006743938
632	overthrow	-0.00067442254
632	escal	-0.0006745645
632	594m	-0.0006745746
632	venezolana	-0.0006746664
632	regiment	-0.0006747422
632	nimmanahaeminda	-0.0006747526
632	cutoff	-0.000674991
632	qinshan	-0.0006749924
632	ingot	-0.00067500817
632	regener	-0.0006750853
632	brasil	-0.0006752724
632	pyawbw	-0.000675495
632	castillo	-0.00067570875
632	jameson	-0.000675842
632	1550	-0.00067596574
632	infantri	-0.0006759892
632	preview	-0.00067601143
632	nautic	-0.0006761642
632	championship	-0.0006763517
632	euromonei	-0.00067641516
632	edl	-0.0006768367
632	isit	-0.0006769689
632	dispers	-0.00067717145
632	har	-0.0006771972
632	bake	-0.00067750225
632	uzi	-0.0006775078
632	188	-0.00067764596
632	frizzi	-0.0006776662
632	overvalu	-0.0006778426
632	jiaxuan	-0.0006780003
632	dhanabalan	-0.0006781242
632	changguang	-0.00067814725
632	kok	-0.000678157
632	bracket	-0.0006781893
632	mebyon	-0.0006782239
632	kernow	-0.00067822397
632	0624	-0.0006783057
632	chandra	-0.00067832606
632	contraband	-0.0006783753
632	prestigi	-0.0006784772
632	pentreath	-0.00067854725
632	666	-0.00067863317
632	edsdvabbft	-0.00067889254
632	encircl	-0.0006791158
632	hokkaido	-0.0006791763
632	moil	-0.0006792953
632	nge	-0.0006795832
632	tungguan	-0.00067968026
632	pvt	-0.0006797674
632	iadb	-0.000679865
632	insist	-0.0006798756
632	caspian	-0.00068000256
632	harmonis	-0.0006800397
632	boudin	-0.0006801293
632	diari	-0.00068051973
632	vacanc	-0.0006805364
632	werk	-0.00068060996
632	citru	-0.0006810538
632	knife	-0.0006811387
632	nonbank	-0.00068123837
632	qatar	-0.0006812933
632	portli	-0.00068144314
632	shaken	-0.0006814541
632	akst	-0.0006815966
632	contraven	-0.0006817873
632	ek	-0.0006819256
632	senhao	-0.00068205496
632	dgtccabfft	-0.0006823676
632	northam	-0.00068242353
632	tsere	-0.0006826114
632	2006	-0.0006827566
632	trick	-0.0006828317
632	renounc	-0.0006828864
632	gemeinschaft	-0.000683055
632	phillipin	-0.00068311515
632	unab	-0.0006833
632	nikaan	-0.00068346935
632	domain	-0.0006834985
632	gmt	-0.00068367436
632	farsight	-0.0006837669
632	prop	-0.0006837898
632	dreas064	-0.0006840437
632	climbdown	-0.00068431656
632	confuciu	-0.0006843828
632	terrin	-0.00068439374
632	dy	-0.00068450585
632	aldan	-0.0006845348
632	wickedest	-0.0006845962
632	kralupi	-0.00068525295
632	fortuit	-0.0006853775
632	edtefaggft	-0.0006854869
632	clue	-0.00068549096
632	kayan	-0.0006857938
632	dhhajaczft	-0.0006859804
632	afilli	-0.0006859804
632	bernhard	-0.00068603095
632	kmt	-0.0006862466
632	hiroshima	-0.00068639015
632	405m	-0.00068647496
632	anthem	-0.0006868234
632	carolina	-0.00068705325
632	miser	-0.0006872911
632	fruition	-0.0006873031
632	haulier	-0.0006873787
632	cornerston	-0.00068752246
632	correctli	-0.0006876929
632	579	-0.0006877762
632	sarah	-0.00068800483
632	naughti	-0.00068808004
632	sedan	-0.00068823306
632	unbundl	-0.000688279
632	gobe	-0.0006882954
632	agrarian	-0.00068833894
632	niger	-0.00068837573
632	smog	-0.00068869034
632	countrymen	-0.0006887017
632	cape	-0.0006887347
632	peder	-0.00068874564
632	overstaf	-0.0006888147
632	irrat	-0.0006888918
632	embodi	-0.0006889472
632	laissez	-0.0006889711
632	rongji	-0.0006892166
632	hlc	-0.00068925327
632	luy	-0.0006892625
632	burford	-0.000689695
632	columbia	-0.0006899486
632	dihb8ahgft	-0.00068996486
632	lunan	-0.0006900768
632	parson	-0.00069016626
632	183m	-0.000690252
632	minggui	-0.0006902582
632	gnang	-0.00069029577
632	volachit	-0.00069029577
632	hopewel	-0.00069031597
632	endiv	-0.00069035124
632	1883	-0.00069036084
632	triet	-0.00069045357
632	hsu	-0.00069098116
632	recours	-0.00069116417
632	code	-0.00069135026
632	limitless	-0.000691361
632	restiv	-0.0006916473
632	sadli	-0.0006917713
632	fi	-0.0006918245
632	skr4	-0.0006920735
632	173	-0.00069279614
632	1751	-0.0006930796
632	marvel	-0.0006933145
632	thanh	-0.0006934877
632	lethargi	-0.00069349067
632	646	-0.0006938953
632	gullet	-0.0006939676
632	autarki	-0.0006940825
632	tao	-0.000694283
632	cede	-0.0006945387
632	ning	-0.0006947222
632	irretriev	-0.0006948581
632	gic	-0.00069531
632	compel	-0.00069545326
632	57bn	-0.0006955077
632	retrain	-0.00069558463
632	vigil	-0.0006959586
632	authent	-0.00069600315
632	transcend	-0.0006962548
632	kent	-0.0006963196
632	ecrdqagyft	-0.0006963416
632	overflow	-0.00069634715
632	trainabl	-0.00069638476
632	deloitt	-0.0006964002
632	misconcept	-0.00069667335
632	drchi015	-0.00069668365
632	insepar	-0.00069683715
632	507	-0.0006968607
632	250bn	-0.00069694663
632	flog	-0.0006969933
632	meatier	-0.00069710275
632	remembr	-0.0006973631
632	116m	-0.00069743954
632	jiuquan	-0.0006974492
632	oat	-0.00069771806
632	tc	-0.0006980955
632	999	-0.00069825235
632	undecid	-0.0006982696
632	ea1chahbft	-0.0006982935
632	straightfoward	-0.0006982935
632	telekom	-0.00069833716
632	wpk	-0.00069834926
632	graft	-0.00069847074
632	kaliningrad	-0.00069866964
632	conservationist	-0.0006988842
632	nest	-0.00069902086
632	nagoya	-0.0006991952
632	nouveaux	-0.00069924694
632	geophysicist	-0.00069927494
632	keenest	-0.0006994458
632	26th	-0.0006998162
632	helen	-0.00069986033
632	nutrition	-0.0007000209
632	driest	-0.0007000967
632	primit	-0.0007001061
632	500mw	-0.00070019317
632	501	-0.0007002399
632	adjust	-0.00070059893
632	daiichi	-0.00070110604
632	extric	-0.00070128805
632	850bn	-0.00070130866
632	gyo	-0.0007016438
632	ncub	-0.00070173177
632	putao	-0.0007017318
632	unsophist	-0.0007017724
632	xuyan	-0.00070181995
632	ansari	-0.0007019292
632	maricalum	-0.00070208113
632	marcopp	-0.00070208113
632	us92	-0.000702105
632	hei	-0.000702166
632	hostel	-0.00070243183
632	dissatisfi	-0.00070246885
632	kyaukm	-0.0007024803
632	oei	-0.00070254505
632	ink	-0.0007025779
632	ne	-0.00070257945
632	revolution	-0.0007026039
632	edleuaecft	-0.0007026789
632	pekon	-0.00070269895
632	norman	-0.0007028781
632	parncutt	-0.0007031145
632	maximum	-0.00070318213
632	iberian	-0.00070328376
632	latch	-0.0007033191
632	eden	-0.000703359
632	dreas035	-0.0007034966
632	1888	-0.00070351124
632	ayudhya	-0.000703605
632	bioliquid	-0.00070380967
632	yanjiu	-0.0007038186
632	png	-0.0007038285
632	evas	-0.0007039264
632	delirium	-0.00070407096
632	multibillion	-0.00070434256
632	truffl	-0.0007044356
632	lizard	-0.0007049857
632	enviabl	-0.0007051317
632	archbishop	-0.0007052781
632	p3724	-0.00070533855
632	landfil	-0.0007053769
632	engend	-0.0007054126
632	revolut	-0.00070545764
632	goldr	-0.0007056033
632	nikhom	-0.0007056598
632	058	-0.00070590246
632	malpractic	-0.00070600264
632	bukharin	-0.00070601533
632	bearer	-0.0007062436
632	drchi112	-0.0007063475
632	posco	-0.00070640777
632	ee2aaabift	-0.0007064816
632	satsaida	-0.0007066046
632	degcqafwft	-0.0007066046
632	751	-0.00070711266
632	larsson	-0.0007072736
632	p4499	-0.0007074126
632	attir	-0.00070778857
632	muscovit	-0.000708101
632	platt	-0.0007081095
632	orthodoxi	-0.0007082693
632	footnot	-0.00070834556
632	magw	-0.0007086309
632	nukazawa	-0.0007087848
632	canyon	-0.00070890185
632	sunsiri	-0.00070890534
632	soonsiri	-0.0007090183
632	id	-0.0007096709
632	whop	-0.00070968876
632	gastrodia	-0.0007097359
632	ghina	-0.0007097359
632	ganoderma	-0.0007097359
632	baiyin	-0.0007097359
632	overcam	-0.0007098675
632	salvat	-0.00070988113
632	ocifa	-0.0007099295
632	aprodi	-0.0007099295
632	cisigraph	-0.0007099295
632	dettier	-0.0007099295
632	intensif	-0.00071002386
632	pieroni	-0.00071005395
632	radium	-0.0007103213
632	maza	-0.000710353
632	elector	-0.000710656
632	weren	-0.00071081676
632	escort	-0.00071099127
632	mindset	-0.000711177
632	uneasi	-0.00071120396
632	cao	-0.00071123353
632	renault	-0.0007112382
632	lpg	-0.0007112451
632	aichi	-0.00071126205
632	crocodylu	-0.0007115477
632	devoid	-0.00071167335
632	grass	-0.00071200577
632	inaccess	-0.0007120094
632	pinlaung	-0.00071202253
632	halla	-0.0007120694
632	reinvest	-0.00071221264
632	stonewal	-0.00071237364
632	r1bn	-0.0007124856
632	xie	-0.00071253476
632	18bn	-0.00071260455
632	ruan	-0.00071273895
632	microbiolog	-0.00071330066
632	banburi	-0.0007133394
632	georgia	-0.0007134105
632	anomali	-0.00071353064
632	hell	-0.0007136095
632	kalimantan	-0.00071385194
632	namakwa	-0.000713942
632	satir	-0.0007140396
632	lossau	-0.0007144065
632	ekieiaa9ft	-0.00071448367
632	ilmenit	-0.00071458786
632	superman	-0.00071462186
632	tyne	-0.0007149623
632	credenti	-0.0007150196
632	incongru	-0.0007152437
632	salv	-0.0007154402
632	quoc	-0.00071549986
632	935	-0.0007156136
632	jail	-0.00071590714
632	talala	-0.00071592384
632	discreetli	-0.0007161229
632	chandler	-0.0007161594
632	parthasarathi	-0.0007162702
632	hangov	-0.0007164047
632	5ex	-0.00071642024
632	golovachev	-0.0007165571
632	cobr	-0.0007166776
632	millimet	-0.0007166894
632	retak	-0.000716959
632	kc3	-0.00071703247
632	boddington	-0.00071704405
632	p1094	-0.00071713864
632	skeleton	-0.0007171412
632	dreas085aa	-0.0007172228
632	daihatsu	-0.00071744964
632	vitkovic	-0.0007174872
632	financni	-0.0007183059
632	cajamarquilla	-0.0007183728
632	osakan	-0.0007183942
632	nakamoto	-0.00071843027
632	exact	-0.00071847904
632	coutri	-0.00071864
632	savag	-0.0007186505
632	replenish	-0.00071873836
632	1427	-0.00071875256
632	peop	-0.0007188649
632	tsukada	-0.0007191341
632	michiyo	-0.00071932154
632	417	-0.0007194384
632	kpz	-0.0007194986
632	windpip	-0.0007196674
632	gizzard	-0.0007196674
632	entrant	-0.000719765
632	guaranti	-0.0007198539
632	ogura	-0.00072002475
632	staunch	-0.000720058
632	shimpo	-0.00072026526
632	domino	-0.0007202872
632	yarn	-0.00072062574
632	erik	-0.00072074734
632	eatckaa4ft	-0.0007210717
632	oregon	-0.00072131754
632	yacht	-0.0007216386
632	013	-0.00072179886
632	tenneco	-0.00072197174
632	hypocrit	-0.000722191
632	stuart	-0.00072223303
632	bacon	-0.0007222974
632	hayl	-0.0007223734
632	textur	-0.00072248763
632	foist	-0.00072252087
632	orbit	-0.0007225606
632	pv	-0.0007228167
632	likelihood	-0.0007229369
632	k138	-0.000722955
632	extr	-0.000722955
632	p2062	-0.0007230208
632	rous	-0.0007230747
632	sunkyong	-0.00072341337
632	creep	-0.0007234671
632	ata	-0.0007235112
632	jut	-0.00072361605
632	sulphat	-0.0007238074
632	depressingli	-0.0007238094
632	patron	-0.0007238339
632	lian	-0.00072393933
632	xxxi	-0.0007240791
632	lifeless	-0.00072413235
632	ax	-0.00072424166
632	rasher	-0.00072426646
632	horipro	-0.00072428526
632	bashkortostan	-0.00072437717
632	predomin	-0.00072444015
632	bride	-0.00072447176
632	thammatheva	-0.0007244823
632	syndrom	-0.0007245147
632	rashid	-0.00072486314
632	carton	-0.00072490383
632	cuomo	-0.000725052
632	drchi084	-0.0007251146
632	epb	-0.0007251761
632	sul	-0.00072522106
632	ottoman	-0.00072550564
632	zaldivar	-0.00072559173
632	marcial	-0.00072560494
632	seregin	-0.0007256333
632	unilev	-0.00072583475
632	420m	-0.0007260996
632	ugliest	-0.0007261239
632	utterli	-0.0007263598
632	iucn	-0.00072670885
632	dlvccabjft	-0.00072676333
632	disentangl	-0.00072719966
632	widerang	-0.00072726695
632	creat	-0.00072728377
632	acquitt	-0.0007275979
632	sunk	-0.0007276153
632	hangyor	-0.0007277741
632	workmanship	-0.0007278313
632	oki	-0.000727847
632	dictatori	-0.00072785927
632	yuanjiang	-0.000727864
632	jpnea009	-0.00072793034
632	dose	-0.00072828314
632	fuselag	-0.0007283727
632	guilin	-0.00072856573
632	rother	-0.0007286599
632	keith	-0.0007287552
632	downsiz	-0.000728767
632	priest	-0.0007289548
632	b2	-0.00072920986
632	y5	-0.00072947174
632	multicompon	-0.00072951673
632	dreas126	-0.0007296823
632	discord	-0.0007297332
632	venic	-0.00073027133
632	bejaxadeft	-0.00073027407
632	875m	-0.00073044596
632	129	-0.0007304774
632	wizara	-0.00073087733
632	200mw	-0.0007311974
632	dialect	-0.0007313188
632	sergei	-0.00073163665
632	pohang	-0.0007321722
632	bociurkiw	-0.0007322836
632	reprofil	-0.0007324533
632	vuz	-0.0007325996
632	same	-0.00073273055
632	spiritu	-0.0007333828
632	beg	-0.000733403
632	irrit	-0.0007335051
632	leftist	-0.0007335818
632	oz	-0.0007338248
632	conspiraci	-0.00073407055
632	litiagin	-0.00073420163
632	pogranichni	-0.00073420163
632	minit	-0.0007342698
632	1897	-0.00073433993
632	whisk	-0.00073435693
632	extrud	-0.0007343675
632	ssangyong	-0.0007345887
632	rebeld	-0.000734744
632	pharaoh	-0.0007348276
632	yicheng	-0.0007349798
632	politico	-0.0007350513
632	crook	-0.0007350907
632	denison	-0.00073514134
632	yanacocha	-0.000735432
632	anthropogen	-0.00073554716
632	karosa	-0.0007355922
632	dreas016bb	-0.0007357734
632	unkindli	-0.0007358804
632	hydrolog	-0.0007359962
632	borat	-0.0007364327
632	phoenix	-0.00073645636
632	200km	-0.00073649274
632	indic	-0.0007365621
632	cu906	-0.00073667866
632	wick	-0.00073690194
632	pluck	-0.0007369676
632	fgb	-0.0007370679
632	machambaw	-0.0007370679
632	exorbit	-0.0007371292
632	porosu	-0.0007373118
632	csiro	-0.0007373118
632	microcircuit	-0.0007373317
632	nudg	-0.0007373715
632	milkfat	-0.0007375278
632	popcorn	-0.00073779136
632	tumen	-0.00073808304
632	335	-0.0007383687
632	boun	-0.0007384192
632	5012	-0.0007384328
632	eaux	-0.0007387068
632	p3728	-0.0007387774
632	azov	-0.00073912315
632	disclos	-0.0007391412
632	zhao	-0.0007391501
632	dangshen	-0.00073930656
632	jinchan	-0.00073930656
632	asiabel	-0.00073930656
632	dongguo	-0.00073930656
632	wendan	-0.00073930656
632	unconstitut	-0.00073938153
632	gopalaswani	-0.0007395686
632	sygma	-0.000739714
632	angelica	-0.0007397637
632	pill	-0.0007398678
632	minoru	-0.0007401204
632	longest	-0.0007401954
632	hypothesis	-0.00074025156
632	ciabatta	-0.00074025156
632	unexplor	-0.0007404085
632	stewardship	-0.0007405364
632	skelter	-0.00074059254
632	helter	-0.00074059254
632	gase	-0.0007406215
632	deton	-0.00074072415
632	depositari	-0.00074083294
632	shook	-0.00074124674
632	rigor	-0.00074125733
632	duck	-0.0007420981
632	smart	-0.00074209826
632	dreas018	-0.0007421301
632	sk1	-0.00074224424
632	pope	-0.000742549
632	dreas105	-0.00074267364
632	fatal	-0.00074281765
632	hopelessli	-0.0007432705
632	temasek	-0.0007433215
632	freak	-0.000743356
632	hospit	-0.0007434856
632	renmin	-0.0007436481
632	outright	-0.000743746
632	dreas023	-0.0007438172
632	regionwid	-0.00074400014
632	aylesford	-0.00074433006
632	lumlei	-0.00074450846
632	parri	-0.0007445174
632	proposit	-0.0007446468
632	denr	-0.0007447765
632	looe	-0.0007448259
632	fletcher	-0.0007448755
632	moea	-0.0007449871
632	49bn	-0.00074508635
632	godwin	-0.00074514444
632	satisfactorili	-0.0007457418
632	underestim	-0.00074584514
632	munich	-0.0007462324
632	nonbudget	-0.0007467179
632	ampli	-0.00074678275
632	uproot	-0.0007470026
632	camorra	-0.00074722234
632	762	-0.00074726687
632	ak	-0.0007472777
632	pacifican	-0.0007473427
632	p3713	-0.0007474807
632	vpp500	-0.00074755604
632	nourish	-0.0007476547
632	699	-0.0007479964
632	pdvsa	-0.0007484342
632	coventri	-0.0007485626
632	starlet	-0.0007491018
632	50th	-0.00074910803
632	transvestit	-0.0007491129
632	monica	-0.000749292
632	borderless	-0.0007494417
632	clearest	-0.00074947835
632	flatten	-0.00075003156
632	babaiban	-0.0007501829
632	085	-0.0007503523
632	r2bn	-0.000750594
632	tuna	-0.0007506228
632	wrestl	-0.00075070286
632	cemento	-0.0007509122
632	summarili	-0.00075100636
632	gori	-0.00075107825
632	viru	-0.00075138605
632	latinvest	-0.0007514163
632	rethink	-0.0007514694
632	monolith	-0.000751564
632	838	-0.0007517266
632	chung	-0.0007517753
632	ego	-0.0007519524
632	esteem	-0.000752162
632	stranger	-0.00075234653
632	park	-0.00075249135
632	cred	-0.00075255433
632	lu	-0.0007526992
632	otago	-0.00075273006
632	wastewat	-0.00075291155
632	somsavat	-0.00075299904
632	capel	-0.00075301924
632	holzberg	-0.00075307634
632	edud3ahvft	-0.00075307634
632	avion	-0.00075328455
632	jptdd026	-0.00075332355
632	0865	-0.0007534846
632	unearth	-0.0007535987
632	nucleu	-0.0007540241
632	lengsavat	-0.0007540702
632	strikingli	-0.0007540795
632	umm	-0.0007541812
632	ordzhonikidzeugol	-0.00075422233
632	artemugol	-0.00075422233
632	liguo	-0.0007543626
632	saltash	-0.000754375
632	sack	-0.00075440557
632	arisen	-0.000754554
632	webb	-0.00075458473
632	riverin	-0.0007548138
632	healthcar	-0.0007549116
632	braradra	-0.0007554917
632	ka	-0.0007555677
632	y50bn	-0.00075569906
632	panjgur	-0.00075573585
632	angl	-0.0007558239
632	conf	-0.0007560896
632	earner	-0.0007562707
632	2494	-0.0007566539
632	dreas096	-0.00075665454
632	iscor	-0.000756935
632	lessen	-0.00075697334
632	valuat	-0.00075727236
632	namibian	-0.00075751054
632	mgb	-0.0007576089
632	elmer	-0.0007576721
632	knit	-0.0007577256
632	poto	-0.00075803365
632	granja	-0.00075803365
632	commend	-0.0007581959
632	truboprovodov	-0.00075830385
632	doria	-0.00075895665
632	gild	-0.00075912615
632	771	-0.0007592173
632	malaria	-0.0007593636
632	kraus	-0.0007596142
632	bodei	-0.0007596572
632	163m	-0.00075966725
632	xiandai	-0.00075978733
632	briquett	-0.0007602133
632	dreas119	-0.0007604565
632	nitrat	-0.0007606271
632	cc	-0.00076064153
632	devout	-0.00076075137
632	darussalam	-0.0007610967
632	r5	-0.0007611363
632	terrifi	-0.0007613416
632	chef	-0.0007613833
632	panayotov	-0.00076156587
632	lilian	-0.00076166686
632	counsel	-0.0007616958
632	frinovskii	-0.0007618673
632	sacrific	-0.0007619502
632	swazei	-0.000762131
632	angri	-0.00076218287
632	aeronaut	-0.00076225464
632	nasreen	-0.0007625272
632	qualm	-0.00076259207
632	shape	-0.0007626609
632	underexploit	-0.0007627698
632	ivanovich	-0.0007628711
632	novel	-0.0007635767
632	interconnect	-0.00076416874
632	bast	-0.0007643166
632	sonora	-0.00076442695
632	kodeco	-0.00076443143
632	yamaha	-0.0007647549
632	577	-0.0007647978
632	1600	-0.00076509867
632	hammock	-0.00076526933
632	omin	-0.0007652846
632	674	-0.0007653693
632	slick	-0.0007657696
632	tagalog	-0.00076579367
632	0244	-0.00076585513
632	indochina	-0.0007661885
632	feroci	-0.00076643296
632	narodna	-0.00076680275
632	boc	-0.00076699257
632	yaohan	-0.0007673128
632	dhkb7adlft	-0.00076732587
632	rhino	-0.00076771126
632	khawbud	-0.0007677772
632	nyaungka	-0.0007677772
632	bamagon	-0.00076777727
632	cgia7acxft	-0.0007679169
632	8th	-0.0007679556
632	conscienti	-0.0007679851
632	zelenograd	-0.00076799263
632	supervisori	-0.0007680511
632	rash	-0.00076816103
632	diverg	-0.0007682453
632	extrapol	-0.0007684165
632	imperialist	-0.0007684208
632	toei	-0.00076848397
632	taro	-0.0007684897
632	sez	-0.0007687659
632	525	-0.0007690621
632	446	-0.00076915324
632	suck	-0.00076916075
632	rudyard	-0.00076926075
632	postag	-0.0007693091
632	label	-0.0007693599
632	republika	-0.00076947047
632	lasagna	-0.0007695207
632	216m	-0.00076982775
632	suwit	-0.00076987187
632	yinchuan	-0.0007700924
632	vehicl	-0.0007702226
632	lam	-0.00077031075
632	hopefulli	-0.0007704824
632	craig	-0.0007706804
632	negat	-0.00077081635
632	gandhi	-0.0007709535
632	polymet	-0.0007709564
632	guo	-0.0007709837
632	oilfield	-0.0007710334
632	hpayak	-0.00077113835
632	schweizerisch	-0.0007713829
632	unawar	-0.00077148614
632	immeasur	-0.00077175436
632	lightli	-0.0007720194
632	joan	-0.00077204464
632	radiata	-0.00077212503
632	drchi018	-0.0007722473
632	comic	-0.000772555
632	wearmouth	-0.0007726161
632	servic	-0.0007730492
632	freight	-0.0007731834
632	straski	-0.0007734523
632	jar	-0.00077362556
632	underperform	-0.00077380025
632	bronc	-0.0007740831
632	judiciari	-0.00077420694
632	rsfsr	-0.0007747076
632	gyun	-0.0007749216
632	furlough	-0.0007751764
632	vyatkin	-0.000775505
632	dzerzhinskugol	-0.000775505
632	244m	-0.0007758281
632	qichen	-0.0007760553
632	hornet	-0.0007763157
632	dirt	-0.00077632617
632	33bn	-0.00077652704
632	variat	-0.00077655324
632	hype	-0.0007767007
632	niigata	-0.000776793
632	calcutta	-0.0007768223
632	bracelet	-0.0007771059
632	hilton	-0.0007773286
632	longwal	-0.00077758246
632	pisit	-0.0007776559
632	mari	-0.0007776936
632	p9711	-0.00077774824
632	ldp	-0.0007779323
632	gould	-0.0007779584
632	stewart	-0.00077798316
632	happili	-0.0007780119
632	budapest	-0.0007788506
632	polperro	-0.00077891303
632	fowei	-0.00077891303
632	080	-0.00077900855
632	namibia	-0.00077910285
632	europa	-0.0007794486
632	colorado	-0.00077945297
632	cogema	-0.0007795703
632	marrowfat	-0.0007795965
632	sneez	-0.0007796739
632	sanctum	-0.0007803494
632	inse	-0.00078052736
632	2580	-0.00078066794
632	248m	-0.0007807074
632	p1474	-0.0007807453
632	ddsi	-0.0007810015
632	1530	-0.00078112585
632	irrc	-0.00078132044
632	mineroperu	-0.0007815598
632	christopherson	-0.00078164885
632	461	-0.00078165584
632	hewin	-0.0007822186
632	juri	-0.00078240887
632	boathous	-0.0007824252
632	5km	-0.00078246
632	comeback	-0.0007826122
632	airborn	-0.00078270194
632	millennia	-0.0007828529
632	884	-0.00078304677
632	coffer	-0.00078332145
632	sui	-0.00078356394
632	envoi	-0.00078358484
632	fervour	-0.0007837008
632	evenli	-0.00078408426
632	scandinavia	-0.00078473554
632	written	-0.000784785
632	m3	-0.0007852121
632	toma	-0.00078545336
632	zoo	-0.00078548735
632	pyrrhic	-0.0007857002
632	dreas003	-0.0007858339
632	petrobra	-0.00078634033
632	postion	-0.00078648
632	herd	-0.0007865868
632	0295	-0.00078660704
632	shuttl	-0.0007872726
632	hyosung	-0.00078742346
632	curious	-0.0007874363
632	gyoko	-0.0007880558
632	overstretch	-0.00078816025
632	unchart	-0.00078838796
632	waikato	-0.000788831
632	jmtba	-0.00078913296
632	annoi	-0.0007892135
632	brown	-0.0007893553
632	quje	-0.0007897118
632	shanxi	-0.00079040765
632	exquisit	-0.00079052715
632	lukashenko	-0.0007905777
632	nantwich	-0.0007907938
632	shajiao	-0.00079085113
632	gurung	-0.000791088
632	fernand	-0.00079132547
632	wed	-0.0007914511
632	illiter	-0.0007915166
632	characteris	-0.00079159334
632	bonu	-0.00079183537
632	finest	-0.0007919342
632	overlord	-0.00079210824
632	zulia	-0.0007923814
632	vcr	-0.00079257676
632	seinlekantha	-0.0007926632
632	hatch	-0.00079320127
632	goodbi	-0.0007932939
632	unwieldi	-0.0007935621
632	bran	-0.0007935997
632	tft	-0.00079374126
632	fujikura	-0.00079378585
632	ea1chag6ft	-0.0007937984
632	porduc	-0.0007937984
632	vinayak	-0.0007938228
632	topic	-0.0007939307
632	42bn	-0.00079405244
632	unforeseen	-0.0007943078
632	orinoco	-0.0007944721
632	anzac	-0.00079483795
632	flavour	-0.00079496537
632	duisburg	-0.0007951508
632	transfer	-0.0007952047
632	obi	-0.00079557206
632	undet	-0.00079564436
632	enriqu	-0.00079576514
632	enron	-0.0007960738
632	drum	-0.00079655094
632	lanzhou	-0.000796573
632	qtr	-0.0007967324
632	southei	-0.000796757
632	hollywood	-0.0007969377
632	874	-0.00079718063
632	tantemsapya	-0.0007971887
632	dhkb7addft	-0.0007971888
632	assort	-0.0007972418
632	humili	-0.0007974683
632	kikuji	-0.0007974992
632	dducwaggft	-0.0007975594
632	kernot	-0.000797585
632	amic	-0.0007981428
632	sightseer	-0.00079828774
632	miyazawa	-0.00079835544
632	registri	-0.0007986044
632	appetit	-0.0007986075
632	compunct	-0.00079861074
632	mafia	-0.00079865084
632	2008	-0.00079877
632	ken	-0.0007993755
632	kurosugi	-0.00079963985
632	marco	-0.0007998856
632	forint	-0.0007999679
632	confucian	-0.00080003333
632	fox	-0.0008000551
632	subcontractor	-0.0008003093
632	fisher	-0.00080058986
632	udmurt	-0.00080100435
632	slam	-0.00080103957
632	manica	-0.0008013423
632	unend	-0.0008017031
632	statut	-0.000802063
632	balloon	-0.00080218306
632	beli	-0.0008022529
632	bartu	-0.0008024195
632	y4	-0.0008026634
632	metropolitan	-0.0008030044
632	weir	-0.0008030954
632	slave	-0.00080338615
632	hydrometeorolog	-0.0008034534
632	herm	-0.00080365007
632	nie	-0.0008039464
632	monopol	-0.0008043873
632	khrushchev	-0.00080441305
632	foil	-0.0008044309
632	vcp	-0.0008045027
632	kota	-0.0008045486
632	thorsebi	-0.00080467714
632	efnd1ahyft	-0.00080467714
632	ian	-0.00080473407
632	camera	-0.0008047382
632	bancorp	-0.0008047447
632	prejudic	-0.0008047568
632	elb	-0.0008047937
632	itaipu	-0.0008048015
632	atla	-0.00080486224
632	hate	-0.00080488174
632	p5812	-0.00080513675
632	hudson	-0.00080516894
632	vorontsov	-0.0008052501
632	expo	-0.00080532825
632	fake	-0.0008055502
632	side	-0.0008056232
632	unproduct	-0.00080564397
632	electrotechn	-0.00080588856
632	liana	-0.0008062402
632	ara	-0.0008064268
632	dartmouth	-0.0008064909
632	occident	-0.00080681965
632	pattaya	-0.0008068936
632	hunek	-0.00080708705
632	yangts	-0.0008071526
632	0757	-0.0008071752
632	riet	-0.0008071822
632	kamamaung	-0.00080720807
632	kawlon	-0.00080720807
632	pinma	-0.0008072082
632	hto	-0.0008072082
632	makoto	-0.0008072951
632	befit	-0.00080730807
632	cola	-0.0008075119
632	ttfa	-0.0008075457
632	trifl	-0.0008076759
632	lankan	-0.0008077116
632	syria	-0.000807777
632	1949	-0.0008077809
632	selkhoz	-0.0008078158
632	gosugleprom	-0.0008078158
632	dissert	-0.0008079921
632	overcrowd	-0.0008081965
632	tachira	-0.00080824964
632	unsponsor	-0.00080830103
632	sprout	-0.0008083195
632	p3511	-0.0008083583
632	variant	-0.000808443
632	pho	-0.00080875
632	tenfold	-0.00080887356
632	soekor	-0.0008091899
632	ejfd1aglft	-0.0008091899
632	caustic	-0.000809885
632	ycdc	-0.00081005617
632	dreas102	-0.0008103757
632	shy	-0.000810641
632	ccqbdaarft	-0.00081070233
632	taranaki	-0.0008107501
632	liberia	-0.00081082893
632	1630	-0.0008110134
632	705m	-0.00081116805
632	1340	-0.0008112081
632	abd	-0.0008112945
632	ah	-0.00081130135
632	platform	-0.0008113726
632	honorari	-0.0008114663
632	shuai	-0.00081158447
632	mildest	-0.00081207964
632	y25	-0.0008126083
632	holidaymak	-0.00081261573
632	rong	-0.0008126324
632	p3911	-0.0008126625
632	grosso	-0.0008127377
632	y15	-0.00081276824
632	chardonnai	-0.00081285654
632	robert	-0.0008129686
632	francoi	-0.0008130976
632	alberta	-0.00081332726
632	133m	-0.00081365986
632	a320	-0.0008137291
632	ment	-0.0008138242
632	earnestli	-0.0008138376
632	fifteen	-0.00081392453
632	pertamina	-0.00081399496
632	thread	-0.000814117
632	eighteen	-0.00081437035
632	ulyanovsk	-0.0008145912
632	cbxbcablft	-0.0008148092
632	choson	-0.00081482896
632	kirov	-0.00081519294
632	a2	-0.00081530394
632	nightmarish	-0.0008153111
632	sr400	-0.00081579894
632	sio2	-0.00081579894
632	sukhumbhand	-0.000815888
632	y14	-0.00081622176
632	synergist	-0.0008163857
632	r10bn	-0.000816411
632	phenomen	-0.00081661984
632	thingran	-0.0008170778
632	curtin	-0.00081713893
632	nilo	-0.0008172526
632	saffron	-0.0008176111
632	poach	-0.0008178743
632	thanakom	-0.00081793475
632	persian	-0.00081828615
632	maestra	-0.00081888284
632	massei	-0.0008188913
632	nouhak	-0.0008189831
632	foreshadow	-0.0008194944
632	digniti	-0.0008195713
632	phoumsavan	-0.0008200326
632	reconcili	-0.00082028913
632	isra	-0.00082058203
632	kumogahata	-0.00082089874
632	cooperativi	-0.0008209765
632	mad3	-0.0008209765
632	yonhap	-0.00082119403
632	outbid	-0.0008216838
632	insati	-0.00082169933
632	p2731	-0.00082179887
632	cairo	-0.0008219916
632	ojo	-0.00082199683
632	nelson	-0.0008223454
632	lull	-0.0008223574
632	argyl	-0.000822458
632	hocker	-0.0008228097
632	638	-0.00082282274
632	bingsheng	-0.0008228952
632	relic	-0.0008230328
632	zambal	-0.00082314794
632	leverag	-0.0008232114
632	chulalongkorn	-0.0008234032
632	0284	-0.0008239289
632	xx	-0.00082400144
632	y104	-0.0008241276
632	hypothesi	-0.0008243255
632	czechoslovakia	-0.00082458433
632	saltwat	-0.00082484144
632	buildup	-0.0008252642
632	kunal	-0.00082544057
632	conquest	-0.0008255702
632	scrutinis	-0.00082630996
632	pulitz	-0.0008268828
632	mat	-0.00082689634
632	jhingran	-0.0008268968
632	wadhawan	-0.0008268968
632	silimin	-0.0008268968
632	khetri	-0.0008268969
632	y108	-0.00082698377
632	burbl	-0.0008272132
632	dreas020	-0.0008277261
632	xfz	-0.00082776614
632	pya	-0.00082866964
632	click	-0.0008287425
632	amor	-0.0008288413
632	hear	-0.0008288943
632	smoki	-0.0008289072
632	dea	-0.00082890806
632	079	-0.00082895166
632	warbler	-0.0008293025
632	bipin	-0.0008294862
632	drawer	-0.0008298721
632	yoshihiro	-0.000829877
632	apparel	-0.00082991726
632	a340	-0.0008303156
632	smb	-0.0008305016
632	dh0cbabuft	-0.00083072635
632	fourfold	-0.000831045
632	oel	-0.0008310679
632	750m	-0.000831112
632	framatom	-0.00083157327
632	y140	-0.00083217287
632	schweitzer	-0.00083227654
632	corvett	-0.00083251647
632	mandarin	-0.0008327551
632	babbit	-0.00083305873
632	plumb	-0.0008330744
632	496	-0.0008331681
632	bankgesellschaft	-0.00083334517
632	sympath	-0.00083370745
632	226	-0.00083379145
632	flask	-0.0008338963
632	contango	-0.000833931
632	ancestor	-0.00083393324
632	entic	-0.00083417544
632	000t	-0.0008344133
632	egrd8afhft	-0.0008345599
632	980mw	-0.00083469786
632	baxter	-0.0008347663
632	millennium	-0.00083540997
632	derelict	-0.0008355495
632	nlc	-0.0008355875
632	993	-0.0008356783
632	semiprocess	-0.0008356835
632	brotherli	-0.00083579496
632	geldenhui	-0.0008358526
632	shiver	-0.00083627406
632	shih	-0.00083629735
632	emigr	-0.000836427
632	283	-0.0008365022
632	cofac	-0.00083656696
632	758	-0.0008365885
632	p3632	-0.00083680125
632	kyocera	-0.000836874
632	twentieth	-0.0008369966
632	neat	-0.0008371335
632	drchi123	-0.00083719764
632	dissip	-0.00083724404
632	526	-0.0008377392
632	interst	-0.0008377736
632	geotechn	-0.0008378982
632	thorn	-0.00083812326
632	grimm	-0.0008385236
632	0872	-0.0008386476
632	terror	-0.0008386885
632	kunio	-0.00083920325
632	vol	-0.0008394809
632	sidelin	-0.0008394868
632	512	-0.0008395366
632	ramshackl	-0.0008397938
632	cuanza	-0.0008399252
632	conting	-0.00084006245
632	star	-0.0008402662
632	mha	-0.000840864
632	shenyang	-0.0008412089
632	fanuc	-0.0008414014
632	elast	-0.000841412
632	oxfordshir	-0.00084147335
632	clarion	-0.00084166625
632	dreas078	-0.0008417147
632	aomori	-0.00084177643
632	hana	-0.0008421866
632	pipelin	-0.00084221695
632	electricit	-0.0008424499
632	merit	-0.00084253645
632	marinduqu	-0.000842666
632	kham	-0.0008426858
632	complac	-0.00084276556
632	canal	-0.0008432343
632	compressor	-0.0008434045
632	959	-0.00084360066
632	narrowli	-0.00084382656
632	forebear	-0.00084402604
632	kintyr	-0.000844033
632	narongchai	-0.00084435503
632	blunder	-0.00084446
632	parliamentarian	-0.0008447062
632	777	-0.00084471586
632	grocer	-0.00084472366
632	snatch	-0.0008447383
632	sacramento	-0.0008450165
632	salado	-0.0008451441
632	ub	-0.0008453468
632	recrimin	-0.00084543956
632	rahman	-0.00084586244
632	peacefulli	-0.00084587344
632	bcp	-0.0008459542
632	advisor	-0.0008460549
632	speaker	-0.00084634725
632	1859	-0.00084646867
632	maxt	-0.00084657007
632	norilsk	-0.00084695156
632	82bn	-0.0008474628
632	caf	-0.0008475876
632	abanot	-0.00084768364
632	inner	-0.00084804045
632	perignon	-0.0008480932
632	nitrogen	-0.0008481925
632	penalti	-0.0008484053
632	worldwatch	-0.0008491581
632	masterpiec	-0.00084917236
632	mooi	-0.0008496305
632	kampuchea	-0.00084970385
632	incompet	-0.0008497659
632	caco3	-0.0008497886
632	mgco3	-0.00084978866
632	sawawin	-0.00084978866
632	jastanih	-0.00084978866
632	drchi044	-0.0008497955
632	494	-0.0008501037
632	bdza8aagft	-0.00085013604
632	floater	-0.0008501542
632	pack	-0.0008501913
632	gainer	-0.0008502921
632	obroda	-0.0008504409
632	butti	-0.0008506798
632	161	-0.000850717
632	kangyo	-0.0008508984
632	unload	-0.0008509653
632	p3635	-0.0008509715
632	minprirodi	-0.0008514177
632	reappear	-0.0008514402
632	pow	-0.00085165503
632	klau	-0.00085179217
632	026	-0.00085188425
632	muffin	-0.00085191795
632	miami	-0.000852045
632	miniaturis	-0.0008520873
632	minster	-0.00085216423
632	bdza8aaaft	-0.00085222267
632	cedo	-0.00085222267
632	talland	-0.00085222267
632	bibl	-0.00085236464
632	cubic	-0.000852417
632	suitabl	-0.0008526003
632	arkhangelsk	-0.0008526398
632	crouch	-0.00085281034
632	chiu	-0.00085282145
632	matanog	-0.0008529802
632	hoshino	-0.00085318263
632	qinzhou	-0.00085319136
632	bishop	-0.00085320836
632	jargon	-0.00085329183
632	reactiv	-0.00085340923
632	1500	-0.00085341424
632	humourless	-0.00085349474
632	ceska	-0.000853668
632	pc	-0.00085391954
632	mlaysia	-0.00085471047
632	walter	-0.00085482886
632	alacr	-0.00085503
632	ulterior	-0.0008550737
632	collegium	-0.00085528154
632	egsdrag3ft	-0.000855591
632	solemnli	-0.0008556653
632	ebhc6agsft	-0.000855956
632	carbin	-0.00085614464
632	enrich	-0.0008562264
632	milder	-0.00085647457
632	nationwid	-0.000856479
632	mogato	-0.000856794
632	pendleburi	-0.00085703796
632	scream	-0.00085711305
632	burden	-0.0008573872
632	bt272	-0.0008574024
632	takauchi	-0.0008574024
632	ladkrabang	-0.0008574024
632	muscl	-0.0008576786
632	r3	-0.00085787475
632	tiscareno	-0.0008579675
632	1969	-0.00085801963
632	michiquillai	-0.0008585231
632	morn	-0.0008585621
632	yamazaki	-0.00085880066
632	akrasane	-0.0008591246
632	deveop	-0.0008591246
632	pretext	-0.0008593317
632	ginger	-0.0008595584
632	crumbl	-0.0008598313
632	eleven	-0.000860143
632	adrianu	-0.0008602135
632	hungarian	-0.00086046057
632	cordless	-0.00086079503
632	deterr	-0.00086089846
632	gasolin	-0.00086170726
632	ruixiang	-0.000861712
632	drchi091	-0.000861904
632	vina	-0.00086199824
632	lacklust	-0.00086215127
632	crassli	-0.0008623709
632	multipurpos	-0.00086252956
632	cri	-0.0008626093
632	stagnant	-0.0008627944
632	coil	-0.00086299516
632	opic	-0.00086305063
632	dreas080	-0.00086314674
632	confeder	-0.0008633339
632	bataan	-0.0008634836
632	315	-0.0008635243
632	telegraf	-0.0008637243
632	590	-0.0008637372
632	chuxiong	-0.00086379645
632	karelia	-0.00086421706
632	berkelei	-0.00086425326
632	dreas014	-0.0008642762
632	simon	-0.0008643667
632	general	-0.0008644752
632	mortgag	-0.0008646118
632	crank	-0.0008649728
632	ayanfuri	-0.00086504035
632	caldera	-0.0008652265
632	davison	-0.0008656652
632	christer	-0.0008656895
632	453	-0.0008657115
632	aswan	-0.0008662293
632	dreas125bb	-0.0008664661
632	redirect	-0.0008664687
632	dune	-0.00086650735
632	dixciaddft	-0.00086688565
632	extremist	-0.0008673996
632	fila	-0.00086747104
632	itamarati	-0.0008677384
632	tyumen	-0.0008679387
632	drchi016	-0.0008680738
632	morri	-0.0008681084
632	microscop	-0.00086818525
632	ke	-0.0008682549
632	hluttaw	-0.00086850644
632	rayon	-0.0008686746
632	steadili	-0.00086884026
632	beazlei	-0.0008689186
632	36	-0.00086901354
632	garnish	-0.000869066
632	1971	-0.00086913566
632	headgear	-0.00086943485
632	thar	-0.00086945755
632	groundwork	-0.00086955173
632	dreas100bb	-0.0008697325
632	klong	-0.0008701721
632	kingston	-0.0008703033
632	understand	-0.00087051874
632	555	-0.0008708247
632	alcatel	-0.0008710275
632	dreas101	-0.00087138504
632	hollei	-0.0008717072
632	sooth	-0.0008717192
632	rediscov	-0.00087173184
632	05bn	-0.00087181624
632	xvi	-0.00087191624
632	elliott	-0.00087192724
632	poster	-0.00087192893
632	ivor	-0.0008721856
632	shearson	-0.00087222084
632	891	-0.0008723575
632	owl	-0.00087249733
632	jaowyn	-0.000872626
632	gratitud	-0.00087290996
632	pochentong	-0.0008729103
632	perimet	-0.00087292114
632	chiangmai	-0.00087323436
632	scotti	-0.00087331136
632	cuyamaca	-0.0008733155
632	inamori	-0.0008738502
632	soedibyo	-0.0008738633
632	stonecut	-0.0008741423
632	mori	-0.00087429374
632	doz	-0.0008745324
632	winchest	-0.00087469607
632	unthink	-0.00087497925
632	surbiton	-0.0008755468
632	grievanc	-0.0008758518
632	quicker	-0.0008758725
632	000ha	-0.00087597955
632	366m	-0.0008770882
632	bt4	-0.0008777715
632	jeopardis	-0.0008778539
632	fisherman	-0.0008788106
632	invite	-0.0008789776
632	starvat	-0.0008790365
632	freezer	-0.00087913446
632	renaiss	-0.0008793281
632	establish	-0.00087967684
632	tatmadaw	-0.0008798894
632	shoji	-0.0008801246
632	obuasi	-0.0008801717
632	magnitud	-0.0008803524
632	cadogan	-0.00088064716
632	michelma	-0.0008807155
632	toastili	-0.0008807155
632	ck2avaepft	-0.0008807155
632	goosefat	-0.0008807155
632	syriam	-0.0008807463
632	tec	-0.000880943
632	chatikavanij	-0.00088098075
632	rapid	-0.00088112993
632	elliot	-0.00088195346
632	smallest	-0.00088213495
632	tear	-0.0008821531
632	crespigni	-0.0008821547
632	kuch	-0.00088225916
632	ok	-0.0008823056
632	physic	-0.0008828688
632	accustom	-0.00088295114
632	sue	-0.0008830619
632	ferri	-0.000883173
632	denik	-0.00088338094
632	lkab	-0.00088345946
632	199	-0.0008837364
632	zin	-0.0008837441
632	dreas084	-0.00088375
632	chaiphiphat	-0.00088377215
632	anonym	-0.00088387757
632	bisni	-0.00088409294
632	polic	-0.000884671
632	fiscal	-0.0008847887
632	tanaka	-0.0008851607
632	backlash	-0.00088524335
632	afan	-0.00088531343
632	stuppl	-0.00088531343
632	fishless	-0.00088531343
632	soo	-0.0008855442
632	pravda	-0.00088568596
632	355m	-0.00088620855
632	casual	-0.00088628905
632	0799	-0.00088638143
632	ridg	-0.0008863944
632	finish	-0.0008865801
632	stump	-0.0008866936
632	unanim	-0.0008867375
632	0800	-0.00088706636
632	aficionado	-0.00088724855
632	led	-0.0008872731
632	p9721	-0.0008872836
632	thornton	-0.00088792515
632	margat	-0.00088827615
632	cleveland	-0.00088834524
632	toppl	-0.0008885265
632	abu	-0.00088931445
632	particular	-0.0008898094
632	hcl	-0.0008898368
632	boon	-0.0008900364
632	contenti	-0.0008900468
632	methaphetamin	-0.00089018716
632	winner	-0.00089032867
632	councillor	-0.0008903772
632	stool	-0.00089058734
632	handi	-0.0008907256
632	86m	-0.00089091534
632	guff	-0.0008911873
632	devanei	-0.00089132896
632	poorli	-0.00089181296
632	modul	-0.00089248054
632	maungdaw	-0.00089249696
632	demonstr	-0.0008928341
632	commerci	-0.00089287903
632	120km	-0.0008937602
632	rigour	-0.00089377206
632	shiel	-0.0008938933
632	penni	-0.00089404284
632	precaut	-0.0008941682
632	strauss	-0.00089424266
632	di2cragpft	-0.0008942929
632	budko	-0.0008947749
632	fret	-0.00089523464
632	967	-0.00089583703
632	kaung	-0.00089597283
632	doan	-0.0008969659
632	sailor	-0.00089699076
632	westinghous	-0.0008970261
632	karpinskii	-0.00089707575
632	1200	-0.000897576
632	johnni	-0.0008975939
632	persever	-0.00089800794
632	superhighwai	-0.00089820416
632	guandong	-0.00089846033
632	regrett	-0.0008985602
632	96m	-0.00089886546
632	tigh	-0.0008993771
632	motorbik	-0.00089940306
632	noel	-0.0008995568
632	dm	-0.0008998298
632	pavilion	-0.0009004224
632	buffalo	-0.00090045587
632	temptat	-0.00090055785
632	rumor	-0.0009009185
632	703	-0.0009011193
632	sling	-0.0009011988
632	todd	-0.0009016831
632	flyover	-0.00090179336
632	012	-0.00090189034
632	dangl	-0.0009019888
632	vu	-0.00090209016
632	plight	-0.00090246496
632	efhdcaf5ft	-0.00090257265
632	293m	-0.0009029544
632	529	-0.0009038375
632	prabang	-0.0009042054
632	evolut	-0.0009044098
632	bock	-0.0009045956
632	361	-0.00090462924
632	licenc	-0.0009047635
632	trustco	-0.00090482313
632	markham	-0.0009048876
632	samancor	-0.00090500916
632	egm	-0.0009052808
632	839	-0.0009053396
632	ban	-0.0009055074
632	tardi	-0.00090654695
632	sarajevo	-0.00090664
632	prison	-0.0009068507
632	disport	-0.0009070553
632	character	-0.0009070677
632	drchi041	-0.0009073257
632	imprint	-0.0009075794
632	itor	-0.0009088592
632	takatoshi	-0.00090895523
632	labuan	-0.00090896233
632	nongovern	-0.00090911635
632	cleanup	-0.00090934616
632	richmond	-0.00090991694
632	simplon	-0.000910234
632	fitzgerald	-0.00091067096
632	crisp	-0.00091074413
632	662m	-0.0009111599
632	sought	-0.00091125857
632	peacebuild	-0.00091129035
632	slightli	-0.00091136585
632	disc	-0.00091163145
632	kurgan	-0.0009116784
632	cart	-0.0009118623
632	459	-0.00091205107
632	bimantara	-0.0009130426
632	antenna	-0.000913196
632	benson	-0.00091326644
632	monywa	-0.0009133802
632	rep	-0.00091339124
632	giang	-0.0009134365
632	norwegian	-0.000913499
632	ambush	-0.0009136197
632	revemin	-0.0009136372
632	mukherje	-0.00091364654
632	anpw	-0.0009139264
632	bail	-0.00091393467
632	apa	-0.0009147248
632	waterman	-0.00091477553
632	patriot	-0.0009151018
632	ceski	-0.00091546547
632	coachload	-0.00091571995
632	061	-0.00091601314
632	shoudu	-0.0009160884
632	943	-0.00091610226
632	torrent	-0.0009163667
632	dlouhi	-0.0009164662
632	miranda	-0.0009168596
632	whim	-0.0009168671
632	climber	-0.0009171465
632	phong	-0.0009172997
632	ino	-0.0009174157
632	fearsom	-0.0009174531
632	delect	-0.00091750576
632	ascrib	-0.0009176331
632	moot	-0.0009181871
632	euphoria	-0.00091823185
632	sanyo	-0.0009186284
632	payrol	-0.0009188535
632	kitti	-0.0009188656
632	goskirk	-0.0009189329
632	nepales	-0.00091933523
632	tripper	-0.00091935054
632	sulphit	-0.0009193882
632	gyi	-0.0009194149
632	northern	-0.0009195492
632	signatori	-0.0009196502
632	magnat	-0.000919875
632	thirti	-0.0009199032
632	bmw	-0.0009201121
632	nose	-0.00092033355
632	crise	-0.00092102186
632	irregularit	-0.0009210413
632	itochu	-0.0009211137
632	upto	-0.000921138
632	mistrust	-0.00092160754
632	komi	-0.0009217549
632	pez	-0.00092198205
632	lancang	-0.00092199247
632	taunggyi	-0.0009220115
632	somchai	-0.0009220635
632	hundr	-0.0009224454
632	postur	-0.00092250947
632	economis	-0.0009227161
632	y106	-0.000922842
632	munit	-0.00092290563
632	koyo	-0.0009229589
632	197	-0.00092334434
632	bilsthorp	-0.0009234707
632	fausto	-0.00092370267
632	nouveau	-0.00092372944
632	abosso	-0.00092449324
632	quotat	-0.0009248123
632	matterhorn	-0.00092508906
632	jcif	-0.0009250897
632	reinstat	-0.00092510844
632	devid	-0.0009251218
632	infer	-0.00092529494
632	idic	-0.0009258798
632	trump	-0.00092590565
632	faso	-0.00092591747
632	sophonpanich	-0.00092592917
632	forefath	-0.00092594884
632	961	-0.00092618243
632	hiss	-0.0009262333
632	slice	-0.00092637865
632	ponder	-0.0009267188
632	hyperinfl	-0.00092731137
632	reshuffl	-0.0009276054
632	amnesti	-0.00092773634
632	miller	-0.00092807115
632	stuff	-0.00092825433
632	rosenberri	-0.00092842925
632	lie	-0.0009284413
632	master	-0.00092850445
632	puquio	-0.00092868047
632	shipyard	-0.0009290558
632	retrench	-0.0009295225
632	008	-0.00092963205
632	20th	-0.00092972437
632	homalin	-0.0009299578
632	mesdam	-0.00093007577
632	bluff	-0.0009300765
632	stockholm	-0.000930096
632	cutter	-0.0009301757
632	paperwork	-0.0009301885
632	rhetor	-0.00093020714
632	npt	-0.0009302354
632	auxiliar	-0.00093041593
632	beddow	-0.00093074737
632	compania	-0.0009311988
632	043	-0.00093122205
632	htein	-0.0009313608
632	haze	-0.00093144807
632	ecologist	-0.0009318029
632	luang	-0.0009320174
632	vicuna	-0.00093224755
632	polar	-0.0009322668
632	conquer	-0.0009326772
632	377	-0.0009327332
632	y57	-0.0009327558
632	sanusi	-0.00093291665
632	snow	-0.000933134
632	fitfulli	-0.0009333945
632	cohes	-0.00093396765
632	kanchanaburi	-0.0009345952
632	morlei	-0.0009347226
632	haiti	-0.00093486154
632	p1011	-0.0009349863
632	apart	-0.00093564135
632	crocodil	-0.00093607133
632	25th	-0.00093619054
632	dreas103	-0.00093640207
632	von	-0.00093647855
632	kleinwort	-0.0009366878
632	barca	-0.0009372249
632	dear	-0.0009372491
632	kosterev	-0.0009374909
632	primorgeolkom	-0.0009374909
632	anert	-0.0009374909
632	geolkom	-0.0009374909
632	obruchev	-0.0009374909
632	ei3duaiuft	-0.000937627
632	hlh	-0.0009378805
632	spurt	-0.00093801913
632	ciqc8aeift	-0.0009382863
632	0151	-0.0009383228
632	okuyama	-0.0009383775
632	p13	-0.0009386435
632	mess	-0.0009387781
632	modestli	-0.00093882234
632	bema	-0.0009388552
632	fiddler	-0.0009392482
632	pyithu	-0.0009393679
632	feminist	-0.00093975716
632	chilli	-0.00093989086
632	dixciahtft	-0.00093998347
632	hoot	-0.00094016804
632	atm	-0.0009402949
632	eastward	-0.0009404306
632	coordin	-0.00094053394
632	southbound	-0.0009407379
632	minivan	-0.00094082387
632	dreas041	-0.0009409269
632	ecuc0acift	-0.0009409538
632	559	-0.0009409642
632	obei	-0.0009410507
632	nikon	-0.0009411642
632	abduct	-0.00094151834
632	gki	-0.00094184425
632	outwork	-0.0009428735
632	edb	-0.0009429053
632	degremont	-0.0009432068
632	foie	-0.00094324735
632	bai	-0.00094345637
632	274	-0.0009440221
632	unilater	-0.0009440634
632	ankara	-0.00094428076
632	assemblymen	-0.00094436755
632	y330	-0.00094437413
632	001	-0.0009444665
632	saad	-0.00094457314
632	rendezv	-0.0009448719
632	revit	-0.0009448885
632	sandal	-0.0009449332
632	religionist	-0.00094500766
632	crown	-0.0009450857
632	cafe	-0.00094522897
632	unfound	-0.000945699
632	distress	-0.0009461881
632	hatcheri	-0.00094648945
632	yoshida	-0.00094655657
632	prosecut	-0.00094681676
632	fulbrook	-0.0009472875
632	liskeard	-0.0009476909
632	shone	-0.0009477921
632	strand	-0.00094785664
632	dowa	-0.0009480763
632	feverish	-0.00094834215
632	reliev	-0.00094851706
632	thet	-0.0009485746
632	tynesid	-0.000949162
632	140m	-0.0009498125
632	hast	-0.00095007184
632	redistribut	-0.00095038424
632	curenc	-0.0009505576
632	ikea	-0.00095113483
632	novorossiisk	-0.0009512386
632	transistor	-0.0009516702
632	behav	-0.0009518596
632	destruct	-0.0009519127
632	aizawa	-0.0009520286
632	compli	-0.00095210166
632	870	-0.0009521846
632	miniatur	-0.00095219904
632	verd	-0.00095282437
632	elat	-0.00095287204
632	ya	-0.0009529837
632	pluse	-0.0009531452
632	ying	-0.00095368054
632	hiv	-0.0009538678
632	rigidli	-0.0009544375
632	panama	-0.0009550864
632	warp	-0.0009551638
632	iduapriem	-0.0009552138
632	expedi	-0.00095566903
632	bluntli	-0.00095577445
632	berlin	-0.0009557772
632	tianbao	-0.00095585996
632	intercept	-0.00095589
632	cbpo	-0.0009559705
632	explos	-0.00095625216
632	14bn	-0.0009562747
632	starkli	-0.000956568
632	verwaltung	-0.00095670135
632	notebook	-0.0009569209
632	irrespect	-0.0009570485
632	489m	-0.0009571812
632	spoken	-0.00095742114
632	prodigi	-0.0009578005
632	1968	-0.000957831
632	nippondenso	-0.0009580726
632	zambrana	-0.00095830235
632	801	-0.00095838896
632	biz	-0.0009584568
632	baggi	-0.0009585529
632	cathol	-0.0009585805
632	3163	-0.0009592494
632	980	-0.00095963466
632	phitsuwan	-0.00095998356
632	aik	-0.0009600787
632	rectif	-0.0009603775
632	impass	-0.00096083205
632	airstrip	-0.00096162973
632	baron	-0.0009618486
632	031	-0.0009619366
632	cham	-0.0009619683
632	minin	-0.00096198637
632	bane	-0.00096199836
632	confess	-0.0009622703
632	cfya4adnft	-0.00096301164
632	arthur	-0.0009633073
632	plzen	-0.0009636126
632	pl	-0.0009637079
632	marazion	-0.0009638575
632	assum	-0.00096402416
632	taipow	-0.0009643569
632	alfredo	-0.00096447935
632	hostag	-0.00096448883
632	chicago	-0.00096467196
632	organiz	-0.0009648211
632	groceri	-0.00096484047
632	photovolta	-0.00096519315
632	successor	-0.00096523284
632	flail	-0.0009653641
632	ej1d8ag7ft	-0.00096584554
632	amphibi	-0.00096590776
632	195km	-0.0009661862
632	quz	-0.0009663728
632	moz	-0.0009665188
632	imm	-0.0009665188
632	shroud	-0.00096700696
632	transcanada	-0.0009672174
632	freer	-0.0009673027
632	inli	-0.00096737326
632	ciqc8afaft	-0.00096737326
632	hor	-0.00096748513
632	earthquak	-0.00096808077
632	0322	-0.00096808234
632	hook	-0.0009682578
632	ccda0abaft	-0.0009686372
632	pelena	-0.0009686372
632	tormoden	-0.0009686372
632	sabc	-0.0009690533
632	clich	-0.00096988527
632	540m	-0.0009700985
632	enunci	-0.00097021053
632	drweu012	-0.00097053434
632	chong	-0.00097069785
632	uphold	-0.00097077416
632	grandma	-0.0009711054
632	showa	-0.0009711228
632	bloat	-0.0009713409
632	seedi	-0.00097137765
632	pmupl	-0.0009714149
632	gccai	-0.0009714149
632	gujarat	-0.0009714338
632	yan	-0.0009714891
632	egyptian	-0.00097165303
632	scci	-0.0009717808
632	391m	-0.00097190327
632	juic	-0.0009719393
632	turnbul	-0.00097215245
632	tenasserim	-0.0009721986
632	kabun	-0.0009727558
632	dowl	-0.00097281625
632	expertli	-0.00097333116
632	bt22	-0.0009733971
632	fishi	-0.00097352156
632	bose	-0.0009736467
632	y550	-0.00097366807
632	arrogantli	-0.0009736809
632	bt9	-0.00097402104
632	subcommitte	-0.00097435777
632	tehran	-0.0009746206
632	mike	-0.0009748921
632	mobil	-0.0009749713
632	sociopolit	-0.00097515807
632	ziang	-0.00097532204
632	alberto	-0.0009757682
632	nadir	-0.0009758882
632	landscap	-0.00097590056
632	wholeheartedli	-0.0009762108
632	034	-0.00097634655
632	dreas124	-0.0009764907
632	728	-0.0009765303
632	gemala	-0.0009766311
632	liabl	-0.00097665
632	clarif	-0.0009767135
632	subcontract	-0.0009767468
632	workstat	-0.0009768844
632	ayatollah	-0.0009769163
632	satrio	-0.0009769193
632	hwa	-0.0009778943
632	descqag5ft	-0.000977972
632	piecem	-0.0009781835
632	aseanist	-0.0009783539
632	astrakhan	-0.0009785491
632	ejed5ag5ft	-0.0009789302
632	647	-0.0009791813
632	tempelhof	-0.0009794391
632	hiroshi	-0.0009796587
632	unresolv	-0.0009796888
632	pronounc	-0.0009796952
632	blind	-0.0009799333
632	revel	-0.0009800793
632	underwai	-0.0009801032
632	ambigu	-0.000980563
632	dkec2afdft	-0.0009807573
632	famin	-0.0009808886
632	sverdlov	-0.0009809625
632	jabiluka	-0.0009810167
632	5kg	-0.0009810206
632	dorado	-0.0009810363
632	muto	-0.000981151
632	tegen	-0.0009813636
632	theft	-0.0009814396
632	gower	-0.0009814743
632	santa	-0.0009819214
632	hunger	-0.0009820285
632	267m	-0.0009821057
632	710m	-0.0009822091
632	hata	-0.000982537
632	c2	-0.0009825724
632	bonn	-0.0009828378
632	infiltr	-0.0009835414
632	kostroma	-0.0009837677
632	chees	-0.0009841297
632	civilis	-0.0009842113
632	hone	-0.0009843843
632	ashmead	-0.0009846095
632	916	-0.0009852377
632	quell	-0.0009853797
632	vagari	-0.0009858634
632	moranbah	-0.0009859507
632	ae	-0.0009860599
632	jv	-0.0009861203
632	new	-0.0009862105
632	547	-0.0009877422
632	0393	-0.0009880139
632	elbeki	-0.0009884179
632	harbor	-0.0009887883
632	y34	-0.0009888854
632	pusher	-0.0009889861
632	230m	-0.0009891853
632	nikolai	-0.0009892709
632	lebanon	-0.0009894101
632	dreas043	-0.0009899683
632	sludg	-0.000990101
632	661	-0.0009905157
632	bold	-0.0009905321
632	goskomoboronprom	-0.0009910059
632	newslett	-0.0009910195
632	ripa	-0.0009923558
632	y366	-0.0009923975
632	1343	-0.0009925648
632	chess	-0.0009931796
632	eedehafrft	-0.000993625
632	penhaligon	-0.0009937516
632	gsi	-0.0009938831
632	suppi	-0.00099406
632	omsk	-0.0009942634
632	y150bn	-0.0009942937
632	meana	-0.0009943813
632	dewafacoft	-0.0009943991
632	abscond	-0.0009948738
632	bmft	-0.0009948929
632	342m	-0.0009950469
632	twin	-0.000995123
632	eipc9afjft	-0.0009951454
632	matto	-0.0009951721
632	zhuhai	-0.0009952792
632	sakura	-0.0009954526
632	predilect	-0.0009954686
632	divorc	-0.0009958488
632	orknei	-0.0009960993
632	bt1	-0.0009964327
632	overran	-0.0009964872
632	department	-0.0009969275
632	underwrit	-0.0009974381
632	emul	-0.0009980089
632	famou	-0.0009982008
632	ishak	-0.0009982294
632	delovoi	-0.0009982411
632	compatriot	-0.000998658
632	arguabl	-0.0009988159
632	65bn	-0.0009989616
632	tome	-0.0009991075
632	drlat035	-0.0009992112
632	unattract	-0.0009993226
632	siem	-0.0009997581
632	anticip	-0.0009998778
632	1728	-0.0009999389
632	51m	-0.0010001445
632	1405	-0.0010003222
632	geoffrei	-0.0010003343
632	theal	-0.0010003705
632	transvaal	-0.0010004173
632	phu	-0.0010005615
632	obstruct	-0.0010006843
632	dongbu	-0.0010008992
632	528m	-0.0010010228
632	bradi	-0.0010012714
632	antinarcot	-0.0010018591
632	crocodilian	-0.0010020006
632	unga	-0.001002465
632	421m	-0.0010029727
632	egalitarian	-0.0010031016
632	cfce	-0.0010032639
632	300mw	-0.0010034778
632	vexati	-0.0010035847
632	hosiden	-0.001003652
632	tsarist	-0.0010038011
632	dislik	-0.0010040032
632	dumnernchanwanit	-0.0010041897
632	falcon	-0.0010046215
632	eyr	-0.0010048011
632	264m	-0.0010049564
632	renegad	-0.0010050096
632	591m	-0.0010051413
632	sword	-0.0010051638
632	frg	-0.0010053358
632	0600	-0.0010053553
632	taisugar	-0.0010053879
632	rifl	-0.0010054595
632	hailstorm	-0.0010062036
632	strident	-0.0010063223
632	soybean	-0.0010063881
632	excurs	-0.0010065347
632	breakwat	-0.0010065564
632	9pf	-0.0010066334
632	denmark	-0.0010066611
632	rutskoi	-0.0010068866
632	eaga	-0.0010074306
632	redevelop	-0.0010076007
632	503	-0.0010085388
632	rusti	-0.0010087605
632	arc	-0.0010090388
632	kaputin	-0.001009137
632	perm	-0.0010091657
632	bt8	-0.001009866
632	microwav	-0.0010100487
632	47bn	-0.0010101029
632	unbroken	-0.0010107328
632	639	-0.0010109385
632	cosmopolitan	-0.0010110844
632	djac3ab0ft	-0.0010110935
632	ochrou	-0.0010110936
632	posit	-0.0010112775
632	yokohama	-0.0010113718
632	turnaround	-0.0010116362
632	artilleri	-0.0010117898
632	pesawat	-0.001011993
632	addition	-0.001012358
632	tregurtha	-0.0010123932
632	coi	-0.0010125372
632	560	-0.0010125581
632	lopez	-0.0010133199
632	brussel	-0.0010135758
632	lament	-0.0010136799
632	judgement	-0.0010138659
632	reincarn	-0.0010142964
632	solicitor	-0.0010144885
632	nativ	-0.0010145579
632	cathod	-0.0010147525
632	saloon	-0.0010148792
632	hijab	-0.0010149073
632	quadrupl	-0.0010149423
632	bankrupt	-0.001015098
632	overrid	-0.001015423
632	librari	-0.0010156834
632	chest	-0.0010159948
632	bt53	-0.0010165193
632	woe	-0.0010167828
632	zopfan	-0.0010169157
632	vasquez	-0.0010169506
632	leech	-0.00101717
632	horizon	-0.0010174467
632	counten	-0.0010174476
632	unfavor	-0.0010179494
632	prima	-0.001018233
632	pin	-0.0010184444
632	1813	-0.0010186053
632	saito	-0.0010186547
632	windmil	-0.0010190471
632	par	-0.0010191776
632	md110	-0.0010192177
632	r1	-0.0010198642
632	oba	-0.001019878
632	tenement	-0.0010200723
632	para	-0.001020154
632	agrochem	-0.0010205726
632	deplor	-0.0010209645
632	saturdai	-0.0010213709
632	unsurfac	-0.0010213897
632	whampoa	-0.001022172
632	bo	-0.0010224214
632	keji	-0.0010226659
632	pawn	-0.0010230897
632	roch	-0.0010236386
632	wand	-0.0010237446
632	reced	-0.0010238639
632	hongb	-0.001024103
632	solicit	-0.0010241427
632	cfme	-0.001024864
632	vocifer	-0.0010249418
632	indigen	-0.0010249916
632	commonli	-0.0010250522
632	suslina	-0.0010252412
632	minerven	-0.0010252756
632	donetsk	-0.0010254025
632	amsterdam	-0.0010254824
632	mondi	-0.0010256069
632	confound	-0.0010258106
632	pere	-0.0010261624
632	101	-0.00102656
632	oganesyan	-0.0010269792
632	shantou	-0.001027119
632	sank	-0.0010272544
632	vanish	-0.0010273514
632	creston	-0.0010282656
632	otto	-0.0010283099
632	pik	-0.0010283312
632	fujimori	-0.001028346
632	iljin	-0.0010287275
632	fume	-0.0010288043
632	bidder	-0.0010288927
632	yefimovich	-0.001028923
632	sweet	-0.0010294837
632	offend	-0.0010297158
632	karabashev	-0.0010298849
632	bt300m	-0.0010304514
632	akyab	-0.0010312162
632	abb	-0.0010313796
632	schill	-0.001031402
632	mae	-0.0010315216
632	onu	-0.0010318541
632	650m	-0.0010319069
632	qiushi	-0.001031916
632	morinaga	-0.0010324725
632	larva	-0.0010326251
632	nonmilitari	-0.0010328514
632	prata	-0.0010332096
632	kiwi	-0.0010332448
632	metro	-0.0010334888
632	worm	-0.0010336163
632	tailor	-0.0010337817
632	unbalanc	-0.0010339245
632	soften	-0.0010339258
632	typifi	-0.001033935
632	jpnea015	-0.0010342313
632	5423	-0.0010347128
632	efpddafvft	-0.0010348413
632	asiat	-0.0010348633
632	cho	-0.0010349256
632	gallipoli	-0.001035015
632	activist	-0.001035059
632	abacu	-0.001035728
632	rework	-0.001035799
632	nugget	-0.0010359421
632	ceo	-0.0010360606
632	1604	-0.0010362193
632	maquila	-0.0010364827
632	tornado	-0.0010366838
632	bacteria	-0.0010367333
632	retic	-0.0010367692
632	preval	-0.0010374066
632	onset	-0.0010376377
632	harmon	-0.0010376808
632	unwant	-0.0010376966
632	126m	-0.0010383489
632	jiangxi	-0.0010383609
632	539	-0.0010384076
632	neo	-0.001038868
632	rossington	-0.0010390513
632	bianca	-0.0010390755
632	245bn	-0.0010390776
632	0642	-0.0010393336
632	indebt	-0.0010394448
632	abut	-0.0010405454
632	124m	-0.0010406302
632	1357	-0.0010408128
632	521	-0.0010408531
632	nearer	-0.0010410626
632	painstakingli	-0.0010414376
632	y6	-0.0010415171
632	southland	-0.0010415273
632	behaviour	-0.0010418355
632	nsb	-0.0010419579
632	wireless	-0.0010423289
632	chanmya	-0.0010428771
632	won400	-0.0010429381
632	middleman	-0.0010435946
632	yugolslavia	-0.0010441163
632	drafr051	-0.0010445316
632	maclean	-0.0010445518
632	microchip	-0.0010449128
632	okimo	-0.0010451165
632	namoya	-0.0010451165
632	galampsei	-0.0010451165
632	pailleur	-0.0010451165
632	terebi	-0.0010451165
632	cg1avac0ft	-0.0010451165
632	twangiza	-0.0010451165
632	longstand	-0.0010453122
632	elizabeth	-0.0010455209
632	monk	-0.0010455454
632	camel	-0.0010457654
632	oliv	-0.0010458981
632	cloccadaft	-0.0010460283
632	sofjan	-0.0010460285
632	ricoh	-0.0010460834
632	swamp	-0.0010461151
632	sausag	-0.0010467267
632	grogna	-0.001046753
632	involuntari	-0.0010468306
632	complementar	-0.0010470359
632	matheson	-0.0010470415
632	stockhold	-0.0010470896
632	18d	-0.001047212
632	mfn	-0.0010473543
632	kyushu	-0.0010474895
632	391	-0.0010478976
632	soap	-0.0010482256
632	0802	-0.001048323
632	udomsap	-0.001048732
632	sheldon	-0.0010487967
632	dgbcvag1ft	-0.0010488532
632	clive	-0.0010489996
632	837	-0.0010490643
632	y515	-0.0010495841
632	jinshuih	-0.0010499406
632	hsan	-0.0010499596
632	baltic	-0.0010504923
632	bta	-0.0010505745
632	posgold	-0.0010506331
632	qinghai	-0.0010506385
632	arnham	-0.0010507257
632	eiweeagpft	-0.0010507257
632	yeelirri	-0.0010507258
632	cfda4acwft	-0.0010510972
632	529m	-0.0010514782
632	newcom	-0.0010516729
632	tate	-0.0010517616
632	bce	-0.0010522876
632	alp	-0.0010527022
632	snif	-0.0010527775
632	regulatori	-0.0010528158
632	kaminski	-0.0010530552
632	harsh	-0.0010534379
632	chieu	-0.0010535386
632	yeo	-0.0010538648
632	eevapae6ft	-0.0010545737
632	telepoint	-0.0010547626
632	unperturb	-0.0010549871
632	795m	-0.001055073
632	ntaa	-0.0010552261
632	overman	-0.001055663
632	a8bn	-0.0010560103
632	ek2cxagyft	-0.0010560103
632	unbeliev	-0.0010561559
632	harworth	-0.0010562154
632	horror	-0.0010570515
632	268	-0.0010570725
632	syrup	-0.0010573766
632	362m	-0.0010575185
632	jim	-0.0010576256
632	bacharuddin	-0.001057703
632	engulf	-0.0010577262
632	buryatia	-0.0010578677
632	utro	-0.0010579694
632	warsaw	-0.0010583729
632	artist	-0.0010593018
632	690	-0.0010598291
632	dreas093	-0.0010598389
632	bm	-0.0010604155
632	ed2daahaft	-0.0010604576
632	1615	-0.0010605496
632	outgo	-0.0010608815
632	shorn	-0.0010613916
632	drchi078	-0.0010614912
632	lone	-0.0010615529
632	massacr	-0.001061721
632	yamanaka	-0.0010617553
632	fisherfolk	-0.0010619401
632	incorrectli	-0.001062151
632	passeng	-0.0010622606
632	quanzhou	-0.0010624661
632	unpopular	-0.0010631596
632	aren	-0.0010633381
632	lijiang	-0.0010634059
632	schoolboi	-0.00106371
632	1955	-0.0010637653
632	sakai	-0.0010637959
632	513	-0.0010641544
632	tang	-0.0010646451
632	giblet	-0.0010649059
632	auckland	-0.001065101
632	jason	-0.0010651218
632	bottl	-0.001065285
632	nccc	-0.00106598
632	yun	-0.001065987
632	ostrava	-0.00106635
632	wannian	-0.0010664023
632	260m	-0.0010664519
632	swan	-0.0010667309
632	bohemia	-0.0010667954
632	triana	-0.0010669017
632	functionari	-0.0010669751
632	korn	-0.0010677096
632	eldaraeift	-0.0010677705
632	won8	-0.001067839
632	pijiguao	-0.0010679929
632	ciqc8ae9ft	-0.0010679929
632	socui	-0.0010679929
632	cachiri	-0.0010679929
632	lorri	-0.0010682931
632	veto	-0.0010684566
632	konaka	-0.0010686041
632	seacen	-0.001068612
632	goonhilli	-0.0010686764
632	personag	-0.0010691467
632	dearli	-0.0010697498
632	cibc	-0.0010698797
632	saganoseki	-0.001070966
632	uematsu	-0.001070966
632	outfit	-0.00107128
632	507m	-0.0010717029
632	ebrd	-0.0010717957
632	brownfield	-0.0010718883
632	criteria	-0.0010725172
632	018	-0.0010727237
632	0342	-0.0010728661
632	metr	-0.0010730746
632	westburn	-0.0010736206
632	cewahaa0ft	-0.0010742325
632	afraid	-0.0010742752
632	dunn	-0.0010743751
632	newquai	-0.0010744416
632	khomeini	-0.0010747006
632	regul	-0.0010747762
632	bt13	-0.0010750658
632	sink	-0.0010754527
632	slop	-0.0010756651
632	406th	-0.0010758176
632	migrant	-0.0010759127
632	almazi	-0.0010762902
632	relai	-0.0010763084
632	733	-0.001076551
632	singularli	-0.0010766227
632	drchi093	-0.0010769793
632	paradox	-0.0010770858
632	swing	-0.0010772352
632	zucchi	-0.0010773189
632	slurp	-0.0010774324
632	arbitr	-0.0010774776
632	cain	-0.0010777105
632	asic	-0.0010779306
632	y838	-0.0010784733
632	y914	-0.0010784733
632	moftec	-0.0010785495
632	specialis	-0.0010786155
632	busch	-0.0010787522
632	wad	-0.0010789448
632	lippo	-0.0010792044
632	saw	-0.0010794491
632	pullei	-0.0010794704
632	310bn	-0.0010796445
632	hydrochlorid	-0.0010796661
632	minero	-0.0010800075
632	scotland	-0.0010801664
632	cell	-0.0010808423
632	portrai	-0.0010813833
632	beralt	-0.0010814456
632	muhlberg	-0.0010814456
632	behbsae2ft	-0.0010814456
632	dm178m	-0.0010814456
632	pellet	-0.0010815037
632	destini	-0.0010816338
632	380m	-0.0010816626
632	yangoon	-0.0010826804
632	cprm	-0.0010827621
632	velha	-0.0010827621
632	went	-0.0010829305
632	877	-0.0010830262
632	giao	-0.0010832077
632	apeco	-0.0010832822
632	046	-0.001083391
632	0553	-0.0010838021
632	handshak	-0.0010839436
632	mcarthur	-0.0010839734
632	firearm	-0.0010840017
632	ido	-0.0010841559
632	jptdd003	-0.0010846659
632	patch	-0.0010847907
632	y13	-0.0010850221
632	eddington	-0.0010850686
632	derijck	-0.0010854178
632	wadi	-0.0010855506
632	trentham	-0.0010857728
632	187m	-0.0010861371
632	outpost	-0.0010862355
632	won9	-0.0010862553
632	storag	-0.0010862702
632	yevgenii	-0.0010865408
632	storei	-0.0010866754
632	crescent	-0.0010869709
632	candelaria	-0.0010870874
632	withdraw	-0.0010875397
632	troyounc	-0.0010876188
632	dacaxab9ft	-0.0010876188
632	hurdl	-0.0010876578
632	nuigini	-0.0010881214
632	antipodean	-0.0010886003
632	audienc	-0.0010886864
632	bounnaphon	-0.0010888353
632	armor	-0.0010889163
632	autonomi	-0.0010891892
632	uncertainti	-0.0010893542
632	barri	-0.0010894671
632	glister	-0.0010895438
632	kroner	-0.0010902439
632	oda	-0.0010906009
632	hierarchi	-0.0010906267
632	vizcaya	-0.0010909112
632	guard	-0.0010909288
632	max	-0.0010910284
632	explan	-0.0010912793
632	rgm	-0.0010917233
632	condest	-0.0010917233
632	cratic	-0.0010918442
632	eleph	-0.001091877
632	dismiss	-0.0010920159
632	royalti	-0.001092068
632	kilogramm	-0.0010920741
632	200bn	-0.0010925154
632	intrigu	-0.0010932779
632	incident	-0.0010936438
632	y779	-0.0010944098
632	parapanema	-0.0010945386
632	compulsori	-0.0010945784
632	stakehold	-0.0010946033
632	cebu	-0.0010949122
632	mardom	-0.0010952606
632	remit	-0.0010954464
632	fbpsp	-0.0010954774
632	gekkan	-0.0010955265
632	rothschild	-0.0010956828
632	ferdinand	-0.001095683
632	hoard	-0.0010959283
632	gam	-0.0010961494
632	repress	-0.0010962266
632	baz	-0.0010964866
632	prol	-0.001097191
632	tom	-0.0010972146
632	ardalin	-0.001097216
632	futher	-0.0010973746
632	actim	-0.0010976887
632	incipi	-0.0010977305
632	yamamoto	-0.0010981653
632	ye	-0.0010987555
632	callington	-0.0010988321
632	seventi	-0.0010993094
632	upheld	-0.0010995383
632	refund	-0.0011003506
632	kyunhla	-0.0011007509
632	nyein	-0.0011007582
632	hutchison	-0.0011008461
632	chariti	-0.0011011601
632	soren	-0.0011011842
632	urbanis	-0.0011014802
632	312	-0.0011014905
632	shinawatra	-0.0011017855
632	dreas071bb	-0.0011019417
632	bark	-0.0011022512
632	ningxia	-0.0011023342
632	union	-0.0011024589
632	tomsk	-0.0011029025
632	chester	-0.0011030473
632	israel	-0.0011044845
632	vincent	-0.0011047396
632	shaanxi	-0.001105611
632	hayah	-0.0011056289
632	pervad	-0.0011058524
632	rejoin	-0.0011061102
632	nakayama	-0.0011061974
632	473	-0.0011062461
632	delta	-0.0011063237
632	revitalis	-0.0011066719
632	wat	-0.0011071102
632	hobart	-0.0011077158
632	samex	-0.0011077186
632	piesold	-0.0011077186
632	petit	-0.0011082941
632	072	-0.0011082953
632	panhandl	-0.0011087873
632	scribbl	-0.0011091047
632	nameh	-0.0011093023
632	cruz	-0.0011093732
632	untold	-0.0011097997
632	perspect	-0.0011098902
632	islamabad	-0.0011099747
632	borneo	-0.0011101931
632	cb0ciaadft	-0.0011104303
632	unesco	-0.0011105236
632	265m	-0.0011116504
632	shrewd	-0.0011117788
632	deer	-0.001111961
632	lifter	-0.001112305
632	72m	-0.0011124302
632	philipp	-0.0011124894
632	apolinar	-0.0011128489
632	su	-0.0011131129
632	monument	-0.0011133
632	vacat	-0.0011135825
632	quantum	-0.0011147984
632	waiter	-0.0011149631
632	disregard	-0.0011152775
632	sheffield	-0.0011153789
632	kaiser	-0.0011155469
632	yl3	-0.0011155871
632	shito	-0.0011155871
632	takaari	-0.0011155871
632	mnisek	-0.0011155871
632	volunatrili	-0.0011155871
632	dfdb5afgft	-0.0011155871
632	placement	-0.0011158148
632	khalmer	-0.0011160813
632	blanco	-0.0011167983
632	18th	-0.0011168228
632	p9211	-0.0011171342
632	proceed	-0.0011175013
632	618	-0.0011176987
632	ding	-0.0011178182
632	oak	-0.001117842
632	953	-0.0011178899
632	kepco	-0.0011178972
632	afflict	-0.0011179633
632	rexrodt	-0.0011185107
632	blockad	-0.0011187914
632	closest	-0.001118853
632	forget	-0.001119461
632	technocrat	-0.0011195096
632	sempl	-0.0011195199
632	wolfowitz	-0.0011196272
632	barman	-0.0011196658
632	hunan	-0.0011201432
632	ulster	-0.0011202282
632	downtown	-0.0011202832
632	applaud	-0.0011204159
632	countless	-0.0011205091
632	1141	-0.0011205467
632	dilawaeqft	-0.0011206408
632	siyaniy	-0.0011208392
632	flesh	-0.001121014
632	consign	-0.00112164
632	putsch	-0.0011218137
632	salesmen	-0.0011219548
632	12bn	-0.0011219729
632	militarili	-0.0011222712
632	inya	-0.0011224173
632	neighbourhood	-0.0011232877
632	reassert	-0.0011234613
632	potenti	-0.0011236009
632	donbass	-0.0011240554
632	dgtccafhft	-0.0011241498
632	peel	-0.0011247421
632	overpr	-0.0011251769
632	ogilvi	-0.0011255362
632	rigid	-0.0011257232
632	saleabl	-0.0011258498
632	unspeak	-0.0011259484
632	chin	-0.0011260589
632	94m	-0.0011264523
632	kaist	-0.0011265952
632	crawford	-0.0011267477
632	kaneda	-0.0011267937
632	bridgehead	-0.001127116
632	jone	-0.0011276058
632	ramirez	-0.0011280669
632	countrysid	-0.001128123
632	marubeni	-0.0011285687
632	cg3ayacyft	-0.0011288202
632	euro	-0.0011296271
632	jamaican	-0.0011298072
632	infect	-0.0011304774
632	pessim	-0.0011308236
632	354	-0.00113092
632	implac	-0.001131669
632	pupil	-0.0011317588
632	hebei	-0.0011317739
632	weipa	-0.0011319942
632	condol	-0.0011323006
632	tung	-0.0011324717
632	kutch	-0.0011324899
632	fortnight	-0.0011327179
632	151	-0.0011335107
632	oxid	-0.0011336465
632	injur	-0.0011341783
632	tenet	-0.0011346951
632	absente	-0.0011348518
632	of	-0.0011351183
632	parentag	-0.0011351712
632	transbayk	-0.0011352255
632	p8742	-0.0011355205
632	intersect	-0.0011357518
632	unprotect	-0.0011360501
632	enlighten	-0.0011366863
632	skill	-0.0011367047
632	ruin	-0.001136822
632	abat	-0.001136885
632	smile	-0.0011369186
632	twyford	-0.0011369521
632	kung	-0.0011369651
632	drchi001	-0.0011370312
632	milit	-0.0011371381
632	comput	-0.0011376082
632	electrolux	-0.0011378945
632	zimco	-0.0011380002
632	485	-0.0011381778
632	frozen	-0.0011381836
632	296	-0.0011383676
632	pleasant	-0.0011386367
632	cn235	-0.0011387459
632	hop	-0.0011389599
632	forex	-0.0011389923
632	subcontin	-0.0011399413
632	cjwbwae1ft	-0.0011401416
632	turkmenistan	-0.0011403931
632	pervas	-0.0011407819
632	bulgarian	-0.0011408163
632	xxiii	-0.0011409719
632	rectifi	-0.0011410173
632	lyonnai	-0.0011414347
632	spelt	-0.0011418404
632	bs	-0.0011423114
632	kist	-0.0011426931
632	imt	-0.001142936
632	netto	-0.0011429915
632	seed	-0.0011440312
632	unattribut	-0.0011441844
632	yau	-0.0011444933
632	writer	-0.0011446065
632	scorrier	-0.001144614
632	membersairlift	-0.001144614
632	pendenni	-0.0011446142
632	bdza8aadft	-0.0011446142
632	outward	-0.0011448051
632	bulli	-0.0011448573
632	incorpor	-0.0011450455
632	misplac	-0.0011456079
632	hercegovina	-0.0011456305
632	htai	-0.0011461112
632	stepper	-0.0011462236
632	pinbaw	-0.0011466128
632	hinterland	-0.001147038
632	fool	-0.0011476307
632	automat	-0.001147795
632	seeker	-0.0011477991
632	55m	-0.0011480552
632	imagin	-0.0011483327
632	dfyb8agkft	-0.0011483687
632	0500	-0.0011484119
632	alert	-0.0011485158
632	eg1anaezft	-0.0011485488
632	wrap	-0.0011493205
632	mandatori	-0.0011497682
632	mcdonnel	-0.0011497842
632	donetskugol	-0.0011498451
632	piti	-0.0011499205
632	profil	-0.0011501187
632	committ	-0.0011503516
632	graze	-0.0011503644
632	everlast	-0.0011504675
632	embattl	-0.0011504736
632	melon	-0.0011509208
632	edgar	-0.0011511006
632	stockdal	-0.0011515707
632	parkland	-0.0011522725
632	gratifi	-0.0011522925
632	kc2	-0.0011525059
632	17th	-0.0011526477
632	separatist	-0.0011527579
632	hero	-0.0011533032
632	antoni	-0.0011533899
632	yen	-0.0011535396
632	auspac	-0.0011538708
632	ekieiahbft	-0.001153871
632	ritex	-0.001153871
632	entranc	-0.0011539632
632	seiki	-0.0011540891
632	mergui	-0.0011543576
632	startl	-0.0011551945
632	gsm	-0.0011552023
632	endless	-0.0011553437
632	cc0bdadvft	-0.0011554966
632	hutten	-0.0011554966
632	vocal	-0.0011555455
632	144	-0.0011555568
632	20bn	-0.0011560478
632	game	-0.001156277
632	lyonnais	-0.0011565223
632	pajero	-0.0011565629
632	pesquisa	-0.0011566937
632	minerai	-0.0011566937
632	hegemoni	-0.0011567444
632	cavit	-0.0011568693
632	placer	-0.0011569413
632	balkan	-0.0011569525
632	ic	-0.0011587348
632	659	-0.0011588595
632	lumber	-0.0011591377
632	chave	-0.0011592536
632	predominantli	-0.0011594904
632	litig	-0.0011607435
632	muhammad	-0.0011608074
632	norinchukin	-0.0011612696
632	titanium	-0.001161374
632	y734	-0.0011618162
632	y765	-0.0011618162
632	sex	-0.0011624016
632	ilo	-0.0011625888
632	annul	-0.0011626864
632	grown	-0.0011627463
632	seater	-0.0011629175
632	278	-0.0011640005
632	ebgc7ad6ft	-0.0011641079
632	ugald	-0.0011646575
632	canedo	-0.0011646575
632	nsc	-0.0011648625
632	lea	-0.0011650868
632	coffin	-0.0011650965
632	lili	-0.0011653653
632	galleri	-0.0011653738
632	49m	-0.0011655089
632	sik	-0.0011655157
632	yilgarn	-0.0011656486
632	ebjcnaf1ft	-0.0011656486
632	rift	-0.001165697
632	trivial	-0.0011658581
632	cough	-0.0011658601
632	owen	-0.001165916
632	caemi	-0.0011667559
632	intrud	-0.0011670504
632	orlean	-0.0011677513
632	object	-0.001168119
632	panorama	-0.001168387
632	33m	-0.001168738
632	319	-0.0011691056
632	rubbl	-0.001169213
632	madhia	-0.0011692217
632	dagb2aesft	-0.0011692217
632	y617	-0.0011696271
632	unequivoc	-0.0011701023
632	tow	-0.0011704887
632	ekspress	-0.0011709029
632	bspp	-0.0011710136
632	pm	-0.0011713478
632	homeland	-0.0011720362
632	mineral	-0.001172181
632	214	-0.0011728754
632	underwritten	-0.0011735818
632	729	-0.0011740335
632	blight	-0.0011745071
632	40km	-0.0011745391
632	traumat	-0.0011751214
632	delight	-0.0011754131
632	dispel	-0.001175822
632	atacama	-0.0011758723
632	aye	-0.0011760885
632	lyew	-0.0011760885
632	jamalco	-0.0011760885
632	zenith	-0.0011762317
632	353m	-0.0011763072
632	y625	-0.0011767113
632	ethic	-0.0011768473
632	alto	-0.001177085
632	qualif	-0.0011773735
632	outdat	-0.0011775872
632	fawslei	-0.0011788063
632	franco	-0.0011791282
632	y40	-0.0011800356
632	bucket	-0.001180349
632	empress	-0.0011805083
632	insignific	-0.0011807405
632	scholar	-0.0011808092
632	noisiest	-0.00118106
632	string	-0.0011811183
632	bloodi	-0.0011811919
632	liaison	-0.0011817397
632	nort	-0.0011819481
632	turk	-0.0011821289
632	onshor	-0.0011822773
632	teach	-0.0011822922
632	sabotag	-0.0011831671
632	torn	-0.0011833895
632	offshoot	-0.0011838129
632	infant	-0.0011838309
632	eikacacnft	-0.0011840628
632	forsstrom	-0.0011840628
632	p011	-0.0011841945
632	iez	-0.00118484
632	standpoint	-0.0011850111
632	berth	-0.0011855772
632	441	-0.0011856264
632	wiener	-0.0011858403
632	29m	-0.0011860137
632	maldiv	-0.0011862719
632	steril	-0.0011863713
632	kyoto	-0.0011865055
632	ibj	-0.0011870645
632	kse	-0.0011872958
632	gemplu	-0.0011873528
632	prelud	-0.0011877237
632	nueva	-0.0011880699
632	yukong	-0.0011885269
632	ambival	-0.0011886078
632	220m	-0.0011887746
632	drchi046	-0.0011890818
632	recurso	-0.001189333
632	619	-0.0011903304
632	shun	-0.0011904206
632	agc	-0.0011908625
632	yang	-0.0011910236
632	binh	-0.0011915448
632	cf	-0.001191692
632	lukewarm	-0.0011917242
632	henceforth	-0.00119177
632	sprawl	-0.0011918269
632	milton	-0.0011920254
632	sew	-0.0011921958
632	maneuv	-0.0011928005
632	90m	-0.0011928306
632	warlord	-0.0011928504
632	vicent	-0.0011929031
632	bra	-0.0011930455
632	brasilia	-0.0011933708
632	300km	-0.0011935032
632	hectic	-0.0011939823
632	coomb	-0.0011940807
632	unwarrant	-0.0011943608
632	cumul	-0.0011945587
632	roremina	-0.0011945926
632	cela7aakft	-0.0011945926
632	cassinga	-0.0011945926
632	fosfang	-0.0011945926
632	manganesem	-0.0011945926
632	ferrangol	-0.0011945926
632	opinion	-0.0011949487
632	unappreci	-0.0011950167
632	subsoil	-0.0011950278
632	undisciplin	-0.0011953403
632	treasur	-0.0011955296
632	defend	-0.0011958986
632	hike	-0.0011959977
632	inoper	-0.001196062
632	depend	-0.0011963914
632	chronicl	-0.0011972487
632	dissid	-0.0011972593
632	116	-0.001197344
632	928	-0.0011974042
632	broadli	-0.0011976323
632	wari	-0.0011976913
632	ticket	-0.0011977874
632	dreas063	-0.0011980574
632	orthodox	-0.0011980684
632	282	-0.0011985173
632	063	-0.0011986666
632	wrangl	-0.0011987177
632	urengoyl	-0.0012004838
632	dalpacif	-0.0012004838
632	yeniseygeofizika	-0.0012004838
632	glukhoyedov	-0.0012004838
632	geoylbent	-0.0012004838
632	polyarnoy	-0.0012004838
632	abhor	-0.0012012086
632	circul	-0.0012013608
632	atroc	-0.0012017444
632	cool	-0.0012018861
632	drchi055	-0.0012019255
632	udm	-0.0012022598
632	rgc	-0.0012024434
632	youngster	-0.0012025678
632	ev	-0.001203341
632	radiometr	-0.0012038609
632	dreas044	-0.0012044649
632	limbo	-0.0012050318
632	raimi	-0.0012051894
632	sung	-0.0012053881
632	transliter	-0.0012056095
632	itamar	-0.0012070234
632	trout	-0.0012075021
632	sheet	-0.0012075385
632	prudenti	-0.0012075691
632	kai	-0.0012086559
632	monarch	-0.0012086977
632	matt	-0.0012094864
632	flank	-0.001209853
632	derdaaf8ft	-0.001209856
632	unconvent	-0.0012101092
632	pax	-0.0012101101
632	interlink	-0.0012104209
632	habitat	-0.0012105851
632	cob	-0.0012107436
632	quayl	-0.0012109544
632	liabil	-0.0012116287
632	peg	-0.001211805
632	jobless	-0.0012119994
632	nice	-0.0012121722
632	messi	-0.0012123203
632	useless	-0.001212375
632	tonga	-0.0012126837
632	expend	-0.0012128828
632	596	-0.0012128847
632	olymp	-0.0012133783
632	474	-0.0012140386
632	ai	-0.0012140808
632	phao	-0.0012142031
632	rtm	-0.0012142292
632	stationari	-0.0012142912
632	eagerli	-0.0012144244
632	unviabl	-0.0012145009
632	compart	-0.0012146874
632	angkor	-0.0012152921
632	amiant	-0.0012153679
632	dgtccafvft	-0.0012153679
632	sw90ja	-0.0012153679
632	vologda	-0.001215434
632	chien	-0.0012156895
632	jmz	-0.0012157144
632	calif	-0.0012158159
632	cathedr	-0.001215952
632	266m	-0.0012162832
632	necessit	-0.0012166149
632	tilt	-0.0012168046
632	denver	-0.0012169303
632	cargil	-0.0012174346
632	ecu	-0.0012176671
632	ling	-0.0012178235
632	ec3dvahkft	-0.0012183588
632	cambrian	-0.0012186869
632	densiti	-0.0012187171
632	857	-0.0012188249
632	mesmeris	-0.0012193443
632	enrol	-0.0012197186
632	breweri	-0.0012200954
632	760m	-0.0012201334
632	discrep	-0.0012201954
632	convict	-0.0012203241
632	junta	-0.0012214897
632	frustratingli	-0.0012219097
632	compos	-0.0012221035
632	44m	-0.0012223038
632	homag	-0.0012223461
632	god	-0.0012227839
632	check	-0.001222959
632	610	-0.0012243651
632	coupon	-0.0012244771
632	292	-0.0012252093
632	edkc1ae0ft	-0.0012252129
632	legendari	-0.0012256317
632	thi	-0.0012259249
632	costli	-0.0012262436
632	barto	-0.0012262769
632	mandela	-0.0012278657
632	frenzi	-0.0012283232
632	xix	-0.001228704
632	chiyoda	-0.0012288853
632	163	-0.0012292055
632	carlo	-0.001229217
632	laugh	-0.0012295455
632	armament	-0.0012296733
632	nobl	-0.0012296744
632	child	-0.0012301777
632	084	-0.0012302006
632	sinar	-0.0012307386
632	bleakest	-0.0012312637
632	lapti	-0.0012315506
632	ptz	-0.0012317761
632	208	-0.0012319467
632	predecessor	-0.0012327614
632	nephew	-0.0012328003
632	chz	-0.0012329016
632	bentwood	-0.0012329964
632	gritsayev	-0.0012332037
632	portabl	-0.0012332515
632	remedi	-0.0012333996
632	obsolet	-0.0012335771
632	agenda	-0.0012336374
632	krasnoyarsk	-0.0012336966
632	thazi	-0.0012339187
632	nikko	-0.0012339461
632	spin	-0.0012342832
632	detract	-0.0012353947
632	upris	-0.0012357058
632	hsiao	-0.0012359816
632	abound	-0.0012364101
632	painfulli	-0.0012366653
632	672m	-0.0012371854
632	croatia	-0.001237473
632	nong	-0.0012377293
632	cggb1acqft	-0.0012388859
632	soft	-0.0012395575
632	signifi	-0.0012402458
632	y589	-0.0012411455
632	y847	-0.0012411455
632	expedit	-0.0012419859
632	airforc	-0.0012423245
632	rupe	-0.001243738
632	impoverish	-0.0012441694
632	disincent	-0.0012446946
632	doomwatch	-0.0012451061
632	ef2dyahlft	-0.0012451061
632	anniversari	-0.0012454835
632	ge	-0.0012456242
632	malanjkhand	-0.0012457699
632	eicafahbft	-0.0012459222
632	tateichi	-0.0012463763
632	mia	-0.001246526
632	pate	-0.0012466975
632	spittoon	-0.001246747
632	ruili	-0.0012469105
632	nonalign	-0.0012469977
632	featur	-0.001247133
632	scrip	-0.0012472627
632	haikou	-0.0012472781
632	pair	-0.0012486837
632	worn	-0.0012493139
632	inescap	-0.0012494118
632	tangl	-0.0012497371
632	changi	-0.0012501
632	668	-0.0012504859
632	wil	-0.0012509201
632	sap	-0.0012511312
632	sigorov	-0.0012515564
632	mujabar	-0.0012515564
632	switch	-0.0012516986
632	takagi	-0.0012517073
632	gilbertson	-0.0012519861
632	timor	-0.0012521998
632	kao	-0.0012522243
632	lytton	-0.0012522781
632	duplic	-0.0012534481
632	023	-0.001253525
632	barlow	-0.0012536539
632	luo	-0.0012544203
632	necklac	-0.0012545484
632	venezuelan	-0.0012546654
632	adult	-0.0012547655
632	band	-0.0012552053
632	59m	-0.0012552456
632	422	-0.0012553814
632	guangru	-0.001255441
632	aladi	-0.0012555677
632	belfast	-0.0012556211
632	censur	-0.0012564708
632	dreas031	-0.0012576393
632	devic	-0.0012578352
632	schultz	-0.0012579104
632	propaganda	-0.0012582006
632	runner	-0.0012582996
632	identif	-0.001258611
632	profess	-0.0012589116
632	untest	-0.0012593592
632	ingenu	-0.0012594105
632	nanj	-0.0012599764
632	dkic6agdft	-0.0012601996
632	vostochnyi	-0.0012605325
632	hurt	-0.0012613472
632	tidal	-0.0012614956
632	westminst	-0.0012622615
632	74m	-0.0012624727
632	expansionist	-0.0012626232
632	digcfaegft	-0.0012628614
632	328	-0.0012631454
632	diccmaa9ft	-0.0012634448
632	subki	-0.0012634448
632	repatri	-0.001263916
632	66m	-0.0012639238
632	pe	-0.0012646558
632	allround	-0.0012647138
632	drawn	-0.0012647343
632	swarm	-0.0012647456
632	aftermath	-0.001265716
632	incalcul	-0.0012658674
632	setback	-0.0012659873
632	mainstream	-0.001266113
632	694	-0.0012664264
632	bomber	-0.0012666626
632	fallout	-0.001266745
632	jifei	-0.0012668929
632	575m	-0.0012669578
632	acreag	-0.0012677317
632	forward	-0.0012680558
632	sanction	-0.00126839
632	doctrin	-0.0012686957
632	raul	-0.0012702546
632	unsuccess	-0.001270576
632	brisk	-0.001271006
632	beni	-0.00127119
632	dreas067	-0.0012712118
632	miseri	-0.0012717836
632	mercurio	-0.0012719342
632	izhar	-0.0012719524
632	mystic	-0.0012724438
632	underlin	-0.0012731224
632	fussel	-0.0012731884
632	indecis	-0.0012732865
632	botha	-0.0012735339
632	stifl	-0.001274582
632	253	-0.0012747269
632	684	-0.0012751529
632	scrub	-0.0012751949
632	sticki	-0.0012752672
632	epidem	-0.0012757508
632	patino	-0.0012761812
632	birthplac	-0.0012770938
632	784	-0.0012771153
632	576	-0.0012775948
632	somalia	-0.0012776165
632	bash	-0.0012776278
632	paus	-0.0012776479
632	kachin	-0.0012783066
632	291	-0.0012784078
632	assess	-0.001278442
632	ket	-0.0012786884
632	intelligentsia	-0.0012787946
632	en	-0.0012792273
632	besar	-0.0012801145
632	av	-0.0012803909
632	qingdao	-0.0012804167
632	tributari	-0.0012805802
632	garbag	-0.001280784
632	dougla	-0.0012814023
632	lath	-0.0012814353
632	joseph	-0.0012817876
632	balagu	-0.0012821563
632	surprisingli	-0.0012823513
632	unlock	-0.0012828419
632	lidov	-0.0012830395
632	window	-0.0012833305
632	escudo	-0.0012837232
632	paid	-0.0012854313
632	indiffer	-0.0012860509
632	jack	-0.001286209
632	518	-0.0012863227
632	eb1dpaeoft	-0.0012867793
632	congest	-0.0012875489
632	apartheid	-0.0012879219
632	sheer	-0.0012879571
632	leapt	-0.0012883336
632	sevenfold	-0.0012884293
632	kandla	-0.0012885012
632	slowdown	-0.0012892019
632	mute	-0.0012892768
632	fortifi	-0.0012900347
632	cuff	-0.0012904588
632	creditworthi	-0.0012913012
632	dispatch	-0.0012913164
632	1870	-0.0012915768
632	handicap	-0.0012915836
632	ilbo	-0.0012919522
632	andrea	-0.0012922349
632	verbal	-0.0012923765
632	refug	-0.0012924174
632	invad	-0.0012924684
632	undertook	-0.0012926393
632	2000	-0.0012926473
632	cp	-0.0012934264
632	ko	-0.0012935612
632	bed	-0.0012936065
632	saucer	-0.0012936086
632	ngum	-0.0012939591
632	sainsburi	-0.00129423
632	994	-0.001294637
632	workshop	-0.0012951168
632	salar	-0.0012955057
632	cczb1abjft	-0.0012962864
632	harshli	-0.0012963801
632	bdza8adeft	-0.001296711
632	oust	-0.0012967153
632	yt	-0.0012972943
632	dcjctaghft	-0.0012976739
632	fmc	-0.0012977306
632	504	-0.001297785
632	depot	-0.0012978977
632	explod	-0.0012985761
632	proselytis	-0.0012986221
632	kukj	-0.0012995097
632	tedi	-0.0013005891
632	viejo	-0.0013015127
632	accru	-0.0013018956
632	geopolit	-0.0013024169
632	cheaper	-0.0013026787
632	madra	-0.0013030072
632	castl	-0.0013030897
632	carolin	-0.001303515
632	tanneri	-0.0013042734
632	mgmr	-0.0013045217
632	dry	-0.0013045346
632	boycott	-0.0013047585
632	ural	-0.0013048954
632	969	-0.001305094
632	28m	-0.0013051988
632	told	-0.0013054473
632	sanwa	-0.0013055111
632	chairperson	-0.0013056751
632	printer	-0.0013077792
632	eabbead8ft	-0.0013078733
632	rahmat	-0.00130831
632	drown	-0.0013083918
632	sadden	-0.0013088105
632	inconveni	-0.001308824
632	0307	-0.0013090142
632	furor	-0.0013093537
632	lawrenc	-0.0013095544
632	succumb	-0.0013097008
632	perplex	-0.0013099263
632	slaughter	-0.0013099916
632	rebal	-0.0013104128
632	28bn	-0.0013106822
632	greenhous	-0.0013108356
632	endeavor	-0.001310893
632	movi	-0.001311464
632	301	-0.0013116783
632	furukawa	-0.0013125596
632	pasar	-0.0013130981
632	license	-0.0013133253
632	armando	-0.0013133979
632	0002	-0.0013136688
632	acquaint	-0.0013136825
632	provision	-0.0013138554
632	norsk	-0.0013141365
632	poorer	-0.0013142624
632	59	-0.0013143804
632	happen	-0.001315163
632	verg	-0.001315492
632	pine	-0.0013155702
632	gawler	-0.001315629
632	lyell	-0.0013159264
632	malawi	-0.0013165103
632	micro	-0.001316731
632	materialis	-0.0013168646
632	hint	-0.0013169831
632	1914	-0.0013172334
632	marpan	-0.0013174327
632	vibrant	-0.0013174502
632	stem	-0.0013177396
632	romania	-0.0013179125
632	latif	-0.0013179551
632	682	-0.0013182991
632	sever	-0.0013184227
632	partnership	-0.0013185495
632	osmond	-0.0013187856
632	nikolayev	-0.0013188444
632	uyuni	-0.0013190515
632	02m	-0.00131935
632	1962	-0.0013194885
632	nonstapl	-0.0013195806
632	rongkai	-0.0013198981
632	bankruptci	-0.0013203988
632	irregular	-0.0013214649
632	potabl	-0.0013219868
632	reader	-0.0013226337
632	han	-0.0013226566
632	tribun	-0.0013229613
632	violat	-0.0013235302
632	mean	-0.0013235472
632	wenti	-0.001323577
632	xishuangbanna	-0.0013240256
632	lacklustr	-0.0013244026
632	738	-0.0013249802
632	569	-0.001325105
632	31m	-0.0013259208
632	oppenheim	-0.0013261226
632	scrotum	-0.001326466
632	cardena	-0.0013267108
632	ei0dnabkft	-0.0013269101
632	convei	-0.0013272299
632	solvent	-0.0013273541
632	ejjd1acgft	-0.0013273768
632	outlet	-0.001327653
632	threat	-0.0013277646
632	fun	-0.001327778
632	175m	-0.0013279542
632	mello	-0.0013279907
632	57m	-0.0013281045
632	random	-0.0013284398
632	pear	-0.001328658
632	bedrock	-0.0013291882
632	plea	-0.0013292438
632	y680bn	-0.0013293388
632	saeil	-0.0013293388
632	dfbbwafyft	-0.0013293388
632	600km	-0.0013299024
632	lowli	-0.0013300797
632	209	-0.0013304184
632	automak	-0.0013311844
632	worslei	-0.0013312476
632	351	-0.001331313
632	loader	-0.0013315526
632	harri	-0.0013320184
632	147m	-0.0013321192
632	benefactor	-0.0013321326
632	roundtabl	-0.0013324334
632	teverson	-0.0013327771
632	charm	-0.0013328649
632	sudburi	-0.0013334153
632	postpon	-0.0013336015
632	grasp	-0.0013336284
632	denounc	-0.0013343247
632	haggl	-0.0013344096
632	prestea	-0.0013345181
632	kuo	-0.001334661
632	marcelo	-0.0013353846
632	alsthom	-0.0013354479
632	2025	-0.0013356687
632	miracl	-0.0013357583
632	florencio	-0.001335796
632	lowland	-0.0013359472
632	l985	-0.001336091
632	bulgaria	-0.0013365292
632	maitland	-0.0013367878
632	hire	-0.001336798
632	zemin	-0.001336921
632	daya	-0.0013373808
632	handelsblatt	-0.0013374594
632	clz	-0.0013375755
632	ekieiaa0ft	-0.0013383353
632	purgatori	-0.0013386046
632	impuls	-0.0013391916
632	071	-0.0013395931
632	superintend	-0.0013398248
632	bell	-0.0013408646
632	referendum	-0.0013413404
632	hegemon	-0.0013413456
632	715	-0.0013420439
632	solar	-0.0013426492
632	ag	-0.0013427392
632	983	-0.0013427916
632	477	-0.0013428155
632	lonrho	-0.0013431362
632	garner	-0.0013434605
632	corridor	-0.0013437157
632	shamrock	-0.0013437673
632	scrape	-0.0013438192
632	tim	-0.0013440292
632	megawatt	-0.0013440447
632	sardinia	-0.001344424
632	joel	-0.0013445362
632	guangy	-0.00134465
632	pragmatist	-0.0013446759
632	conjur	-0.0013449343
632	straddl	-0.0013449544
632	caught	-0.0013450079
632	hym	-0.001345396
632	inconclus	-0.0013464874
632	tunku	-0.0013467866
632	minbu	-0.0013468605
632	lybrand	-0.0013469749
632	mellion	-0.0013470015
632	64m	-0.0013472998
632	kompa	-0.0013473644
632	rebellion	-0.0013475368
632	african	-0.001347541
632	loikaw	-0.0013479994
632	fax	-0.0013484082
632	discrimin	-0.0013485396
632	remot	-0.0013502704
632	overdu	-0.0013515382
632	096	-0.0013516304
632	kun	-0.0013523994
632	quisp	-0.0013526191
632	tribe	-0.0013528948
632	agit	-0.0013536011
632	soggi	-0.001353678
632	foe	-0.0013538364
632	sterl	-0.0013540745
632	plutonium	-0.0013543335
632	retaliatori	-0.001354797
632	harbin	-0.001354905
632	laender	-0.0013552834
632	dare	-0.0013561832
632	renaudin	-0.0013562287
632	girl	-0.001356255
632	craton	-0.0013565209
632	pulau	-0.0013571047
632	mortal	-0.001357316
632	685	-0.0013584933
632	487	-0.0013586564
632	341	-0.0013591963
632	aureliano	-0.0013595254
632	xii	-0.001359548
632	warfar	-0.0013595596
632	1932	-0.0013604912
632	188m	-0.0013610069
632	problemat	-0.0013615029
632	ozon	-0.0013631741
632	bank	-0.0013644125
632	p9229	-0.0013650061
632	slightest	-0.0013651183
632	sijori	-0.0013659161
632	ekaezahift	-0.0013662389
632	statistician	-0.0013668037
632	furnish	-0.0013677295
632	454	-0.0013677493
632	trench	-0.0013689635
632	805	-0.0013690627
632	bow	-0.0013692183
632	comalco	-0.001369404
632	predica	-0.001370134
632	indict	-0.001370157
632	chgbiaa0ft	-0.0013701785
632	voucher	-0.0013717137
632	centralis	-0.0013721101
632	pkz	-0.0013726429
632	timet	-0.0013726563
632	mcintosh	-0.0013729724
632	mister	-0.0013730117
632	rayner	-0.0013733316
632	hashish	-0.0013737063
632	clearer	-0.001373881
632	aslo	-0.0013739585
632	uncov	-0.0013739995
632	cdpboadkft	-0.001374009
632	golestaneh	-0.0013744097
632	unwind	-0.001374472
632	pig	-0.0013746576
632	212	-0.0013747175
632	264	-0.0013747365
632	875	-0.0013749003
632	flurri	-0.0013754786
632	tapioca	-0.0013759508
632	yukon	-0.0013759587
632	tobago	-0.0013781002
632	flotat	-0.0013782586
632	libyan	-0.0013787142
632	130m	-0.0013788806
632	revolt	-0.0013790698
632	christi	-0.001379202
632	hyogo	-0.0013805747
632	philip	-0.0013808619
632	epz	-0.0013811705
632	incomplet	-0.0013813818
632	347	-0.0013814264
632	matsuura	-0.001381931
632	deni	-0.0013828254
632	794	-0.0013831507
632	119	-0.001383278
632	invari	-0.0013833229
632	waiver	-0.0013834415
632	bcl	-0.0013843155
632	dilig	-0.0013852707
632	mortar	-0.0013857203
632	26m	-0.0013864114
632	1640	-0.0013872524
632	strait	-0.001387684
632	chartist	-0.0013880678
632	unpredict	-0.0013888988
632	522	-0.0013891173
632	outflow	-0.0013897269
632	trail	-0.0013898914
632	mileston	-0.00138991
632	ski	-0.0013900965
632	herzegovina	-0.0013902115
632	keidanren	-0.0013906158
632	barriento	-0.0013909253
632	aros	-0.0013913079
632	resolv	-0.001392207
632	pedi	-0.0013942145
632	mineraco	-0.0013946043
632	especializado	-0.0013946043
632	pucionort	-0.0013946043
632	cgxaxadeft	-0.0013946043
632	panandean	-0.0013946043
632	unimpress	-0.0013947133
632	salmon	-0.001394744
632	scenic	-0.0013948065
632	pando	-0.0013948672
632	sharpest	-0.001395099
632	sensit	-0.0013951065
632	reid	-0.0013952784
632	apologis	-0.0013952961
632	cochilco	-0.0013956864
632	thana	-0.0013957471
632	foremost	-0.0013958826
632	147	-0.0013964267
632	altitud	-0.0013972203
632	centromin	-0.0013973301
632	antonio	-0.001397379
632	weak	-0.0013975352
632	22m	-0.0013978537
632	359	-0.001398158
632	subscript	-0.001398519
632	warmli	-0.0013990683
632	despond	-0.0013991724
632	carrot	-0.0013992636
632	life	-0.001399645
632	brief	-0.0014002733
632	rout	-0.0014011204
632	clog	-0.0014011351
632	eldest	-0.0014029776
632	rembrandt	-0.0014031046
632	spiral	-0.0014036186
632	baykal	-0.0014037838
632	fob	-0.0014038828
632	northwestern	-0.0014044346
632	218	-0.0014045554
632	inflict	-0.0014049661
632	excav	-0.0014050446
632	staffordshir	-0.001405169
632	disciplin	-0.0014057303
632	765	-0.0014061085
632	bridgeport	-0.0014061405
632	uncontrol	-0.0014074121
632	kobe	-0.0014078286
632	htet	-0.0014078565
632	shindig	-0.0014078806
632	lng	-0.001408184
632	sick	-0.0014083451
632	wardel	-0.0014092021
632	treacher	-0.0014095786
632	gang	-0.0014099198
632	unsustain	-0.0014099993
632	rome	-0.0014101224
632	kuwaiti	-0.0014103829
632	tanker	-0.0014106499
632	digcfaagft	-0.0014111031
632	montreal	-0.0014116116
632	968	-0.0014118612
632	small	-0.0014122373
632	tomic	-0.0014133513
632	brian	-0.0014135208
632	chimnei	-0.0014137164
632	090	-0.0014140692
632	vung	-0.0014141748
632	salomao	-0.0014141867
632	greenpeac	-0.0014145387
632	kansai	-0.0014145725
632	vocat	-0.0014147835
632	xu	-0.0014148137
632	earthmov	-0.0014151883
632	unorthodox	-0.0014157853
632	966	-0.0014165452
632	fo	-0.001416626
632	ersu	-0.0014167946
632	rogu	-0.0014175758
632	surin	-0.0014176598
632	cheapli	-0.0014178036
632	inclus	-0.0014188914
632	rescuer	-0.0014194022
632	avon	-0.0014197147
632	zhou	-0.0014197207
632	christina	-0.001419752
632	didn	-0.0014202724
632	recaptur	-0.001421681
632	stride	-0.001422377
632	466	-0.001422542
632	fluor	-0.00142416
632	harvest	-0.0014248077
632	admittedli	-0.0014252192
632	vaal	-0.0014252374
632	dirti	-0.0014255045
632	valid	-0.0014266392
632	warrant	-0.0014283431
632	desir	-0.0014284173
632	078	-0.0014284893
632	htwe	-0.0014290166
632	sankei	-0.0014299421
632	hough	-0.001430741
632	granter	-0.0014310905
632	ir	-0.0014312405
632	winston	-0.0014314645
632	lisbon	-0.0014319097
632	iwrot	-0.0014319697
632	towkai	-0.0014331077
632	evolv	-0.0014338462
632	catapult	-0.0014344412
632	bt	-0.0014344626
632	troublesom	-0.001434931
632	virtu	-0.0014353915
632	healthier	-0.001435609
632	spew	-0.0014360999
632	jacqu	-0.0014361391
632	sidf	-0.0014370463
632	deploi	-0.0014377016
632	2621	-0.0014379015
632	abil	-0.0014385001
632	percept	-0.0014390199
632	andrad	-0.0014392388
632	2169	-0.0014394326
632	overshoot	-0.0014395246
632	jetti	-0.0014399672
632	cyanid	-0.001440226
632	wightman	-0.0014421153
632	348	-0.0014421847
632	lifelin	-0.0014425985
632	iii	-0.001443902
632	ident	-0.0014439528
632	whitehead	-0.0014454093
632	normandi	-0.001445538
632	ryri	-0.0014463444
632	pickl	-0.0014464845
632	befriend	-0.0014468897
632	crow	-0.0014474295
632	933	-0.0014478773
632	ali	-0.0014480815
632	slap	-0.0014481194
632	mediat	-0.00144823
632	alarm	-0.0014486759
632	forbid	-0.0014490543
632	rwanda	-0.0014491976
632	sliver	-0.0014492623
632	tab	-0.0014503149
632	mend	-0.0014508498
632	daunt	-0.0014509509
632	manto	-0.00145128
632	impeach	-0.0014520967
632	superior	-0.0014522559
632	talent	-0.0014524464
632	teacher	-0.001452995
632	mushroom	-0.0014531905
632	5m	-0.0014536515
632	wane	-0.0014549649
632	death	-0.0014549705
632	bauxiven	-0.0014551159
632	eyebrow	-0.0014556673
632	washington	-0.0014567048
632	minier	-0.0014575789
632	goldsmith	-0.0014577227
632	gestat	-0.0014577849
632	boj	-0.0014578007
632	tata	-0.0014583125
632	mu	-0.0014583479
632	mao	-0.0014584374
632	ethiopia	-0.0014588375
632	insid	-0.0014588662
632	host	-0.0014588772
632	precari	-0.00145894
632	diego	-0.0014591141
632	son	-0.0014593564
632	952	-0.0014593722
632	wine	-0.0014597541
632	zeitung	-0.0014599256
632	sport	-0.0014601506
632	236	-0.0014611038
632	pud	-0.0014613018
632	uncharacterist	-0.0014614096
632	contrari	-0.001461422
632	canaccord	-0.0014619263
632	cgwasacaft	-0.0014624364
632	pilot	-0.001462513
632	hillsid	-0.0014627636
632	baozhong	-0.001462959
632	051	-0.0014634382
632	infus	-0.001463897
632	225m	-0.0014641358
632	escap	-0.0014642343
632	uniqu	-0.00146443
632	socio	-0.0014647917
632	mario	-0.0014652655
632	wright	-0.0014655094
632	mckee	-0.0014655488
632	busili	-0.0014656404
632	jinghong	-0.0014659232
632	quit	-0.0014665815
632	aquat	-0.0014668514
632	bidong	-0.0014673152
632	detriment	-0.0014689569
632	plymouth	-0.001469358
632	thirtyfold	-0.0014694914
632	din	-0.0014697647
632	nzse	-0.001470011
632	texa	-0.0014702948
632	backsid	-0.0014708962
632	dreas110	-0.0014710062
632	ail	-0.0014711816
632	orderli	-0.0014712228
632	faro	-0.0014712801
632	viewpoint	-0.0014714102
632	287	-0.0014720846
632	kilo	-0.0014722069
632	gu	-0.0014724686
632	prestig	-0.0014734769
632	santiago	-0.0014740553
632	bioga	-0.0014747735
632	wanandi	-0.0014749082
632	genuin	-0.0014750181
632	outsid	-0.0014753869
632	holidai	-0.0014756523
632	desk	-0.0014762828
632	dawn	-0.0014769495
632	ed	-0.0014774674
632	breakup	-0.0014784606
632	fnm	-0.0014791901
632	whiski	-0.0014796075
632	bode	-0.0014803117
632	retest	-0.001480776
632	podmor	-0.0014810582
632	remnant	-0.001481191
632	stat	-0.0014816594
632	greenston	-0.0014826275
632	kuan	-0.0014828326
632	marandoo	-0.0014830261
632	mann	-0.0014838353
632	dreas073	-0.0014841532
632	1430	-0.0014841995
632	spotlight	-0.001484235
632	muse	-0.0014848474
632	militia	-0.0014849949
632	mac	-0.0014854468
632	sansu	-0.0014856606
632	wartsila	-0.001486102
632	kan	-0.0014861256
632	weight	-0.0014867192
632	submiss	-0.001486729
632	yadav	-0.0014868944
632	667	-0.0014884773
632	535	-0.001488857
632	tomen	-0.0014891515
632	bullet	-0.0014896602
632	jpusr067	-0.00148975
632	leon	-0.0014899516
632	colonis	-0.0014900748
632	columbu	-0.0014901072
632	247	-0.0014901285
632	unknown	-0.0014903758
632	suzman	-0.0014904169
632	bone	-0.0014910473
632	orlov	-0.0014922334
632	98m	-0.0014922885
632	bath	-0.0014924199
632	073	-0.0014924912
632	dm10m	-0.0014927491
632	thaung	-0.0014941824
632	roxbi	-0.0014942504
632	empresa	-0.0014955925
632	860	-0.001495674
632	floatat	-0.0014969952
632	cleaver	-0.0014976071
632	parliamentari	-0.0014977809
632	eagl	-0.0014985471
632	oppon	-0.001498645
632	261	-0.0014995538
632	ee0dlag6ft	-0.0014995775
632	serciv	-0.0014995775
632	cyclic	-0.0015006005
632	serebrennikov	-0.0015008717
632	tenac	-0.0015010039
632	tri	-0.0015027499
632	nuova	-0.001503019
632	ratchet	-0.0015033757
632	anglova	-0.0015034463
632	supposedli	-0.0015037293
632	collater	-0.0015040484
632	ta	-0.0015046925
632	woman	-0.0015056966
632	dynamit	-0.0015057122
632	diuciaeaft	-0.001505895
632	repeat	-0.0015059074
632	caxbaae9ft	-0.0015069149
632	emot	-0.0015080068
632	hoa	-0.0015081381
632	reconven	-0.0015083577
632	hokama	-0.0015088156
632	664	-0.0015088266
632	890	-0.0015105681
632	tavoi	-0.0015122284
632	warili	-0.0015122466
632	diarrhoea	-0.0015130913
632	yew	-0.0015143588
632	mistaken	-0.0015147956
632	wallac	-0.0015154181
632	mount	-0.001515672
632	0630	-0.0015157193
632	049	-0.0015158851
632	hawaii	-0.0015161921
632	feed	-0.0015168057
632	029	-0.001517124
632	lenni	-0.0015175838
632	686	-0.0015181275
632	rf	-0.0015192513
632	sawit	-0.0015193356
632	rossii	-0.0015200775
632	drysdal	-0.0015201434
632	052	-0.0015204555
632	wenju	-0.0015210621
632	p3721	-0.0015217796
632	knplf	-0.0015218237
632	424	-0.0015220054
632	emperor	-0.0015237186
632	ramp	-0.0015239832
632	418	-0.001523986
632	johannesburg	-0.0015243434
632	lyric	-0.0015249006
632	clpcoaeoft	-0.0015253654
632	aritmeco	-0.0015253654
632	pyrochlor	-0.0015256471
632	scheelit	-0.0015256471
632	joke	-0.0015257357
632	dreas082	-0.0015258257
632	claimant	-0.0015259136
632	interact	-0.0015263043
632	014	-0.001526455
632	shaojin	-0.001526496
632	dcxckadoft	-0.001526496
632	mysteri	-0.0015273445
632	iv	-0.0015281956
632	blood	-0.0015282129
632	45m	-0.0015289494
632	xinjiang	-0.0015297619
632	nois	-0.0015298929
632	collahuasi	-0.0015301143
632	repercuss	-0.0015308963
632	blacklist	-0.0015321265
632	shake	-0.0015323646
632	illiquid	-0.001532735
632	agipco	-0.0015347952
632	ferrominera	-0.0015347952
632	878	-0.0015348805
632	lebuh	-0.0015349411
632	eldarafcft	-0.0015349411
632	kasuri	-0.0015349411
632	koongarra	-0.0015364152
632	924	-0.0015377756
632	glanc	-0.0015378848
632	unificada	-0.0015379817
632	kenko	-0.0015379817
632	jerri	-0.0015383157
632	hand	-0.0015385615
632	incompar	-0.001538663
632	baharu	-0.001538781
632	mainichi	-0.0015391113
632	lip	-0.0015394452
632	beleagu	-0.0015395259
632	trackless	-0.0015400726
632	alusuiss	-0.0015405173
632	pipe	-0.0015407943
632	sound	-0.0015409694
632	badli	-0.0015410081
632	render	-0.0015415276
632	method	-0.0015417024
632	regularli	-0.0015418677
632	anaemia	-0.0015424346
632	toll	-0.0015425363
632	comart	-0.0015427654
632	813	-0.0015429023
632	nmsp	-0.0015430663
632	impedi	-0.0015438081
632	enviou	-0.0015439498
632	unmix	-0.001544009
632	swollen	-0.0015442332
632	prensa	-0.0015443848
632	skeptic	-0.0015444641
632	dahlawi	-0.0015446433
632	innov	-0.0015446675
632	dreas025	-0.0015459901
632	intim	-0.0015462998
632	inferior	-0.001546592
632	796	-0.001549806
632	candid	-0.0015501428
632	y60	-0.0015503503
632	dreas091	-0.0015507168
632	y18	-0.0015508495
632	mire	-0.0015515676
632	yomiuri	-0.001551672
632	clerkenwel	-0.0015520712
632	coober	-0.0015521179
632	djvcqagrft	-0.001552118
632	yai	-0.0015523812
632	dali	-0.001552495
632	38m	-0.0015534179
632	jingji	-0.0015538384
632	finnish	-0.0015560188
632	hair	-0.0015562306
632	ppf	-0.0015562555
632	coloni	-0.0015566974
632	aspect	-0.0015575016
632	calmer	-0.001557954
632	693	-0.0015579917
632	bewild	-0.0015585512
632	p9199	-0.001558573
632	chew	-0.0015587199
632	gigant	-0.0015593421
632	intermediari	-0.0015593721
632	canon	-0.001559811
632	bt3	-0.0015600767
632	tower	-0.0015609707
632	wouldn	-0.0015613001
632	seaboard	-0.001561306
632	sympathi	-0.001561518
632	gpo	-0.0015617053
632	nzdollar	-0.0015618991
632	petersburg	-0.0015622096
632	502	-0.0015622684
632	kuomintang	-0.0015626497
632	aviat	-0.0015634962
632	unchgd	-0.0015636889
632	zairean	-0.0015640226
632	razak	-0.0015642745
632	ektarian	-0.0015649676
632	indirect	-0.0015667279
632	arbitrag	-0.0015676662
632	undiplomat	-0.0015676805
632	iraqi	-0.0015678876
632	chairmin	-0.0015679083
632	detent	-0.001568127
632	12th	-0.0015682827
632	men	-0.0015685215
632	clout	-0.0015686875
632	trelleborg	-0.0015687044
632	0450	-0.001569156
632	alaska	-0.0015692902
632	243	-0.0015701022
632	sakhalin	-0.0015702515
632	dreas060	-0.001570941
632	bonus	-0.0015712671
632	basket	-0.0015720119
632	tipperari	-0.0015729191
632	northeastern	-0.0015732563
632	manitoba	-0.0015737033
632	afoot	-0.0015748263
632	unnatur	-0.0015756947
632	toyoda	-0.0015759122
632	tranch	-0.0015762963
632	qrz	-0.0015771552
632	65m	-0.0015774198
632	kc1	-0.0015775604
632	bread	-0.001577578
632	koruna	-0.0015779146
632	876	-0.0015780027
632	tightli	-0.0015785567
632	fal	-0.0015787226
632	recherch	-0.0015793032
632	belaru	-0.0015798287
632	avoid	-0.0015802596
632	cock	-0.0015803375
632	sharpish	-0.0015812905
632	p9511	-0.0015813147
632	summar	-0.0015816658
632	kwh	-0.0015817028
632	041	-0.0015818215
632	drawback	-0.0015820828
632	repair	-0.0015821016
632	947	-0.0015823612
632	bomb	-0.0015829772
632	manerplaw	-0.0015832938
632	dispar	-0.001583884
632	audio	-0.0015843143
632	renminbi	-0.0015845138
632	shwedagon	-0.0015845168
632	wok	-0.0015849293
632	yandi	-0.001584952
632	terrain	-0.0015864196
632	bissex	-0.0015868592
632	grai	-0.0015877231
632	australian	-0.0015888892
632	dwarf	-0.0015891431
632	mizael	-0.0015892121
632	dpem	-0.0015892121
632	ciqc8afbft	-0.0015892121
632	burkina	-0.0015892996
632	dockyard	-0.0015900545
632	coexist	-0.0015907325
632	567	-0.0015920417
632	offtak	-0.0015920813
632	ensu	-0.0015923242
632	pravo	-0.0015932475
632	locomot	-0.0015932842
632	sprigg	-0.0015934585
632	baldri	-0.0015942758
632	duesseldorf	-0.0015945231
632	emir	-0.0015980303
632	passion	-0.0015986739
632	ruz	-0.0015988443
632	lpdr	-0.0015989916
632	dub	-0.0015996497
632	detain	-0.0016001519
632	nabarlek	-0.0016004287
632	radomiro	-0.001600554
632	de0b8agyft	-0.0016020606
632	armundo	-0.0016020606
632	differenti	-0.0016024007
632	builder	-0.001602532
632	cong	-0.0016025995
632	632	-0.0016026035
632	schedul	-0.0016026812
632	nonperform	-0.0016027623
632	resum	-0.0016032859
632	circum	-0.0016040148
632	karaweik	-0.0016053345
632	outrag	-0.0016057327
632	majeur	-0.0016057674
632	599	-0.0016063473
632	subordin	-0.0016064047
632	ninth	-0.0016064848
632	712	-0.0016068666
632	tape	-0.0016069143
632	shougang	-0.0016072934
632	recommenc	-0.0016075687
632	emptiv	-0.0016082332
632	apolog	-0.0016084544
632	pla	-0.0016086763
632	view	-0.0016090949
632	tube	-0.0016094643
632	orissa	-0.0016101197
632	makeshift	-0.0016106962
632	retali	-0.001611426
632	norodom	-0.0016115196
632	rate	-0.0016121804
632	132m	-0.0016123117
632	221	-0.0016130339
632	seaport	-0.0016138189
632	imag	-0.001613845
632	chg	-0.0016141052
632	246	-0.0016153734
632	compact	-0.0016164078
632	sin	-0.0016165762
632	vatican	-0.0016167593
632	daiki	-0.0016169102
632	aracruz	-0.0016170508
632	celulos	-0.0016170508
632	reliant	-0.0016176869
632	245	-0.0016177482
632	roger	-0.0016188184
632	dwindl	-0.0016192187
632	dreas054	-0.0016193276
632	paradis	-0.0016195963
632	moreton	-0.0016197674
632	alumar	-0.0016199914
632	mrn	-0.0016199914
632	reconsid	-0.0016207491
632	044	-0.0016219926
632	dairi	-0.0016221715
632	scrutini	-0.0016221816
632	recognis	-0.0016233464
632	budgetari	-0.0016235277
632	triangl	-0.0016240275
632	subwai	-0.001624346
632	lcd	-0.0016250272
632	madam	-0.00162524
632	sharia	-0.001625497
632	male	-0.0016256083
632	intellig	-0.0016258653
632	amateurishli	-0.0016260744
632	sugarcan	-0.0016261357
632	786	-0.0016261907
632	recognit	-0.0016264184
632	fiorello	-0.0016273925
632	curragh	-0.0016274616
632	dafbvaexft	-0.0016274984
632	roja	-0.0016277761
632	antagon	-0.0016280139
632	battalion	-0.0016284323
632	stagger	-0.00162863
632	volga	-0.0016287259
632	p0214	-0.0016294774
632	banka	-0.0016299372
632	heighten	-0.0016300544
632	coverag	-0.0016302294
632	kotra	-0.0016310735
632	spearhead	-0.0016313823
632	416	-0.0016314678
632	bratislava	-0.0016321173
632	regain	-0.0016321391
632	740	-0.0016323947
632	vladimir	-0.0016329924
632	206	-0.0016334978
632	drain	-0.001633759
632	bout	-0.0016341279
632	airplan	-0.0016345801
632	hamanaka	-0.0016361778
632	mask	-0.0016362763
632	panichpakde	-0.0016365877
632	emusa	-0.0016371831
632	young	-0.0016381947
632	zircon	-0.0016385829
632	dezchaf2ft	-0.0016388631
632	minercao	-0.0016388631
632	utilis	-0.0016392996
632	headach	-0.0016396216
632	kamchatka	-0.0016400524
632	ncgub	-0.0016405297
632	25m	-0.0016405317
632	bung	-0.001640628
632	haiphong	-0.0016407128
632	midnight	-0.0016409614
632	nigerian	-0.0016410974
632	mgmt	-0.0016413287
632	290	-0.0016416436
632	shovel	-0.0016425687
632	acquisit	-0.0016427524
632	pleasur	-0.0016434011
632	latina	-0.0016434428
632	carbozulia	-0.0016438544
632	advers	-0.0016440467
632	propel	-0.0016443161
632	ranarridh	-0.0016447607
632	murder	-0.0016449365
632	hartlei	-0.0016449661
632	pueblo	-0.0016453199
632	0825	-0.0016455728
632	saigon	-0.0016459201
632	angrili	-0.0016467515
632	ddgb3afyft	-0.0016469915
632	nov	-0.0016471314
632	reject	-0.0016474988
632	heilongjiang	-0.0016479265
632	petrochem	-0.0016481458
632	barter	-0.001648238
632	hierro	-0.0016482591
632	valesul	-0.0016483284
632	licht	-0.0016487474
632	hoang	-0.0016497365
632	es1	-0.0016503993
632	youth	-0.0016505036
632	photograph	-0.0016508524
632	dblb0ackft	-0.0016509879
632	yackabindi	-0.0016509879
632	substitut	-0.0016514673
632	converg	-0.0016516161
632	baldivieso	-0.0016524971
632	185	-0.0016534613
632	uncompetit	-0.0016544674
632	suscept	-0.0016547563
632	prone	-0.0016547936
632	madagascar	-0.0016562785
632	shah	-0.0016564871
632	shift	-0.0016566125
632	wirawan	-0.0016572722
632	boi	-0.001657766
632	parenthes	-0.0016579254
632	segal	-0.0016581019
632	acrimoni	-0.001659189
632	bar	-0.0016596458
632	tachilek	-0.0016597577
632	trial	-0.0016611619
632	assimil	-0.0016612019
632	appropri	-0.0016617364
632	leadenhal	-0.0016629777
632	241	-0.0016631581
632	fenchurch	-0.0016636169
632	inevit	-0.0016644232
632	gain	-0.0016657152
632	wilder	-0.0016660768
632	yasuo	-0.0016660938
632	cushion	-0.0016673027
632	deak	-0.0016681456
632	0611	-0.0016681642
632	theme	-0.0016687576
632	ypfb	-0.0016688472
632	endang	-0.0016693056
632	tussl	-0.0016694602
632	695	-0.001670636
632	nghi	-0.0016712387
632	besieg	-0.0016713263
632	train	-0.001672306
632	indistinct	-0.0016751601
632	namepl	-0.0016751803
632	align	-0.001676041
632	709	-0.0016763007
632	contributor	-0.0016763426
632	qian	-0.0016776021
632	349	-0.0016786032
632	dprk	-0.0016790149
632	strongest	-0.0016803527
632	457	-0.0016805487
632	747	-0.0016806622
632	judg	-0.0016810362
632	overtur	-0.0016820068
632	matur	-0.001682105
632	earmark	-0.0016821403
632	haryanto	-0.0016831114
632	easc7aftft	-0.0016834615
632	boke	-0.001683817
632	selbai	-0.001683817
632	inertia	-0.0016843696
632	wei	-0.001685657
632	middl	-0.0016860872
632	presum	-0.0016863586
632	shariff	-0.0016865485
632	gama	-0.0016866247
632	headwai	-0.0016869581
632	gorbachev	-0.001687159
632	zhiqiang	-0.0016887744
632	satisfactiona	-0.001688788
632	zhaotong	-0.0016893605
632	weakest	-0.0016896706
632	wash	-0.0016901833
632	sens	-0.001690545
632	nato	-0.0016907889
632	champion	-0.0016925264
632	zhejiang	-0.0016930304
632	fleme	-0.0016931535
632	anxieti	-0.0016931723
632	humanitarian	-0.0016934962
632	dacheng	-0.0016941798
632	turnround	-0.0016943263
632	366	-0.0016944576
632	189	-0.0016945078
632	mmz	-0.0016945554
632	rivalri	-0.0016949176
632	dom	-0.0016954888
632	sukhoi	-0.0016959803
632	refurbish	-0.0016961192
632	sujana	-0.0016962809
632	liu	-0.0016971207
632	ahmad	-0.0016972674
632	60kg	-0.0016975433
632	chelyabinsk	-0.0016975623
632	beef	-0.0016976165
632	swedish	-0.001697724
632	hintikka	-0.0016983057
632	853	-0.0016986117
632	planet	-0.0016987754
632	shallow	-0.0016991317
632	henriqu	-0.0016993363
632	581m	-0.0016999791
632	internaton	-0.0017003743
632	111	-0.0017007955
632	baack	-0.0017010473
632	graph	-0.0017011134
632	mexican	-0.0017021406
632	del	-0.0017022367
632	wen	-0.0017023886
632	zeng	-0.0017033173
632	thura	-0.0017036505
632	mikhail	-0.001703807
632	wartim	-0.0017056084
632	extraordinarili	-0.0017056298
632	shut	-0.0017068037
632	privatis	-0.0017068166
632	matter	-0.0017074988
632	indispens	-0.0017079875
632	butt	-0.0017088953
632	commenc	-0.0017089149
632	ramli	-0.0017116497
632	anaem	-0.0017129026
632	456	-0.0017129177
632	possibil	-0.0017129453
632	linggiu	-0.0017130575
632	weu	-0.0017132977
632	941	-0.0017139832
632	snc	-0.0017140652
632	600m	-0.0017148735
632	donor	-0.0017150978
632	shwewar	-0.0017156666
632	reorganis	-0.0017161774
632	255	-0.0017163096
632	cjobtad5ft	-0.0017166112
632	opencast	-0.0017170525
632	harnick	-0.0017178549
632	ericsson	-0.0017182084
632	dencnagxft	-0.0017183542
632	banknot	-0.0017201627
632	ripe	-0.0017201812
632	wi	-0.0017213224
632	412	-0.0017218376
632	873	-0.0017221837
632	mazda	-0.0017222804
632	unprepar	-0.0017226731
632	889	-0.0017227255
632	airbu	-0.001722861
632	government	-0.0017232244
632	serb	-0.0017234522
632	545m	-0.0017238343
632	inoco	-0.0017245281
632	secondli	-0.0017246075
632	warship	-0.0017250159
632	zakaria	-0.0017251591
632	issuanc	-0.001725433
632	rodda	-0.0017256269
632	impati	-0.0017262608
632	offset	-0.0017266579
632	joop	-0.0017266801
632	vivian	-0.0017278
632	ravag	-0.0017278009
632	klima	-0.0017278235
632	dazzl	-0.0017279162
632	reliabl	-0.0017279957
632	heng	-0.001728835
632	peston	-0.0017294089
632	outlai	-0.0017299431
632	serra	-0.0017302862
632	propon	-0.0017308467
632	tajikistan	-0.0017313253
632	readjust	-0.0017313936
632	wc1x	-0.0017319797
632	balram	-0.001732352
632	societ	-0.0017327245
632	boschfontein	-0.0017329678
632	fellow	-0.001733321
632	ly	-0.0017333266
632	rob	-0.0017337713
632	nomura	-0.0017348275
632	hi	-0.0017348637
632	heavyweight	-0.0017348677
632	mong	-0.0017368284
632	anarchi	-0.001737363
632	samim	-0.001737494
632	tanzania	-0.0017377314
632	207m	-0.0017377805
632	fibr	-0.0017381576
632	robustli	-0.0017391241
632	cabin	-0.001739325
632	semifinish	-0.0017395822
632	dissatisfact	-0.0017398508
632	dhmbnafhft	-0.0017402207
632	bogusu	-0.0017412419
632	teberebi	-0.0017412419
632	phothiwihok	-0.0017413622
632	calm	-0.0017422003
632	skoda	-0.0017422988
632	alphabet	-0.0017439479
632	504m	-0.0017444151
632	craggi	-0.0017447632
632	akashi	-0.0017456663
632	shout	-0.0017470357
632	unwelcom	-0.0017480627
632	version	-0.0017481426
632	aluminum	-0.001748899
632	381	-0.0017504873
632	727	-0.001750881
632	rover	-0.0017519916
632	heinz	-0.0017521429
632	necess	-0.0017524374
632	likewis	-0.0017525975
632	842	-0.0017526752
632	provid	-0.0017534762
632	sillerico	-0.0017535181
632	ec1m	-0.0017535484
632	234m	-0.0017536992
632	156	-0.0017540955
632	648	-0.0017543697
632	superalloi	-0.0017545458
632	repai	-0.001754982
632	abolish	-0.0017560956
632	289	-0.0017571832
632	ekieiahaft	-0.0017572866
632	sweep	-0.001757779
632	duchi	-0.0017582071
632	dismal	-0.0017584912
632	cream	-0.0017596043
632	bc	-0.0017597547
632	cluff	-0.0017599097
632	gorg	-0.0017603965
632	neutral	-0.001760766
632	201	-0.001761416
632	collector	-0.0017618276
632	y50	-0.0017623703
632	shutdown	-0.0017624589
632	usher	-0.0017627906
632	p0133	-0.0017628706
632	salesdr	-0.0017635119
632	began	-0.0017638435
632	ghali	-0.0017640048
632	537	-0.0017640155
632	gate	-0.0017642891
632	lieut	-0.0017652868
632	sam	-0.0017659189
632	departur	-0.001766008
632	elli	-0.0017668902
632	modif	-0.0017677641
632	avenu	-0.0017682561
632	inquiri	-0.0017687051
632	lat	-0.0017689582
632	afloat	-0.0017691179
632	indent	-0.0017698965
632	moti	-0.001770416
632	pajao	-0.0017706713
632	windi	-0.0017709027
632	taylor	-0.0017711129
632	ford	-0.001772867
632	bancair	-0.0017734492
632	mir	-0.0017736675
632	unstabl	-0.0017745908
632	throw	-0.0017747282
632	tangibl	-0.0017768577
632	youngest	-0.0017775381
632	frankli	-0.0017781837
632	bahia	-0.0017783045
632	tenur	-0.0017798344
632	danudirto	-0.0017800999
632	bosnian	-0.0017804769
632	embarrass	-0.00178082
632	bonanza	-0.0017813344
632	fronta	-0.001781623
632	cathai	-0.001782795
632	unnecessari	-0.0017833981
632	666m	-0.0017834103
632	fang	-0.001783933
632	601	-0.0017847618
632	tie	-0.0017863219
632	donat	-0.0017863595
632	appledor	-0.0017866852
632	contractor	-0.0017870797
632	historian	-0.0017887909
632	divest	-0.0017896494
632	1930	-0.0017909871
632	ivorian	-0.0017919444
632	complaint	-0.0017925838
632	grenad	-0.0017927596
632	mta	-0.0017932026
632	trinidad	-0.0017939017
632	kia	-0.001794168
632	sule	-0.00179518
632	hinchberg	-0.0017956101
632	dartbrook	-0.0017959416
632	222	-0.0017961328
632	bandung	-0.00179645
632	eras	-0.0017971435
632	wound	-0.0017972187
632	gengold	-0.0017974969
632	sx	-0.0017975953
632	179	-0.0017978637
632	ugandan	-0.0017986317
632	dbqc0aepft	-0.001799295
632	tragedi	-0.0018003267
632	957	-0.0018003853
632	succe	-0.0018013812
632	succeed	-0.0018016353
632	barn	-0.0018022174
632	inject	-0.0018025936
632	lirang	-0.0018034654
632	cwmgwili	-0.0018051632
632	honshu	-0.0018059433
632	gutierrez	-0.0018064122
632	merg	-0.0018065217
632	shave	-0.0018067639
632	postwar	-0.0018072962
632	benguet	-0.0018078818
632	hsbc	-0.0018092156
632	cjtb8aaaft	-0.001809246
632	unif	-0.0018093443
632	correspondingli	-0.0018096078
632	preparatori	-0.0018098027
632	notion	-0.0018098174
632	beet	-0.0018098736
632	bale	-0.0018100297
632	forth	-0.0018104293
632	raid	-0.0018106569
632	academ	-0.0018113053
632	gra	-0.0018124995
632	individu	-0.0018130826
632	tatshenshini	-0.001813265
632	678	-0.0018139909
632	namara	-0.0018149591
632	caracol	-0.0018149727
632	dne	-0.0018149796
632	nil	-0.0018155746
632	arimco	-0.0018166105
632	dczbzaa7ft	-0.0018166105
632	fought	-0.0018184432
632	nonpay	-0.001818518
632	toshiba	-0.001818976
632	throughput	-0.0018190378
632	unidentifi	-0.001819423
632	000bn	-0.001819505
632	otomobil	-0.0018199023
632	southwestern	-0.0018208291
632	pakistani	-0.0018208976
632	amc	-0.0018209161
632	phd	-0.0018216594
632	445	-0.0018220466
632	perth	-0.0018226284
632	feedmil	-0.0018229143
632	304	-0.0018230681
632	newest	-0.0018236628
632	fy92	-0.0018237589
632	toilet	-0.0018239113
632	bach	-0.001824335
632	bre	-0.0018244437
632	durham	-0.0018251885
632	mingk	-0.0018257326
632	020	-0.0018263933
632	516	-0.0018266108
632	735	-0.0018266923
632	corn	-0.0018281344
632	inelast	-0.0018284081
632	newcrest	-0.0018291497
632	leak	-0.0018298046
632	mozambiqu	-0.0018305711
632	foothold	-0.0018306503
632	es4	-0.0018313903
632	uphil	-0.0018317618
632	eu	-0.0018324658
632	moro	-0.0018334292
632	perusahaan	-0.0018340339
632	terra	-0.001834211
632	nonresidenti	-0.0018343314
632	karenni	-0.0018344363
632	sihanouk	-0.0018366502
632	effdaabfft	-0.0018369872
632	vooruzheni	-0.0018369872
632	coincid	-0.0018374327
632	xiamen	-0.0018377225
632	york	-0.0018378025
632	hkz	-0.0018380021
632	phillimor	-0.0018386481
632	108	-0.0018388482
632	bicycl	-0.0018394287
632	ghana	-0.0018396385
632	briton	-0.0018401949
632	neighborli	-0.0018406905
632	climat	-0.0018431585
632	blunt	-0.0018442165
632	cn250	-0.0018448527
632	fled	-0.0018453024
632	intrastat	-0.0018458159
632	fascin	-0.0018485046
632	merdeka	-0.001848659
632	21m	-0.0018488375
632	isn	-0.0018495643
632	nea	-0.0018500917
632	amnuai	-0.0018501992
632	earnest	-0.0018512445
632	couldn	-0.0018512856
632	adventur	-0.00185147
632	nobuhiro	-0.0018520223
632	ruffl	-0.0018521445
632	litter	-0.0018522023
632	unsound	-0.0018526366
632	presidenti	-0.0018534092
632	cleanli	-0.0018536301
632	wa	-0.0018540783
632	shrank	-0.0018551226
632	152m	-0.001855152
632	785	-0.0018553023
632	dorset	-0.0018556301
632	mainband	-0.0018561115
632	damccaamft	-0.0018561115
632	ceivership	-0.0018561115
632	vesm	-0.0018563243
632	endors	-0.0018564411
632	401	-0.0018579507
632	239	-0.0018582398
632	simpson	-0.0018586424
632	boz	-0.0018602429
632	keenli	-0.0018615929
632	357	-0.0018617826
632	duke	-0.0018618136
632	parent	-0.0018622183
632	toast	-0.0018622243
632	692	-0.001863158
632	1999	-0.0018635141
632	friction	-0.0018637019
632	luxembourg	-0.001864942
632	haven	-0.001865425
632	disappoint	-0.0018657406
632	pariah	-0.0018659072
632	disintegr	-0.0018661873
632	jeep	-0.0018662646
632	landmark	-0.0018662958
632	slovakia	-0.0018665661
632	pristin	-0.0018669054
632	gibben	-0.0018673236
632	landslid	-0.0018680934
632	okinawa	-0.0018683563
632	nai	-0.0018688035
632	warren	-0.0018700717
632	tsai	-0.0018705523
632	privileg	-0.001870792
632	094	-0.0018709967
632	spoke	-0.0018711155
632	grim	-0.0018711302
632	pyongyang	-0.0018719459
632	casaaaezft	-0.001872218
632	3602	-0.0018723907
632	sporad	-0.0018735095
632	rotterdam	-0.0018737288
632	cheer	-0.0018748473
632	pokphand	-0.0018757321
632	horticultur	-0.0018766683
632	vnz	-0.0018778135
632	blur	-0.0018787689
632	neck	-0.0018792121
632	mpt	-0.0018792517
632	backdrop	-0.0018802063
632	loud	-0.0018809813
632	97	-0.0018810614
632	nevada	-0.0018814337
632	unaccept	-0.0018817642
632	lengthen	-0.0018835254
632	deub0aheft	-0.0018842998
632	austria	-0.0018845791
632	geologiqu	-0.0018879039
632	dfwcjaf1ft	-0.0018888135
632	kyrgyzstan	-0.0018890618
632	geoscienc	-0.001889214
632	dereserv	-0.0018903308
632	crackdown	-0.0018905353
632	228	-0.0018910349
632	foreseen	-0.0018922923
632	dahcdae0ft	-0.0018937016
632	133	-0.0018939498
632	dti	-0.001893986
632	almeida	-0.001894014
632	budel	-0.0018942495
632	tdf	-0.0018942495
632	mlada	-0.0018943627
632	180m	-0.0018950334
632	inco	-0.0018951432
632	dc1agab9ft	-0.001896071
632	secretari	-0.0018963893
632	dcqccab0ft	-0.0018984863
632	308	-0.0018990238
632	bathurst	-0.0019001373
632	106	-0.0019014833
632	stuffi	-0.0019016227
632	guoji	-0.0019021927
632	prajogo	-0.0019039387
632	edit	-0.0019052104
632	587	-0.0019058032
632	675	-0.0019058351
632	everard	-0.0019059095
632	es10bn	-0.0019059365
632	jeopardi	-0.0019064175
632	quebrada	-0.0019066692
632	women	-0.0019067464
632	gansu	-0.0019067749
632	equat	-0.0019071948
632	guess	-0.0019075673
632	super	-0.0019077377
632	goat	-0.0019078036
632	secessionist	-0.0019087553
632	peril	-0.0019101953
632	heseltin	-0.0019103291
632	lesson	-0.0019112483
632	adob	-0.0019112531
632	overlap	-0.0019115789
632	ree	-0.0019116254
632	oxidan	-0.0019121079
632	thiobacillu	-0.0019121079
632	urjel	-0.0019122132
632	ddtcvafzft	-0.0019122132
632	003	-0.0019126084
632	sw9	-0.0019132036
632	clandestin	-0.0019138933
632	divert	-0.0019151369
632	borba	-0.001915546
632	35bn	-0.0019160907
632	ginster	-0.0019169677
632	0ad	-0.0019172909
632	rais	-0.0019173563
632	640	-0.0019176638
632	1972	-0.0019182754
632	warm	-0.0019199562
632	certif	-0.0019200792
632	y20	-0.0019211943
632	terrorist	-0.0019222703
632	guin	-0.0019224605
632	gentlemen	-0.0019239066
632	julian	-0.0019241023
632	graviti	-0.001924373
632	y70	-0.0019266163
632	admiss	-0.0019272428
632	aguilar	-0.0019287633
632	yashushi	-0.0019291409
632	proxim	-0.0019300643
632	cbla2af1ft	-0.0019302868
632	zero	-0.0019311795
632	horrend	-0.0019326101
632	mandala	-0.0019342826
632	chernobyl	-0.0019348158
632	tractor	-0.0019359904
632	telegraph	-0.0019361912
632	luiz	-0.0019364943
632	363	-0.0019372072
632	indo	-0.00193728
632	angola	-0.0019374379
632	mimosa	-0.0019381724
632	scotia	-0.0019385006
632	hungari	-0.00193948
632	apiec	-0.0019401007
632	exploratori	-0.0019409768
632	electrowin	-0.0019417312
632	nich	-0.0019433103
632	archipelago	-0.0019434518
632	speci	-0.0019436235
632	elimin	-0.0019445616
632	dram	-0.0019446086
632	myitkyina	-0.0019447848
632	irish	-0.0019450294
632	amazonian	-0.0019456751
632	868	-0.0019458373
632	chop	-0.0019459869
632	pirat	-0.0019464776
632	paguna	-0.0019466159
632	ehqe6afoft	-0.0019466159
632	082	-0.0019466265
632	orang	-0.0019466986
632	highhanded	-0.0019471277
632	019	-0.0019473007
632	savour	-0.001947553
632	silli	-0.0019476737
632	energet	-0.0019477671
632	hardwar	-0.001948656
632	gome	-0.001948784
632	sir	-0.001948784
632	tongxun	-0.0019506409
632	487m	-0.0019521342
632	preliminari	-0.0019522123
632	turkish	-0.0019529521
632	rachmat	-0.00195545
632	porto	-0.0019562314
632	caucasu	-0.0019563949
632	p1542	-0.0019566375
632	knebel	-0.0019575846
632	poll	-0.0019580314
632	es8	-0.0019596072
632	es3bn	-0.0019596072
632	uniden	-0.0019600522
632	middai	-0.0019614948
632	203	-0.0019620287
632	endur	-0.0019623486
632	548	-0.0019627395
632	roberto	-0.0019628732
632	coin	-0.0019634175
632	gedd	-0.001963521
632	vladivostok	-0.0019635418
632	siberian	-0.0019641542
632	buddhist	-0.0019654308
632	impala	-0.0019657877
632	rustenburg	-0.0019664075
632	courtroom	-0.001966696
632	read	-0.0019669575
632	653	-0.0019669642
632	fifth	-0.0019670567
632	986	-0.0019672248
632	welcom	-0.0019679253
632	hot	-0.001969025
632	tribut	-0.0019696367
632	minaquartzo	-0.0019706562
632	plagu	-0.0019708027
632	loos	-0.0019719237
632	nova	-0.00197229
632	cheroke	-0.0019724509
632	drill	-0.0019724565
632	plc	-0.0019727603
632	gooseneck	-0.001973337
632	busiest	-0.001973656
632	spawn	-0.0019742458
632	assur	-0.0019743447
632	530	-0.0019746767
632	hammer	-0.0019748667
632	franchis	-0.0019775163
632	aeromagnet	-0.0019777128
632	rent	-0.0019790567
632	subsist	-0.00197925
632	relinquish	-0.001979595
632	interpret	-0.0019804602
632	chkboabvft	-0.0019813126
632	sluisveld	-0.0019817294
632	bermuda	-0.0019840568
632	il	-0.0019843224
632	favourit	-0.0019851704
632	inla	-0.001986689
632	siphandon	-0.0019868733
632	ranariddh	-0.00198765
632	manifest	-0.0019894438
632	yorkshir	-0.0019919993
632	hzl	-0.001992095
632	trafalgar	-0.0019926024
632	dragon	-0.0019927379
632	khamtai	-0.0019937789
632	cheung	-0.0019946198
632	german	-0.0019950569
632	barrau	-0.0019957817
632	self	-0.0019959677
632	sundai	-0.0019963623
632	sovereign	-0.0019970578
632	mother	-0.0019971891
632	131	-0.0019976834
632	wooden	-0.0019991773
632	fisheri	-0.0020002576
632	585	-0.0020017955
632	amax	-0.0020019312
632	jiulong	-0.002002735
632	745	-0.0020030406
632	jordan	-0.0020034441
632	hainei	-0.0020040397
632	cavoven	-0.0020040486
632	christma	-0.0020044423
632	1965	-0.0020052867
632	chronic	-0.0020054486
632	veteran	-0.0020058108
632	beihai	-0.0020083606
632	rahal	-0.002008708
632	upper	-0.0020096141
632	bse	-0.002009763
632	xiaop	-0.0020119702
632	mustapa	-0.002012069
632	dictatorship	-0.0020122172
632	ec3m	-0.0020125206
632	interf	-0.0020130994
632	hutomo	-0.0020146207
632	tuberculosi	-0.002015311
632	335m	-0.0020155832
632	ridden	-0.002015643
632	ba1	-0.0020161765
632	cbza5agyft	-0.002017674
632	5sa	-0.0020185194
632	suspens	-0.0020206394
632	punch	-0.002021435
632	zaw	-0.0020216808
632	allegedli	-0.0020221015
632	habit	-0.002022541
632	squad	-0.0020239847
632	overview	-0.002025427
632	satur	-0.0020260243
632	faction	-0.0020283938
632	700m	-0.002028586
632	arbitrari	-0.0020292017
632	y30	-0.0020304474
632	treca	-0.0020310374
632	ccuajabnft	-0.0020310374
632	father	-0.0020312422
632	lock	-0.0020313198
632	thompson	-0.0020315987
632	kw	-0.0020330923
632	fuzhou	-0.0020335063
632	distrust	-0.002033856
632	heritag	-0.002035131
632	es7	-0.0020368993
632	persecut	-0.0020369443
632	2014	-0.002038126
632	spook	-0.0020382293
632	amiti	-0.0020390593
632	21bn	-0.0020397278
632	masket	-0.0020397627
632	rico	-0.0020398018
632	recipi	-0.0020401157
632	entrench	-0.0020458507
632	turbul	-0.002046118
632	megatech	-0.0020468142
632	widdup	-0.002047227
632	abib	-0.0020477332
632	madeira	-0.0020478535
632	gulf	-0.0020481783
632	1952	-0.0020488226
632	ebydjag2ft	-0.0020503718
632	sierra	-0.0020504256
632	charoen	-0.0020504321
632	852	-0.0020507283
632	diet	-0.0020508107
632	richer	-0.0020511732
632	lord	-0.0020513132
632	uninhabit	-0.0020515788
632	advertis	-0.0020519963
632	perez	-0.0020528901
632	nicol	-0.0020530112
632	07	-0.0020539667
632	299m	-0.0020553982
632	cutback	-0.00205547
632	hartarto	-0.0020571009
632	reactor	-0.0020572436
632	threshold	-0.0020577887
632	dalian	-0.0020590734
632	906	-0.0020591132
632	packet	-0.002059174
632	nikkan	-0.002059858
632	sociedad	-0.0020603202
632	shove	-0.0020605323
632	kinabalu	-0.0020614883
632	shaari	-0.0020617275
632	babi	-0.0020617808
632	mayor	-0.0020626427
632	contest	-0.0020627766
632	socioeconom	-0.002063155
632	ctk	-0.0020633256
632	trigger	-0.002064134
632	dreas019	-0.0020652136
632	dock	-0.0020654881
632	itri	-0.0020664663
632	mogaung	-0.002067304
632	shoe	-0.0020675953
632	academi	-0.0020676495
632	bahrom	-0.002068797
632	forgiven	-0.0020694612
632	700bn	-0.0020696712
632	stamp	-0.00207013
632	charter	-0.002070647
632	alien	-0.0020718556
632	es5bn	-0.002072529
632	garlic	-0.0020726519
632	hefti	-0.0020726628
632	envis	-0.0020734586
632	minor	-0.0020739334
632	conceiv	-0.0020754791
632	weather	-0.0020765595
632	092	-0.0020778894
632	chtaoacmft	-0.002078048
632	urqidi	-0.0020789346
632	clkb5agcft	-0.0020789346
632	themselv	-0.0020789346
632	aceh	-0.0020798554
632	brutal	-0.0020805798
632	am	-0.002080734
632	al	-0.0020815716
632	iwai	-0.002082093
632	960	-0.0020830773
632	uncertain	-0.002083094
632	pangestu	-0.002086057
632	ran	-0.0020864035
632	belgium	-0.0020870892
632	advisori	-0.002088975
632	monopolist	-0.0020892199
632	ekieiahfft	-0.0020892448
632	fpda	-0.0020914322
632	synchronis	-0.0020919647
632	furnac	-0.0020934485
632	urgent	-0.0020939822
632	record	-0.0020952225
632	kick	-0.0020956416
632	eindhaf5ft	-0.0020962702
632	guidelin	-0.0020971922
632	protocol	-0.0020998179
632	dhsceaeyft	-0.0021026195
632	drew	-0.002102685
632	slovak	-0.0021031764
632	nissho	-0.0021034435
632	exception	-0.0021041767
632	mccurri	-0.0021071376
632	015	-0.00210753
632	102	-0.0021092328
632	barlei	-0.0021098142
632	nowadai	-0.002110571
632	nzz	-0.0021107104
632	auspici	-0.0021108023
632	weekli	-0.0021110177
632	liaon	-0.0021133278
632	lloyd	-0.0021157295
632	277	-0.0021161756
632	338	-0.0021162315
632	800	-0.0021163246
632	role	-0.002116358
632	cambourn	-0.002117146
632	232	-0.0021175991
632	demis	-0.0021187582
632	tiofin	-0.0021206408
632	catastroph	-0.002120656
632	ckaabae1ft	-0.0021225468
632	mealei	-0.0021227738
632	throe	-0.0021240434
632	british	-0.0021241507
632	367	-0.002124611
632	laps	-0.0021248562
632	tarnish	-0.002124962
632	guizhou	-0.002126284
632	irkutsk	-0.0021264101
632	brandei	-0.0021270479
632	mycom	-0.0021305976
632	tini	-0.0021315557
632	managebl	-0.002133603
632	336	-0.0021341692
632	ibm	-0.0021346777
632	ancieta	-0.002135053
632	white	-0.0021350572
632	boe	-0.0021353133
632	337	-0.0021363385
632	940	-0.0021364926
632	disadvantag	-0.0021371015
632	sooner	-0.0021379245
632	340	-0.002139046
632	greatli	-0.0021392058
632	clipston	-0.002140261
632	abus	-0.0021403518
632	rage	-0.0021412484
632	somprasong	-0.0021420023
632	mindanao	-0.0021458003
632	senat	-0.0021478322
632	ghost	-0.002148284
632	quezon	-0.0021484871
632	900	-0.0021490043
632	properli	-0.0021498045
632	prive	-0.002149982
632	thoma	-0.0021502231
632	outdistanc	-0.002150801
632	grip	-0.0021518157
632	alli	-0.0021519158
632	rukmana	-0.0021547598
632	747m	-0.0021548208
632	eawaraa1ft	-0.002155031
632	beij	-0.0021550674
632	suu	-0.0021585552
632	y583	-0.0021599324
632	ca2a2adaft	-0.0021601212
632	320	-0.0021605957
632	tyre	-0.0021609487
632	htun	-0.0021610325
632	3qh	-0.0021610383
632	incap	-0.0021631815
632	ci2b1af0ft	-0.0021635932
632	fortaleza	-0.0021647944
632	528	-0.002165346
632	krung	-0.0021664803
632	htoo	-0.0021677127
632	aber	-0.0021678233
632	deliber	-0.0021697502
632	inclin	-0.0021708545
632	overwhelm	-0.0021710002
632	77	-0.0021721625
632	prefer	-0.0021727646
632	hanguk	-0.0021736305
632	af	-0.0021745018
632	patienc	-0.0021748084
632	p5012	-0.0021750862
632	accur	-0.0021760475
632	hostil	-0.002176637
632	es28bn	-0.0021768925
632	es200m	-0.0021768925
632	dlacfaisft	-0.0021769172
632	bernard	-0.0021783782
632	repli	-0.002179099
632	dreas095	-0.0021801149
632	complement	-0.0021802697
632	redress	-0.002180423
632	780	-0.0021815135
632	neve	-0.0021820085
632	veint	-0.0021822292
632	lamtoro	-0.0021823847
632	p3331	-0.002182389
632	sq	-0.0021839486
632	stricken	-0.0021856327
632	toronto	-0.002187215
632	quater	-0.0021879424
632	lin	-0.002190383
632	mistak	-0.0021910842
632	prolifer	-0.0021916225
632	gallon	-0.002192282
632	imf	-0.0021932356
632	resili	-0.0021932872
632	mali	-0.0021937229
632	302	-0.002194726
632	y3	-0.0021969455
632	wheel	-0.0021973778
632	libya	-0.0021984093
632	butru	-0.002198443
632	straight	-0.0021993814
632	shot	-0.0022037437
632	093	-0.0022037893
632	matoso	-0.0022047942
632	deserv	-0.0022066776
632	thant	-0.0022077607
632	ruler	-0.0022100485
632	pty	-0.002212543
632	courtesi	-0.002212561
632	laotian	-0.002214156
632	restor	-0.0022151896
632	060	-0.002216261
632	rank	-0.0022163545
632	bittencourt	-0.0022177978
632	havana	-0.002219077
632	maciel	-0.0022200362
632	ecc	-0.0022240395
632	subic	-0.0022241296
632	squar	-0.0022246614
632	outweigh	-0.0022252325
632	emilia	-0.0022257303
632	reckon	-0.0022262079
632	dedic	-0.0022267427
632	sr	-0.0022280351
632	supplier	-0.002228323
632	expenditur	-0.002229123
632	unusu	-0.0022293702
632	laz	-0.0022295467
632	vest	-0.0022298903
632	harm	-0.0022304754
632	contemporari	-0.0022309276
632	afghanistan	-0.0022324189
632	068m	-0.0022350491
632	cotton	-0.0022354997
632	701	-0.0022356405
632	davi	-0.002235953
632	copi	-0.002236206
632	rescu	-0.002236708
632	moulmein	-0.002236748
632	lawyer	-0.0022384233
632	regardless	-0.0022384785
632	316	-0.00223852
632	traffick	-0.0022399237
632	035	-0.0022407766
632	strip	-0.002241236
632	362	-0.0022414927
632	sofia	-0.002241717
632	4by	-0.0022419158
632	matthew	-0.0022423102
632	ehac8abaft	-0.0022430306
632	navig	-0.0022438318
632	scratch	-0.0022449822
632	crimin	-0.002246759
632	anc	-0.002247261
632	meat	-0.0022493424
632	symbol	-0.00225115
632	eh3eiadoft	-0.0022531499
632	gloomi	-0.002253945
632	fuji	-0.0022542854
632	313	-0.0022555196
632	pharmaceut	-0.0022560158
632	195m	-0.0022573047
632	adapt	-0.0022593467
632	threw	-0.0022613646
632	ni	-0.0022622896
632	surviv	-0.0022624417
632	stoppag	-0.002262632
632	hudbai	-0.0022639227
632	314	-0.002264965
632	ccdac	-0.0022663528
632	georg	-0.0022664028
632	un	-0.0022664878
632	sleep	-0.002266694
632	octob	-0.0022670324
632	lipez	-0.0022675034
632	ea1chagfft	-0.0022675912
632	es33	-0.0022675912
632	ej4duaemft	-0.0022692848
632	ci1b0acaft	-0.0022713293
632	fundamentalist	-0.0022716336
632	cfja2afkft	-0.0022731498
632	najib	-0.0022737207
632	fusion	-0.002275721
632	alusaf	-0.0022772455
632	leas	-0.0022785268
632	chao	-0.0022787394
632	dormant	-0.0022799906
632	538	-0.0022799934
632	italian	-0.002280157
632	famili	-0.0022809664
632	lion	-0.0022818663
632	peng	-0.0022824386
632	peko	-0.0022827124
632	singlet	-0.0022842474
632	bhutan	-0.0022848847
632	cf0afablft	-0.0022852123
632	pudong	-0.0022855576
632	125m	-0.002286276
632	prematur	-0.0022874386
632	seizur	-0.0022878258
632	dual	-0.0022879008
632	kedai	-0.0022899066
632	kopi	-0.0022899066
632	violenc	-0.002290067
632	gyz	-0.00229152
632	rebuild	-0.002296347
632	french	-0.0022969581
632	poopo	-0.0022989095
632	zhuang	-0.0022994503
632	sheep	-0.00230138
632	die	-0.0023014732
632	hardijanti	-0.0023018876
632	pork	-0.0023029402
632	segodnya	-0.0023030546
632	trip	-0.00230365
632	eat	-0.0023049873
632	video	-0.0023064618
632	1jt	-0.0023069857
632	917	-0.0023070015
632	motorcycl	-0.0023078888
632	jourdan	-0.0023082152
632	dirceu	-0.002309666
632	quang	-0.0023110323
632	tran	-0.0023113363
632	almont	-0.002311849
632	honda	-0.0023127615
632	doctor	-0.0023145007
632	ehgauab3ft	-0.0023164067
632	298	-0.0023169687
632	counteract	-0.0023169846
632	chose	-0.002318869
632	toi	-0.0023198593
632	dreas094	-0.002321286
632	898	-0.0023215679
632	freed	-0.0023220626
632	rand	-0.0023227432
632	brochur	-0.0023233218
632	myth	-0.0023236747
632	bumper	-0.002324783
632	caff	-0.0023260056
632	poppi	-0.002329444
632	gonzalo	-0.002330114
632	fledgl	-0.0023322292
632	chit	-0.0023351938
632	dreas074	-0.0023367112
632	rubl	-0.002338612
632	confus	-0.0023398614
632	auster	-0.002341044
632	bin	-0.002341178
632	rosario	-0.0023414479
632	seemingli	-0.0023419836
632	taker	-0.0023421554
632	constrain	-0.0023424954
632	djqaaackft	-0.0023433743
632	belledun	-0.0023433743
632	patrick	-0.0023447874
632	phrase	-0.002345266
632	argument	-0.0023457718
632	ek3ekaivft	-0.0023463445
632	austel	-0.0023464886
632	ealddag7ft	-0.0023470677
632	63m	-0.002347245
632	slight	-0.002347391
632	822	-0.0023477592
632	kinh	-0.0023495955
632	04bn	-0.002349755
632	flock	-0.002349832
632	ehgauaaaft	-0.0023502975
632	beeaaab1ft	-0.0023527122
632	repay	-0.0023540023
632	focal	-0.002354063
632	qct	-0.002354442
632	eazdaagdft	-0.0023544421
632	nasti	-0.0023549134
632	comfort	-0.0023572175
632	luzon	-0.0023584976
632	brisban	-0.0023590124
632	14th	-0.0023606322
632	commission	-0.0023613074
632	ch0bvaeqft	-0.002363191
632	milk	-0.0023634657
632	tr15	-0.0023644303
632	ef3d2aggft	-0.0023644303
632	emphasi	-0.0023657542
632	jet	-0.0023665335
632	160m	-0.0023673135
632	surinam	-0.0023676322
632	ladi	-0.002367711
632	450	-0.002367966
632	2004	-0.0023683521
632	aggreg	-0.0023686648
632	transnat	-0.0023692502
632	jewelleri	-0.0023701878
632	zimasco	-0.002371602
632	superpow	-0.0023724698
632	databook	-0.0023728097
632	275m	-0.0023762183
632	di2crafvft	-0.0023762542
632	bombai	-0.002376685
632	viktor	-0.0023772165
632	poverti	-0.0023780481
632	flee	-0.002378245
632	deng	-0.0023790179
632	farmer	-0.0023809378
632	613	-0.0023809995
632	0ja	-0.0023814535
632	radic	-0.0023837953
632	damag	-0.002383883
632	mase	-0.002383886
632	cewahaboft	-0.00238481
632	recip	-0.0023848566
632	react	-0.0023852298
632	se	-0.002385853
632	welleslei	-0.0023860538
632	present	-0.0023864522
632	box	-0.0023874228
632	barker	-0.0023880333
632	unhappi	-0.0023882466
632	authoritarian	-0.002388419
632	cheapest	-0.0023890715
632	laggard	-0.0023902764
632	song	-0.0023908105
632	siglo	-0.0023913318
632	shoulder	-0.0023916615
632	brace	-0.0023925158
632	688	-0.002392717
632	sizeabl	-0.0023933768
632	adriana	-0.0023937179
632	peac	-0.002393825
632	egeeraf0ft	-0.002393867
632	banker	-0.0023939705
632	p1446	-0.0023940539
632	meggen	-0.0023949945
632	anthoni	-0.0023968709
632	tdollar	-0.0023995268
632	bratsk	-0.002400831
632	necessarili	-0.002401225
632	kitchen	-0.0024022455
632	routin	-0.0024030055
632	slash	-0.0024033636
632	finland	-0.002405192
632	extraordinari	-0.002405359
632	kheng	-0.002405628
632	tagaza	-0.0024076193
632	297	-0.002409119
632	na	-0.0024119294
632	subscrib	-0.002412724
632	597	-0.0024130219
632	compromis	-0.0024131404
632	reciproc	-0.0024135844
632	37	-0.0024139995
632	forese	-0.0024142724
632	770	-0.0024155255
632	morocco	-0.002418567
632	nottinghamshir	-0.0024213777
632	nang	-0.0024217386
632	p0722	-0.0024234846
632	polish	-0.002424652
632	126	-0.0024269768
632	ferrochrom	-0.0024273095
632	beat	-0.0024275482
632	subsequ	-0.0024279188
632	tool	-0.0024286872
632	habibi	-0.002429101
632	rear	-0.0024297764
632	584	-0.0024299717
632	guasar	-0.0024300113
632	reef	-0.0024304509
632	endow	-0.0024310818
632	devis	-0.0024314392
632	marijuana	-0.0024362905
632	bt2	-0.002438713
632	finger	-0.0024391646
632	ew	-0.0024402083
632	460	-0.0024415357
632	intervent	-0.002441927
632	goldstar	-0.0024423052
632	moribund	-0.0024440207
632	pechinei	-0.0024440233
632	counterpart	-0.0024440817
632	imcera	-0.0024447355
632	pergau	-0.0024452817
632	arctic	-0.0024454868
632	mothbal	-0.0024456761
632	interdepend	-0.0024468608
632	284	-0.0024487826
632	final	-0.0024499935
632	daniel	-0.002450008
632	190m	-0.002450676
632	burundi	-0.0024508075
632	overdon	-0.002451399
632	lashio	-0.002451435
632	operativista	-0.002451745
632	dorian	-0.0024520913
632	belong	-0.0024528683
632	atlant	-0.0024546855
632	pingxiang	-0.0024550671
632	petranol	-0.0024563284
632	ariffin	-0.0024563326
632	ride	-0.002457011
632	195	-0.0024609785
632	hydrocarbon	-0.0024619258
632	ashanti	-0.0024625838
632	johnson	-0.0024627675
632	leisur	-0.0024634218
632	nepal	-0.0024635424
632	minim	-0.00246409
632	pursu	-0.0024647897
632	aysian	-0.002465455
632	eifd6aaxft	-0.002465455
632	liter	-0.0024669042
632	petrona	-0.002467495
632	kindli	-0.0024678006
632	coalfield	-0.0024681834
632	strict	-0.0024683082
632	246m	-0.0024691517
632	enforc	-0.002470382
632	elgcwagwft	-0.002470413
632	correct	-0.0024715601
632	keatlei	-0.0024724293
632	exclud	-0.0024729269
632	austrian	-0.0024766664
632	businesspeopl	-0.0024772326
632	denomin	-0.0024784307
632	conundrum	-0.0024787597
632	feb	-0.0024797695
632	ehrd3afgft	-0.0024811686
632	ehjd9ae7ft	-0.002481303
632	guyanes	-0.0024815171
632	lobbi	-0.002483647
632	protest	-0.002483952
632	volunt	-0.0024845775
632	peacekeep	-0.002484872
632	philosophi	-0.002484928
632	apprehens	-0.002486173
632	conclud	-0.0024870306
632	wang	-0.0024874269
632	communiqu	-0.002488213
632	photo	-0.0024884103
632	354m	-0.0024891852
632	ear	-0.0024907105
632	heavili	-0.0024912711
632	renam	-0.0024913119
632	pour	-0.0024919845
632	excis	-0.0024928355
632	detail	-0.002494054
632	jiangsu	-0.002494894
632	386	-0.0024954947
632	goe	-0.002495882
632	isa	-0.0024991406
632	stricter	-0.002499353
632	quellaveco	-0.002501737
632	unnam	-0.0025019029
632	kya	-0.0025037585
632	banner	-0.0025060377
632	nld	-0.0025062845
632	hu	-0.0025067332
632	chibougamau	-0.0025086328
632	dbxckaf1ft	-0.002510609
632	frighten	-0.002510799
632	delhi	-0.002510951
632	inaugur	-0.002511454
632	171	-0.0025122482
632	pave	-0.0025149132
632	448	-0.0025164331
632	sdollar	-0.0025170431
632	riau	-0.0025171898
632	clapham	-0.0025203433
632	block	-0.0025209803
632	ro	-0.002521054
632	foodstuff	-0.0025211347
632	mw	-0.0025230127
632	hunter	-0.002525909
632	facilit	-0.0025260895
632	wing	-0.0025261554
632	shipment	-0.0025263466
632	rememb	-0.0025275052
632	proclaim	-0.0025301652
632	heart	-0.0025324726
632	cepd	-0.0025336372
632	chongq	-0.0025346712
632	swiss	-0.0025349362
632	tdd	-0.0025352805
632	ward	-0.0025358282
632	messag	-0.002537517
632	hollow	-0.002537734
632	struck	-0.002538124
632	tag	-0.0025385134
632	tripl	-0.002539718
632	tinto	-0.002540548
632	tread	-0.0025409102
632	stolen	-0.0025410017
632	509	-0.002541367
632	plan	-0.0025415528
632	000m	-0.0025420282
632	salli	-0.002544187
632	fierc	-0.0025464874
632	687	-0.0025471093
632	84	-0.002547232
632	hitherto	-0.0025477028
632	orbol	-0.002548014
632	chair	-0.0025488369
632	coup	-0.0025490758
632	mahn	-0.0025498345
632	095	-0.0025527652
632	disrupt	-0.0025535729
632	conclus	-0.0025548488
632	chuquicamata	-0.0025595482
632	listen	-0.0025604905
632	belgian	-0.002561889
632	suspicion	-0.002562619
632	comrad	-0.002563162
632	tianjin	-0.0025632991
632	caobbac1ft	-0.0025651779
632	kivcet	-0.0025654219
632	accommod	-0.0025671877
632	ramadan	-0.0025675287
632	tarkwa	-0.0025680573
632	grew	-0.0025682878
632	lamborghini	-0.0025685437
632	flourish	-0.0025691832
632	fidel	-0.002569279
632	318	-0.002570937
632	phensedyl	-0.0025710966
632	inabl	-0.0025714485
632	intellectu	-0.0025716526
632	nonetheless	-0.002572706
632	syndic	-0.0025741677
632	gem	-0.0025748953
632	358	-0.0025755058
632	carmak	-0.002576951
632	firmer	-0.0025785356
632	dominican	-0.0025809733
632	688m	-0.0025817945
632	ehldrae8ft	-0.0025823922
632	urquidi	-0.002585838
632	crush	-0.0025866015
632	423	-0.0025873457
632	bori	-0.0025877366
632	hekou	-0.0025901317
632	min	-0.0025905983
632	chevron	-0.0025907818
632	immens	-0.002590928
632	shield	-0.002591546
632	islam	-0.002591789
632	swell	-0.0025920481
632	ajit	-0.002592763
632	de	-0.0025929383
632	correa	-0.0025931674
632	068	-0.0025967327
632	shortlist	-0.0025975148
632	consid	-0.0025976058
632	reorgan	-0.0025993448
632	di1craf6ft	-0.002602577
632	brascan	-0.002602788
632	jacarei	-0.002603223
632	celpav	-0.0026032233
632	ckrcbaeift	-0.0026032233
632	obstacl	-0.0026060669
632	nail	-0.0026069197
632	maker	-0.0026074294
632	speech	-0.0026087381
632	action	-0.00260928
632	osborn	-0.002611092
632	weaponri	-0.002611204
632	smoothli	-0.0026123796
632	lure	-0.0026136485
632	mahon	-0.00261444
632	labor	-0.0026163596
632	occupi	-0.0026215466
632	panguna	-0.0026224868
632	bob	-0.0026238712
632	gatewai	-0.0026267844
632	arous	-0.0026269285
632	offens	-0.0026270754
632	impend	-0.0026271155
632	imper	-0.0026271578
632	cgnbpacuft	-0.002627172
632	hidden	-0.0026274598
632	vivid	-0.0026276794
632	dia	-0.0026281457
632	compani	-0.0026289986
632	slower	-0.0026294498
632	destin	-0.0026302147
632	silk	-0.002630403
632	spare	-0.002630837
632	anim	-0.0026310747
632	bear	-0.002632426
632	fight	-0.0026387405
632	virgin	-0.0026400848
632	vote	-0.0026413442
632	pend	-0.0026414574
632	150m	-0.0026435722
632	370m	-0.0026435973
632	idl	-0.002644267
632	travel	-0.002644319
632	ongo	-0.0026455342
632	satisfi	-0.00264607
632	freeli	-0.0026462143
632	arabica	-0.0026469422
632	sanchez	-0.0026472409
632	655	-0.0026477587
632	suthep	-0.0026493873
632	galact	-0.0026494476
632	alia	-0.0026543962
632	politician	-0.0026545248
632	lack	-0.002654891
632	mutun	-0.0026561006
632	233	-0.0026567483
632	438	-0.002657104
632	au	-0.0026582961
632	corp	-0.002658722
632	bogosu	-0.0026595965
632	revolutionari	-0.0026597022
632	inflow	-0.0026611737
632	qualifi	-0.0026617185
632	geographi	-0.0026621167
632	poland	-0.002663079
632	deterior	-0.002663374
632	singh	-0.002664253
632	369	-0.002666587
632	temporari	-0.0026666024
632	pick	-0.0026671337
632	990	-0.0026672925
632	imposit	-0.0026684396
632	sumatera	-0.0026691998
632	clark	-0.0026692925
632	nissan	-0.002670263
632	amur	-0.0026721258
632	interior	-0.0026727521
632	distributor	-0.0026729566
632	gerald	-0.0026731729
632	decre	-0.0026735377
632	galang	-0.002673811
632	colleg	-0.0026742902
632	indal	-0.0026748555
632	california	-0.0026749333
632	closer	-0.0026764935
632	matthei	-0.0026772076
632	creditor	-0.00267808
632	southernera	-0.0026790702
632	cleaner	-0.0026806146
632	ditch	-0.0026823466
632	dreas062	-0.002682414
632	attitud	-0.002682625
632	cellular	-0.0026835669
632	offenc	-0.0026853452
632	defici	-0.0026856733
632	deller	-0.0026869178
632	ludovico	-0.0026876125
632	ciyb1af1ft	-0.0026896743
632	dewafacuft	-0.0026902896
632	confirm	-0.0026903916
632	113	-0.0026909455
632	truli	-0.0026915134
632	supercomput	-0.0026918084
632	colonel	-0.0026923176
632	devalu	-0.0026940298
632	p9512	-0.002697444
632	cancel	-0.002697973
632	marketplac	-0.0026984212
632	gun	-0.002698963
632	380	-0.002700052
632	gill	-0.0027005884
632	auditor	-0.002703195
632	alcan	-0.0027040096
632	founder	-0.002704483
632	collieri	-0.0027055957
632	dream	-0.002705853
632	040	-0.002706498
632	parcel	-0.0027071815
632	y2	-0.002709321
632	21st	-0.0027093955
632	markedli	-0.002710112
632	ntt	-0.0027104705
632	fardon	-0.0027116896
632	ranger	-0.002712351
632	addict	-0.0027124444
632	prasong	-0.0027125631
632	emin	-0.0027129238
632	annex	-0.0027134495
632	mohnyin	-0.0027139354
632	influx	-0.0027154821
632	hide	-0.0027157692
632	authoris	-0.002716087
632	reiter	-0.0027169609
632	diversif	-0.0027171401
632	deter	-0.0027201038
632	jorg	-0.0027201727
632	yugoslavia	-0.002721457
632	assumpt	-0.0027234422
632	metric	-0.0027240084
632	nivaldo	-0.0027249549
632	sen	-0.0027249935
632	962	-0.002726282
632	badawi	-0.0027278217
632	norwai	-0.0027285614
632	daiwa	-0.0027293535
632	protectionist	-0.0027301612
632	watersh	-0.0027303628
632	indefinit	-0.0027312
632	zwz	-0.002732832
632	facet	-0.002735534
632	mineralis	-0.0027362965
632	usag	-0.002737619
632	124	-0.0027380907
632	familiar	-0.0027394707
632	contradict	-0.0027400474
632	670	-0.0027403545
632	turbin	-0.002741115
632	healthi	-0.0027413548
632	153	-0.002744468
632	clcb9afjft	-0.0027447399
632	comecon	-0.0027451937
632	size	-0.0027458768
632	os	-0.0027465136
632	teck	-0.0027475185
632	chrysler	-0.0027485448
632	pace	-0.0027507753
632	591	-0.002751083
632	dissemin	-0.00275185
632	khabarovsk	-0.002754234
632	jose	-0.002757004
632	underdevelop	-0.0027574645
632	welsh	-0.0027626525
632	wrote	-0.0027630099
632	xinwen	-0.0027670502
632	brunswick	-0.002767542
632	piraci	-0.0027684227
632	corvo	-0.0027694297
632	mineira	-0.0027694297
632	kilowatt	-0.0027708546
632	adamar	-0.002771201
632	abdullah	-0.0027716367
632	pelada	-0.0027720244
632	ecolog	-0.0027729291
632	relianc	-0.0027729862
632	35	-0.0027737133
632	baker	-0.0027790507
632	aris	-0.0027797709
632	usr	-0.0027819003
632	ontario	-0.0027839167
632	vulner	-0.0027867013
632	827	-0.002787089
632	upcom	-0.0027873924
632	zamora	-0.002788147
632	betw	-0.002788511
632	27th	-0.0027931787
632	ehec9aetft	-0.0027944974
632	1872	-0.002796759
632	conven	-0.002797764
632	howard	-0.0027989831
632	grasberg	-0.0027994341
632	frank	-0.002801199
632	goldilock	-0.0028018695
632	ico	-0.002802884
632	coke	-0.002803088
632	lisheen	-0.0028037254
632	woo	-0.0028075124
632	620	-0.002809021
632	80m	-0.0028095352
632	field	-0.0028100675
632	rocket	-0.002811335
632	hospodarsk	-0.0028130016
632	cornishman	-0.002813537
632	fernando	-0.0028142896
632	appreci	-0.0028148298
632	singapor	-0.002815264
632	psycholog	-0.0028175574
632	nusantara	-0.0028179635
632	embark	-0.0028184939
632	class	-0.0028185828
632	older	-0.0028190054
632	renong	-0.0028199838
632	poorest	-0.0028205959
632	diesel	-0.0028212243
632	enemi	-0.0028220047
632	untac	-0.0028224294
632	bush	-0.0028239943
632	798	-0.0028322292
632	chairmen	-0.0028333329
632	tone	-0.002836373
632	societi	-0.0028374717
632	alloc	-0.0028464117
632	nccwc	-0.0028472652
632	dbzckagdft	-0.0028483297
632	claus	-0.0028497854
632	944	-0.002852557
632	bot	-0.0028556199
632	abel	-0.0028558439
632	remitt	-0.0028566197
632	patrol	-0.0028570474
632	alata	-0.002857282
632	nt	-0.0028578585
632	fin	-0.0028580588
632	landown	-0.002858141
632	cater	-0.0028587333
632	premier	-0.0028591002
632	bog	-0.0028630143
632	ask	-0.002864025
632	submarin	-0.0028659012
632	modernis	-0.0028666875
632	mass	-0.0028667282
632	dagon	-0.0028675408
632	cadr	-0.0028675895
632	thrust	-0.0028683548
632	8bn	-0.0028697462
632	afternoon	-0.0028708964
632	cargo	-0.0028711965
632	pulp	-0.0028745711
632	devot	-0.0028763032
632	stamped	-0.0028808266
632	kimberlit	-0.0028812792
632	jardin	-0.0028815498
632	titl	-0.0028834874
632	criticis	-0.00288424
632	y10	-0.0028890325
632	malcolm	-0.002890156
632	depriv	-0.0028907913
632	circl	-0.0028924784
632	904m	-0.0028928951
632	w1a	-0.0028946167
632	ngwe	-0.0028967133
632	nan	-0.0028970095
632	excus	-0.0028979334
632	devon	-0.002901053
632	plane	-0.0029010845
632	hesit	-0.0029014233
632	institut	-0.0029021995
632	processor	-0.002905144
632	dominicana	-0.0029053115
632	asylum	-0.002905363
632	cfzbbad8ft	-0.0029054065
632	117	-0.0029057842
632	chaotic	-0.0029068803
632	656	-0.0029069944
632	dilemma	-0.0029117544
632	gareth	-0.002915251
632	transit	-0.0029153656
632	award	-0.002915987
632	pragu	-0.0029166567
632	violent	-0.0029167398
632	cpc	-0.0029172527
632	bejaxadjft	-0.0029185845
632	aw	-0.0029187547
632	orient	-0.002919712
632	lascel	-0.0029197976
632	eventu	-0.0029213326
632	outbound	-0.002923564
632	anrpc	-0.0029248388
632	clinton	-0.0029256176
632	colleagu	-0.0029260393
632	inadequ	-0.0029270602
632	overhead	-0.002927456
632	editor	-0.0029278842
632	griffith	-0.0029301275
632	pakistan	-0.002932392
632	050	-0.002936014
632	learnt	-0.0029369597
632	iangalio	-0.0029370545
632	kim	-0.0029372396
632	highland	-0.0029386424
632	airwai	-0.0029410936
632	dekcsaf8ft	-0.0029414822
632	root	-0.002943165
632	lihir	-0.0029462457
632	vessel	-0.0029468408
632	hindustan	-0.0029471933
632	cordeiro	-0.0029472753
632	tintaya	-0.0029473167
632	line	-0.00294861
632	hedg	-0.0029519908
632	tipuani	-0.0029524679
632	missil	-0.0029529578
632	stick	-0.0029531615
632	gecamin	-0.0029542162
632	junior	-0.0029563273
632	queen	-0.0029564723
632	sucharit	-0.002958008
632	helicopt	-0.0029600847
632	unconfirm	-0.0029609662
632	sulawesi	-0.0029637215
632	recal	-0.0029663825
632	natmauk	-0.0029667816
632	bdsbdadpft	-0.0029681171
632	413	-0.0029688696
632	orvana	-0.0029698932
632	rakyat	-0.0029728946
632	steepli	-0.00297922
632	40m	-0.0029824486
632	alter	-0.0029844637
632	hydroelectr	-0.0029855545
632	bulldoz	-0.0029880726
632	deem	-0.0029885925
632	let	-0.0029888712
632	dong	-0.0029916721
632	bougainvil	-0.0029924093
632	bioleach	-0.0029928444
632	60m	-0.0029936996
632	float	-0.002995731
632	igarap	-0.0029975872
632	denial	-0.0029982266
632	slow	-0.0029994575
632	remind	-0.003001787
632	visibl	-0.003005274
632	novini	-0.003006864
632	75m	-0.0030075137
632	yangon	-0.003008855
632	borrow	-0.0030100169
632	darch	-0.003010954
632	wife	-0.0030112963
632	scienc	-0.003013489
632	korean	-0.0030196074
632	descend	-0.0030209222
632	kogyo	-0.0030228647
632	fit	-0.0030235148
632	multimedia	-0.0030268878
632	terbang	-0.003032713
632	insuffici	-0.003032975
632	anti	-0.0030331642
632	slim	-0.0030345623
632	ambit	-0.003036045
632	bacil	-0.0030371558
632	310	-0.0030371873
632	salobo	-0.0030392874
632	promdej	-0.0030402022
632	wildcatt	-0.0030418376
632	capitalist	-0.003043341
632	fu	-0.0030443599
632	garimpo	-0.0030448614
632	yu	-0.0030448935
632	anh	-0.0030469191
632	enaf	-0.0030481832
632	thaugsuban	-0.0030497247
632	auction	-0.0030516104
632	jerk	-0.0030516288
632	amend	-0.003055557
632	reap	-0.0030563553
632	john	-0.003059923
632	tai	-0.0030637123
632	watchdog	-0.00306558
632	chen	-0.0030666678
632	324	-0.0030689794
632	constantli	-0.003072675
632	citra	-0.0030738523
632	ertzberg	-0.0030749682
632	interim	-0.0030778034
632	embrac	-0.0030831466
632	corrupt	-0.0030833075
632	prospectu	-0.00308353
632	595	-0.0030845194
632	afta	-0.0030865076
632	underscor	-0.0030877579
632	firstli	-0.0030884861
632	sake	-0.0030889788
632	metai	-0.0030902817
632	dodg	-0.0030912708
632	opposit	-0.0030966783
632	muang	-0.003096764
632	procur	-0.0030970606
632	270m	-0.0030981603
632	49	-0.0030985498
632	homestak	-0.0031003237
632	choos	-0.0031019992
632	provok	-0.0031027868
632	ivernia	-0.0031070241
632	card	-0.0031073473
632	minewat	-0.00310984
632	tumbl	-0.0031133092
632	narow	-0.003114667
632	senior	-0.0031158072
632	shandong	-0.0031185402
632	batam	-0.0031213628
632	ligitan	-0.0031270685
632	hk	-0.0031279835
632	antidrug	-0.0031283952
632	194	-0.003130186
632	0810	-0.0031304348
632	fy93	-0.003130552
632	ekyelagift	-0.0031324858
632	accus	-0.0031328753
632	morro	-0.0031345005
632	wealthiest	-0.0031353715
632	p122	-0.0031356232
632	heap	-0.0031369529
632	ba	-0.0031370793
632	946	-0.0031373668
632	paracatu	-0.0031374453
632	poseidon	-0.0031396842
632	eurasia	-0.0031414642
632	utkal	-0.0031425077
632	rim	-0.0031441571
632	shelv	-0.0031455094
632	6m	-0.0031460947
632	leap	-0.0031462966
632	col	-0.0031470112
632	mai	-0.0031479471
632	appl	-0.0031491204
632	consortia	-0.0031511548
632	cam	-0.0031528007
632	maritim	-0.0031542997
632	maegyong	-0.0031550336
632	inspect	-0.0031562
632	kilemb	-0.0031567265
632	323	-0.003159551
632	jamaica	-0.0031626257
632	revamp	-0.0031629228
632	mainten	-0.0031630136
632	soar	-0.0031633165
632	villalobo	-0.0031660858
632	cigarett	-0.0031665543
632	hang	-0.0031667666
632	restrain	-0.0031668418
632	recess	-0.0031674204
632	remaind	-0.0031681096
632	alexand	-0.003171191
632	assn	-0.0031711983
632	landlock	-0.0031712358
632	cdgbiacrft	-0.0031717236
632	is	-0.003171743
632	505	-0.003171779
632	665	-0.0031745075
632	daughter	-0.0031759231
632	digcfafqft	-0.0031767893
632	remorseless	-0.0031785055
632	51	-0.00317923
632	engag	-0.0031801842
632	1dw	-0.0031804414
632	execut	-0.0031815192
632	votorantim	-0.0031832107
632	topix	-0.0031879107
632	pool	-0.003188481
632	monei	-0.0031906648
632	island	-0.0031916408
632	1978	-0.0031939542
632	harian	-0.0031954907
632	conflict	-0.003201754
632	flag	-0.0032035129
632	300m	-0.0032036197
632	612	-0.003203638
632	dec	-0.0032061266
632	utmost	-0.0032061304
632	barclai	-0.003206726
632	drink	-0.003206929
632	227m	-0.0032085832
632	maj	-0.0032105222
632	altogeth	-0.0032118817
632	golden	-0.003212972
632	stabil	-0.0032147032
632	manpow	-0.003215979
632	276	-0.0032187446
632	date	-0.003218989
632	condemn	-0.0032195514
632	062	-0.0032200557
632	mp	-0.003222242
632	nafta	-0.0032258932
632	radioact	-0.003226154
632	outcom	-0.0032269733
632	imbal	-0.003227139
632	atom	-0.0032271978
632	richest	-0.0032276872
632	45	-0.0032281638
632	heydai	-0.0032283505
632	forbidden	-0.003231135
632	dcqccab1ft	-0.0032314614
632	herald	-0.003235805
632	viveiro	-0.0032366212
632	conform	-0.0032380412
632	fy94	-0.0032412643
632	model	-0.0032431725
632	djhckaf0ft	-0.0032444375
632	distort	-0.0032444568
632	spark	-0.003245278
632	prioriti	-0.0032468757
632	gyaw	-0.0032476494
632	stainforth	-0.0032477009
632	dreas102bb	-0.0032478804
632	papel	-0.003248506
632	later	-0.0032486282
632	1988	-0.0032490557
632	uzbekistan	-0.0032493176
632	prefectur	-0.0032508988
632	hui	-0.0032531025
632	impetu	-0.0032561503
632	bosnia	-0.0032591457
632	seiz	-0.0032630346
632	melbourn	-0.0032644488
632	725	-0.0032654968
632	robaina	-0.0032656337
632	canut	-0.0032666328
632	de1byaggft	-0.0032681641
632	inro	-0.003268844
632	hun	-0.0032706985
632	magazin	-0.0032708277
632	refineri	-0.0032715984
632	bless	-0.0032754033
632	shipbuild	-0.003276053
632	346	-0.0032777167
632	redruth	-0.0032790178
632	wildlif	-0.0032929399
632	rural	-0.003293414
632	paia	-0.0032953115
632	pbec	-0.0032954968
632	envisag	-0.0033000666
632	medic	-0.0033002973
632	undergo	-0.0033022023
632	clarifi	-0.0033051847
632	blast	-0.0033053374
632	dj0cnaf6ft	-0.0033060533
632	realis	-0.0033065076
632	fleet	-0.0033119626
632	advoc	-0.0033154928
632	mig	-0.0033185957
632	incent	-0.0033228884
632	bureaucrat	-0.0033237971
632	bird	-0.0033299034
632	russia	-0.0033344983
632	seam	-0.003337758
632	oblig	-0.0033397616
632	includ	-0.003341267
632	darbi	-0.0033416688
632	favor	-0.0033422788
632	wit	-0.003344527
632	karachi	-0.0033448702
632	beibnac2ft	-0.0033452234
632	midwint	-0.0033460422
632	wire	-0.0033468527
632	sumatra	-0.0033472606
632	similarli	-0.0033526525
632	arab	-0.0033540453
632	fare	-0.003357377
632	cuban	-0.0033581823
632	doubl	-0.003361282
632	bowen	-0.0033639283
632	evan	-0.0033674103
632	peasant	-0.0033678268
632	take	-0.003369464
632	contrast	-0.0033708531
632	0900	-0.0033742422
632	mk	-0.0033756534
632	chilean	-0.0033759843
632	mainstai	-0.0033785037
632	corumbatai	-0.0033811326
632	ebvdkacuft	-0.0033811326
632	34m	-0.0033816851
632	ddvccahcft	-0.003384524
632	198	-0.0033876293
632	duffu	-0.0033883965
632	understood	-0.0033913131
632	collor	-0.0033917492
632	lozada	-0.0033917788
632	slab	-0.003395157
632	260	-0.0033995938
632	resent	-0.0034010457
632	refriger	-0.003404067
632	insult	-0.0034062504
632	spanish	-0.0034062723
632	hungri	-0.003406877
632	saharan	-0.0034094928
632	interview	-0.0034120616
632	inventori	-0.0034176975
632	specul	-0.00341784
632	southeastern	-0.003418188
632	scenario	-0.0034213809
632	christoph	-0.0034221036
632	064	-0.0034253225
632	021	-0.0034256931
632	452	-0.0034263982
632	ammunit	-0.003428215
632	tenth	-0.003432546
632	serious	-0.0034328792
632	465	-0.0034390038
632	feng	-0.0034397966
632	fulfil	-0.0034414611
632	professor	-0.0034422204
632	expens	-0.00344305
632	critic	-0.0034439124
632	scene	-0.0034449734
632	265	-0.0034480977
632	sein	-0.0034494852
632	victoria	-0.003453497
632	human	-0.0034535688
632	defin	-0.0034644809
632	sewag	-0.0034675098
632	1m	-0.003474503
632	norm	-0.003474941
632	phillip	-0.0034750635
632	382	-0.0034780747
632	chain	-0.003483159
632	overhaul	-0.0034831972
632	eager	-0.0034840847
632	decreas	-0.003484992
632	repeatedli	-0.0034853565
632	seat	-0.0034888226
632	leader	-0.003493181
632	birla	-0.0034977344
632	parliament	-0.0034990627
632	unclear	-0.0035023638
632	bao	-0.0035033494
632	bribe	-0.0035036195
632	newmont	-0.0035038032
632	fujitsu	-0.0035042758
632	815	-0.0035055112
632	wiktor	-0.0035080956
632	convers	-0.0035089573
632	telecommun	-0.0035089897
632	newspap	-0.0035096032
632	estuari	-0.0035152368
632	calfat	-0.0035168352
632	enter	-0.0035183108
632	575	-0.0035200461
632	weaken	-0.0035202915
632	machin	-0.0035213036
632	profession	-0.0035249477
632	occasion	-0.0035281733
632	soldier	-0.003528616
632	tonnag	-0.0035287857
632	103	-0.003530907
632	celebr	-0.0035312516
632	405	-0.003532897
632	charl	-0.003535458
632	harder	-0.0035368244
632	unexpectedli	-0.0035376002
632	zhongguo	-0.0035376358
632	berita	-0.003538508
632	england	-0.0035390146
632	eiecyad9ft	-0.0035402707
632	2001	-0.003544258
632	480	-0.0035446193
632	238	-0.0035449544
632	exce	-0.0035475248
632	deeper	-0.0035477309
632	slacken	-0.0035512696
632	anger	-0.0035553018
632	pecc	-0.003555384
632	intra	-0.0035555607
632	rebel	-0.0035569856
632	attend	-0.003557724
632	cabl	-0.0035666698
632	depreci	-0.003566838
632	270	-0.0035673857
632	p14	-0.0035693555
632	unchang	-0.0035698982
632	7m	-0.0035722353
632	catch	-0.0035727872
632	lithco	-0.003574835
632	unfortun	-0.0035841337
632	deriv	-0.003584588
632	believ	-0.0035857433
632	moment	-0.0035868012
632	ahlon	-0.0035919626
632	subsid	-0.0035973762
632	handl	-0.0035997008
632	365	-0.0036002942
632	phelp	-0.003601563
632	matsushita	-0.0036072873
632	northeast	-0.003608897
632	automot	-0.0036104755
632	370	-0.0036137672
632	ring	-0.0036157535
632	149	-0.0036192518
632	welfar	-0.0036206178
632	logic	-0.0036241543
632	victori	-0.0036265324
632	decid	-0.0036316987
632	dim	-0.00363393
632	republik	-0.0036339874
632	flexibl	-0.0036340102
632	30m	-0.0036365578
632	gap	-0.0036375327
632	batter	-0.003642834
632	wu	-0.003645007
632	pagoda	-0.0036471908
632	coalit	-0.0036474166
632	disturb	-0.0036475987
632	escondida	-0.0036480278
632	5bn	-0.0036507763
632	fstmb	-0.0036515053
632	eelczabhft	-0.003660411
632	asahi	-0.0036605308
632	plant	-0.003670254
632	afp	-0.0036736587
632	flat	-0.0036740254
632	offic	-0.0036746436
632	moslem	-0.0036747395
632	govt	-0.0036786755
632	yeltsin	-0.0036857133
632	honor	-0.003686923
632	thought	-0.0036896972
632	telecom	-0.0036898341
632	ouro	-0.0036945103
632	nam	-0.0037039113
632	broader	-0.00370464
632	kill	-0.0037050901
632	mention	-0.0037064995
632	wool	-0.0037079435
632	uncomfort	-0.0037081812
632	friend	-0.0037108718
632	manh	-0.0037123105
632	belt	-0.003712439
632	hachinoh	-0.0037133417
632	chosen	-0.0037172602
632	velho	-0.0037207673
632	lien	-0.0037213722
632	cfkbhacjft	-0.0037225436
632	proprietari	-0.0037246053
632	freising	-0.0037250656
632	sweden	-0.003726195
632	peter	-0.003727637
632	appoint	-0.0037292033
632	convert	-0.0037321707
632	9bn	-0.0037338033
632	aid	-0.0037339705
632	latin	-0.0037356182
632	074	-0.0037392692
632	deregul	-0.00374312
632	disus	-0.0037467645
632	forc	-0.0037516912
632	zhang	-0.0037529778
632	sitepu	-0.003757294
632	crucial	-0.0037599476
632	geograph	-0.0037635628
632	chugan	-0.003763888
632	132	-0.0037678946
632	fuell	-0.0037686203
632	usual	-0.003769501
632	sime	-0.0037695214
632	regular	-0.0037713686
632	soro	-0.0037822605
632	arf	-0.0037842449
632	crew	-0.0037846423
632	challeng	-0.003785901
632	excerpt	-0.0037860658
632	attach	-0.003793362
632	complementari	-0.0037933958
632	tell	-0.00379658
632	foster	-0.0038010103
632	chiang	-0.0038015172
632	crisi	-0.0038016413
632	kilomet	-0.0038026215
632	aughinish	-0.003804458
632	outokumpu	-0.0038045172
632	kyodo	-0.0038048897
632	entiti	-0.0038073934
632	307	-0.0038081654
632	satisfactori	-0.0038085142
632	algom	-0.0038115582
632	normal	-0.0038116795
632	chengdu	-0.0038155923
632	roug	-0.0038159827
632	czarnikow	-0.0038165087
632	walker	-0.003826304
632	unoffici	-0.0038265516
632	receivership	-0.0038275924
632	suppress	-0.003830753
632	ideolog	-0.003830929
632	roc	-0.0038351656
632	silver	-0.0038361307
632	disput	-0.0038454626
632	quietli	-0.0038501213
632	rebound	-0.003855479
632	steel	-0.0038557039
632	singl	-0.0038603577
632	meant	-0.0038611547
632	remain	-0.0038613616
632	somincor	-0.0038618585
632	wale	-0.003862225
632	exhibit	-0.003862607
632	arrest	-0.003862949
632	nra	-0.003863688
632	aborigin	-0.003868276
632	ipoh	-0.003868975
632	bilater	-0.0038690616
632	vo	-0.0038750125
632	protection	-0.0038750872
632	await	-0.0038781853
632	kambalda	-0.003879097
632	lkz	-0.0038797494
632	richard	-0.003884164
632	civilian	-0.003887282
632	guangzhou	-0.0038883763
632	sea	-0.0038916871
632	cwmguili	-0.0038951195
632	complic	-0.0038963142
632	plenari	-0.0038970506
632	satellit	-0.003902849
632	viet	-0.0039040255
632	drought	-0.0039062086
632	dri	-0.003907291
632	muyco	-0.003913131
632	775	-0.0039271857
632	untap	-0.003934796
632	contin	-0.0039361003
632	cabinet	-0.0039374223
632	obviou	-0.0039416724
632	ireland	-0.003942171
632	buck	-0.003943192
632	battl	-0.0039442796
632	unemploy	-0.0039475714
632	essenti	-0.0039519127
632	550	-0.003952252
632	hainan	-0.003954149
632	wingti	-0.0039554993
632	cuba	-0.0039566336
632	anthracit	-0.003960147
632	entourag	-0.0039629326
632	outstrip	-0.003964649
632	pari	-0.0039655548
632	clash	-0.0039702323
632	ma	-0.0039733774
632	umbrella	-0.0039830273
632	chok	-0.003990776
632	chromit	-0.003997407
632	mabo	-0.003999994
632	datuk	-0.0040034037
632	franca	-0.0040038857
632	seng	-0.004004648
632	upheav	-0.004007889
632	ramo	-0.004012541
632	australasia	-0.0040132375
632	netherland	-0.004016355
632	counter	-0.0040170928
632	remark	-0.0040348102
632	wai	-0.004037521
632	persuad	-0.0040381285
632	camborn	-0.0040439647
632	gerai	-0.0040439945
632	deadlin	-0.004045726
632	budg	-0.0040470776
632	tenewi	-0.004049155
632	nuek	-0.0040491554
632	mintec	-0.004054886
632	tha	-0.004056565
632	exploit	-0.004061114
632	discuss	-0.0040623536
632	mt	-0.0040641385
632	filipino	-0.0040646894
632	ebddeagjft	-0.004065807
632	roundup	-0.0040675993
632	sipadan	-0.004071401
632	alvaro	-0.004082261
632	toyota	-0.004082681
632	know	-0.0040837973
632	540	-0.0040855757
632	66	-0.0040902807
632	permiss	-0.00409178
632	displai	-0.004098476
632	combat	-0.004103975
632	turkei	-0.0041048583
632	proce	-0.0041054385
632	12m	-0.004112341
632	keizai	-0.0041179857
632	compris	-0.004124054
632	minework	-0.0041340967
632	patent	-0.004137417
632	canberra	-0.004137531
632	declar	-0.0041382676
632	llipi	-0.0041386047
632	zaz	-0.004141382
632	financ	-0.004144051
632	sakha	-0.0041525923
632	cambior	-0.004155944
632	guyana	-0.004157779
632	waiv	-0.0041635274
632	unrest	-0.004166293
632	1000	-0.0041693775
632	estanbra	-0.004171419
632	bdxbtadmft	-0.004175928
632	tendenc	-0.004182835
632	memori	-0.0041842293
632	p1031	-0.00418832
632	vow	-0.0041950876
632	rail	-0.0041962285
632	auz	-0.0041972646
632	restructur	-0.004197618
632	applianc	-0.004198861
632	nihon	-0.0042048884
632	roskil	-0.004209419
632	aerospac	-0.00421029
632	ideal	-0.004225071
632	elect	-0.0042268755
632	penh	-0.004229591
632	seattl	-0.0042320485
632	phnom	-0.004232436
632	home	-0.004232678
632	comparison	-0.004234599
632	station	-0.0042351945
632	le	-0.004237159
632	soe	-0.0042387107
632	daewoo	-0.004243777
632	43	-0.00424416
632	altiplano	-0.004245938
632	hous	-0.004260245
632	licens	-0.0042611654
632	tour	-0.004262205
632	retail	-0.0042636935
632	princip	-0.0042647948
632	likphai	-0.004270912
632	occur	-0.0042776787
632	cordillera	-0.0042800303
632	relax	-0.0042822943
632	consider	-0.004284206
632	incid	-0.0042846175
632	omai	-0.004286602
632	took	-0.0042880983
632	entri	-0.00428891
632	isol	-0.004290636
632	guerrilla	-0.004296608
632	ukrain	-0.0042984555
632	decent	-0.0043035746
632	vast	-0.004305013
632	107	-0.0043106144
632	sag	-0.004315877
632	975	-0.00431764
632	105	-0.004319974
632	progress	-0.0043207183
632	resolut	-0.004321098
632	pioneer	-0.004323654
632	adequ	-0.004336963
632	ifc	-0.0043380456
632	reveal	-0.004338508
632	channel	-0.00434014
632	bielski	-0.0043411166
632	macroeconom	-0.004341314
632	seventh	-0.004343942
632	286	-0.004352526
632	san	-0.0043546567
632	jpz	-0.0043559065
632	khun	-0.0043681646
632	spend	-0.004368498
632	yakutia	-0.004373314
632	bureaucraci	-0.00437675
632	iptn	-0.0043773693
632	entir	-0.0043793167
632	letter	-0.0043818816
632	budget	-0.0043843533
632	definit	-0.004385088
632	monopoli	-0.004400132
632	metallurg	-0.004401616
632	3m	-0.0044050976
632	merger	-0.004406765
632	retrac	-0.004406836
632	caz	-0.0044101076
632	naval	-0.004414134
632	michael	-0.0044188555
632	caribbean	-0.004420408
632	ve	-0.004425891
632	jungl	-0.004433553
632	realist	-0.004433892
632	acknowledg	-0.004434567
632	chrome	-0.0044364017
632	reportedli	-0.0044378783
632	ferro	-0.0044467365
632	imperi	-0.0044470252
632	reserv	-0.004454426
632	y1	-0.00445595
632	motiv	-0.0044623734
632	user	-0.0044636982
632	prado	-0.0044709533
632	competitor	-0.0044866917
632	recov	-0.004486738
632	venezuela	-0.0044872044
632	practic	-0.0044948515
632	updat	-0.004496273
632	technolog	-0.0045092967
632	complain	-0.0045235073
632	leach	-0.0045266417
632	prospector	-0.0045401608
632	732	-0.0045453957
632	open	-0.004547618
632	excit	-0.0045483722
632	stimul	-0.0045483992
632	autram	-0.0045485217
632	round	-0.0045500305
632	adb	-0.0045532403
632	arriv	-0.00456368
632	khmer	-0.0045641023
632	twz	-0.004566809
632	pp	-0.004568571
632	absolut	-0.004575239
632	daw	-0.0045860745
632	confid	-0.004586769
632	4bn	-0.004588004
632	krai	-0.004588336
632	movement	-0.0045955246
632	wmc	-0.004598016
632	falconbridg	-0.004604064
632	decemb	-0.0046111885
632	purpos	-0.004612044
632	kevin	-0.0046122596
632	basin	-0.004616027
632	unabl	-0.00463193
632	formal	-0.0046321317
632	forgiv	-0.0046347603
632	oppos	-0.0046351403
632	emphas	-0.0046355375
632	queensland	-0.0046383915
632	140	-0.004639663
632	123	-0.004639783
632	name	-0.004639923
632	spokesman	-0.0046476643
632	flight	-0.0046495907
632	liang	-0.0046562166
632	sichuan	-0.004656243
632	passag	-0.0046611885
632	p12	-0.0046643335
632	clearli	-0.004671952
632	shenzhen	-0.0046722814
632	successfulli	-0.004672477
632	shortli	-0.0046752915
632	936	-0.0046768654
632	newli	-0.0046870615
632	fighter	-0.0046877884
632	phenomenon	-0.0046921065
632	domin	-0.004694235
632	conserv	-0.0046974975
632	polymetal	-0.0047040633
632	expand	-0.0047043026
632	occas	-0.004711186
632	reluct	-0.004711662
632	emiko	-0.004719223
632	terazono	-0.0047256327
632	lwin	-0.004729591
632	152	-0.0047309413
632	234	-0.004741787
632	stanc	-0.0047515766
632	21	-0.0047531924
632	thoi	-0.0047562127
632	hamper	-0.0047592693
632	realiti	-0.004760059
632	285	-0.004761723
632	session	-0.0047736806
632	technic	-0.004777113
632	simao	-0.0047826283
632	convent	-0.0047949585
632	edward	-0.004809609
632	osaka	-0.0048096473
632	count	-0.0048103696
632	potash	-0.0048179314
632	mood	-0.0048188167
632	rjb	-0.0048280824
632	goodwil	-0.004829515
632	duc	-0.00483487
632	miti	-0.004849306
632	jaim	-0.0048504747
632	chi	-0.0048529375
632	1300	-0.0048550325
632	johor	-0.0048651085
632	benefici	-0.004865433
632	gencor	-0.0048747263
632	intensifi	-0.004888332
632	p1221	-0.004892853
632	61	-0.00489405
632	ciwcoad4ft	-0.004901641
632	enorm	-0.004902975
632	except	-0.004909996
632	support	-0.004915654
632	79	-0.0049270946
632	destroi	-0.0049308883
632	ching	-0.004938082
632	anxiou	-0.004938334
632	fujian	-0.0049555073
632	mina	-0.0049667405
632	macao	-0.0049667773
632	guzman	-0.004971922
632	cominco	-0.0049723163
632	serv	-0.004978708
632	sinmun	-0.0049794167
632	sponsor	-0.0049808132
632	commentari	-0.0049839597
632	tiwanacu	-0.004986025
632	86	-0.0049889954
632	tension	-0.0049893805
632	freedom	-0.004993782
632	reput	-0.0049997657
632	navi	-0.0050032097
632	minist	-0.005009371
632	acceler	-0.005015319
632	327	-0.005020866
632	62	-0.0050258767
632	concept	-0.0050282367
632	peso	-0.005040404
632	debat	-0.0050443616
632	spirit	-0.005048253
632	hyundai	-0.005066683
632	summit	-0.005070335
632	82	-0.005071981
632	342	-0.005084389
632	nationalist	-0.005094287
632	brgm	-0.005097823
632	wave	-0.0050995806
632	hydro	-0.005101694
632	fund	-0.0051103733
632	bruce	-0.0051275906
632	1979	-0.005129597
632	sister	-0.0051428005
632	56	-0.0051505514
632	dreas123	-0.0051721474
632	lac	-0.005173963
632	possess	-0.0051891613
632	toni	-0.005189216
632	net	-0.005191962
632	data	-0.005196492
632	162	-0.005197852
632	p3339	-0.0051997835
632	oo	-0.0052078823
632	simpli	-0.005211686
632	shock	-0.005214573
632	karachipampa	-0.0052203834
632	poor	-0.0052211923
632	uranium	-0.0052218884
632	question	-0.0052262833
632	oecd	-0.0052352976
632	publicli	-0.005239527
632	undertaken	-0.0052471478
632	european	-0.0052556014
632	dk	-0.005256406
632	don	-0.0052615283
632	minera	-0.005270697
632	affili	-0.0052773566
632	mdo	-0.005281268
632	maintain	-0.005305577
632	hour	-0.0053199795
632	summer	-0.0053212764
632	conglomer	-0.0053220997
632	reja	-0.005329336
632	ineffici	-0.005346585
632	legisl	-0.0053559723
632	slip	-0.0053560566
632	p1021	-0.0053579384
632	kinyu	-0.0053653587
632	ti	-0.0053709294
632	pure	-0.0053736307
632	requir	-0.005373698
632	expos	-0.005374476
632	mmr	-0.0053747455
632	save	-0.005383789
632	oblast	-0.0053846124
632	asarco	-0.005390185
632	insur	-0.005403681
632	jih	-0.0054203267
632	50m	-0.005429146
632	botswana	-0.005432595
632	drastic	-0.0054352577
632	intend	-0.005446413
632	rival	-0.0054607037
632	store	-0.005464484
632	liber	-0.0054681003
632	devast	-0.005472624
632	1975	-0.005472677
632	kazakhstan	-0.005477096
632	gross	-0.0055033835
632	maeil	-0.0055085486
632	encount	-0.0055105574
632	inra	-0.005522703
632	personnel	-0.005522978
632	510	-0.0055395006
632	uruguai	-0.00555917
632	goh	-0.00556514
632	jordex	-0.005566015
632	chuan	-0.005569168
632	minproc	-0.005578125
632	feder	-0.0055889734
632	hanson	-0.0056061903
632	attract	-0.0056093303
632	controversi	-0.0056222
632	lignit	-0.005625248
632	kiet	-0.005637508
632	reconstruct	-0.0056467885
632	firm	-0.0056550144
632	canadian	-0.0056608794
632	edg	-0.0056638946
632	noranda	-0.0056648594
632	negoti	-0.00566733
632	on	-0.00566917
632	jame	-0.0056732656
632	paper	-0.005704134
632	concern	-0.005712336
632	mind	-0.005736771
632	mof	-0.005740762
632	narcot	-0.0057446626
632	arislando	-0.0057449937
632	lend	-0.0057467595
632	catavi	-0.005760369
632	williamson	-0.005761612
632	sino	-0.005785901
632	word	-0.005790222
632	kilometr	-0.0057983208
632	attack	-0.0058008633
632	can	-0.0058022784
632	visitor	-0.0058108545
632	aircraft	-0.005814907
632	hall	-0.005819325
632	pgz	-0.005819866
632	54	-0.0058204522
632	cordial	-0.0058299927
632	viabl	-0.0058381823
632	humphri	-0.0058382684
632	aggress	-0.005839433
632	growth	-0.0058534387
632	coastal	-0.0058699637
632	guest	-0.005882754
632	tent	-0.005883364
632	falmouth	-0.005883994
632	approxim	-0.005884031
632	ohn	-0.005884736
632	abar	-0.005893682
632	principl	-0.005905242
632	datcpaewft	-0.0059101665
632	65	-0.005919101
632	vigor	-0.0059292666
632	significantli	-0.0059352927
632	pit	-0.0059389
632	congress	-0.0059395973
632	feldenheim	-0.005948034
632	address	-0.0059499093
632	heroin	-0.005954406
632	sulphur	-0.005970032
632	environmentalist	-0.0059848195
632	troop	-0.005994081
632	embargo	-0.0060122544
632	border	-0.0060136234
632	commerc	-0.0060171145
632	sumitomo	-0.00601778
632	chiefli	-0.0060189557
632	exhaust	-0.006031441
632	supplement	-0.006046008
632	state	-0.0060514035
632	sangyo	-0.006069902
632	mission	-0.006086632
632	transport	-0.0060896226
632	capabl	-0.006092126
632	porgera	-0.0060934434
632	and	-0.0060940296
632	airport	-0.0061110957
632	siberia	-0.0061223265
632	distanc	-0.006140436
632	extrem	-0.006146855
632	admir	-0.006147138
632	oceania	-0.0061632185
632	need	-0.0061637084
632	burmes	-0.006187876
632	vinto	-0.006190912
632	juli	-0.00620728
632	chri	-0.006208277
632	instabl	-0.0062135835
632	guangdong	-0.0062145717
632	revenu	-0.006217479
632	interest	-0.0062175225
632	upturn	-0.0062247883
632	myo	-0.0062270304
632	p1222	-0.0062357374
632	caraja	-0.006236851
632	opium	-0.0062377867
632	democrat	-0.0062637953
632	165	-0.00626801
632	beer	-0.006269291
632	uneconom	-0.0062709134
632	hunt	-0.006275002
632	800m	-0.0062836907
632	vientian	-0.00629247
632	expert	-0.0062997146
632	400m	-0.006302828
632	idea	-0.006304366
632	krz	-0.0063317115
632	xoz	-0.006341823
632	dialogu	-0.0063590975
632	project	-0.0063689793
632	creation	-0.0063921437
632	claim	-0.0063970834
632	cdollar	-0.0064255516
632	propos	-0.006435106
632	framework	-0.0064553116
632	cambodian	-0.0064622993
632	vancouv	-0.006480162
632	potosi	-0.0064832056
632	surplus	-0.0064888173
632	act	-0.0065050833
632	spratli	-0.0065052602
632	bill	-0.006511007
632	suspend	-0.006521513
632	constitut	-0.006527752
632	cold	-0.0065406626
632	cerro	-0.0065480913
632	li	-0.00655019
632	realiz	-0.0065571466
632	redund	-0.0065608234
632	taboca	-0.0065647
632	nalin	-0.0065721804
632	economist	-0.0065958044
632	swe	-0.006615889
632	westpac	-0.006628236
632	era	-0.0066608177
632	center	-0.006666616
632	special	-0.0066681583
632	seek	-0.0067097535
632	popul	-0.0067182975
632	nationalis	-0.006720905
632	staff	-0.0067242314
632	indochines	-0.0067327432
632	lai	-0.0067349197
632	victor	-0.006736163
632	kyongj	-0.0067402218
632	mexico	-0.0067461994
632	consensu	-0.0067580706
632	minorco	-0.0067654643
632	rmg	-0.006772148
632	difficulti	-0.006778737
632	225	-0.0067860764
632	least	-0.006788385
632	expect	-0.0067906207
632	fastest	-0.006793608
632	mekong	-0.00679468
632	learn	-0.006800646
632	omit	-0.006801556
632	190	-0.006809589
632	affair	-0.006811614
632	oruro	-0.006813954
632	mitsui	-0.0068209697
632	commit	-0.0068260795
632	introduct	-0.0068343696
632	profit	-0.0068344055
632	samsung	-0.006840981
632	thein	-0.006846677
632	citizen	-0.0068716
632	signific	-0.006896081
632	ministri	-0.0069047417
632	novemb	-0.0069060544
632	pass	-0.0069151595
632	p333	-0.0069178157
632	extern	-0.0069203256
632	mcmoran	-0.0069280197
632	power	-0.006930856
632	brigadi	-0.006933736
632	sulphid	-0.00694256
632	9m	-0.0069428673
632	committe	-0.0069546844
632	drug	-0.006958469
632	circumst	-0.0069709737
632	840	-0.006985227
632	broken	-0.0069902902
632	kyi	-0.0069971946
632	farm	-0.007010763
632	pact	-0.00702127
632	tasna	-0.0070237485
632	minh	-0.0070487345
632	750	-0.007053064
632	televis	-0.00705519
632	sphere	-0.0070852214
632	150	-0.00710436
632	experienc	-0.0071095694
632	free	-0.007113733
632	underpin	-0.007119644
632	respect	-0.0071444027
632	machineri	-0.0071452595
632	zambia	-0.007149983
632	war	-0.0071558743
632	multilater	-0.0071567306
632	presid	-0.0071829674
632	nippon	-0.0071943407
632	600	-0.007200699
632	socialist	-0.007202847
632	assembl	-0.0072106575
632	instanc	-0.0072279177
632	person	-0.0072522215
632	refuge	-0.00727154
632	met	-0.007283607
632	rio	-0.0072866296
632	india	-0.007299071
632	bolivar	-0.007370755
632	appar	-0.0073914896
632	lost	-0.007394566
632	publish	-0.0073975306
632	truro	-0.0074028107
632	mim	-0.007413536
632	khin	-0.007418223
632	visit	-0.0074313264
632	suharto	-0.007435078
632	afford	-0.0074397977
632	order	-0.0074632005
632	diplomaci	-0.007463683
632	keat	-0.0074810362
632	man	-0.007531013
632	wbm	-0.0075317137
632	yuan	-0.007539544
632	begun	-0.007544388
632	capac	-0.007564286
632	exampl	-0.007566758
632	prepar	-0.007580929
632	raw	-0.0075881374
632	democraci	-0.0076147728
632	truck	-0.0076327715
632	ho	-0.007638246
632	initi	-0.0076402775
632	facil	-0.0076535856
632	inz	-0.007654125
632	confront	-0.007666255
632	press	-0.0076805344
632	energi	-0.00768216
632	35m	-0.007686251
632	renov	-0.0077022123
632	enjoi	-0.007711818
632	mitsubishi	-0.0077333767
632	communist	-0.0077343043
632	vale	-0.0077557443
632	kunm	-0.007770108
632	link	-0.007799906
632	boat	-0.007817007
632	overcom	-0.007821309
632	situat	-0.007838578
632	diplomat	-0.007853285
632	stream	-0.0078549255
632	srv	-0.007860676
632	telephon	-0.007926247
632	lift	-0.007940377
632	brunei	-0.007944428
632	singaporean	-0.007944513
632	receiv	-0.007949688
632	adopt	-0.007965072
632	anglo	-0.007968876
632	pattern	-0.007981814
632	lanka	-0.008017073
632	dnpm	-0.008077331
632	2m	-0.008083875
632	automobil	-0.008106157
632	1997	-0.008107774
632	ross	-0.008136982
632	weapon	-0.008157583
632	camp	-0.008161962
632	stress	-0.008169305
632	ton	-0.00818865
632	nuclear	-0.008209889
632	cna	-0.008214287
632	awar	-0.008223094
632	raymi	-0.008289577
632	threaten	-0.008306367
632	command	-0.008327732
632	worri	-0.00832833
632	uptrend	-0.008342368
632	instal	-0.008397314
632	greater	-0.008410891
632	phz	-0.008411571
632	chief	-0.00841343
632	zealand	-0.00843019
632	eastern	-0.008471354
632	10m	-0.008476592
632	director	-0.0085035935
632	zimbabw	-0.008521609
632	custom	-0.008533159
632	exist	-0.008560399
632	moscow	-0.008561104
632	adollar	-0.008561592
632	huanuni	-0.008570057
632	crowson	-0.0085809035
632	asset	-0.008611586
632	spent	-0.008657463
632	15m	-0.008659586
632	expans	-0.008663655
632	doce	-0.008681812
632	see	-0.00868792
632	acquir	-0.008698763
632	friendli	-0.008700498
632	index	-0.008724811
632	larger	-0.008732542
632	sao	-0.008801256
632	maung	-0.008822122
632	accompani	-0.008869084
632	port	-0.008872417
632	equip	-0.008902751
632	enabl	-0.008916811
632	100m	-0.008926255
632	regist	-0.0089357905
632	fuel	-0.008989022
632	addit	-0.008999671
632	issu	-0.009016039
632	companhia	-0.009023983
632	deleg	-0.0090509085
632	shimbun	-0.0090594245
632	uk	-0.0090649845
632	rest	-0.009069005
632	tokyo	-0.009111106
632	liberalis	-0.009111545
632	1996	-0.009123088
632	rok	-0.009241819
632	shwe	-0.00928991
632	shanghai	-0.009320161
632	cominesa	-0.0093474565
632	chile	-0.009390022
632	territori	-0.009391809
632	caucu	-0.009398217
632	affect	-0.009455104
632	armi	-0.009456361
632	colquiri	-0.009464273
632	assist	-0.009474713
632	seoul	-0.009486085
632	paz	-0.009518086
632	benefit	-0.009536491
632	ownership	-0.009589336
632	stronger	-0.0095991865
632	cvrd	-0.009617228
632	925	-0.009642748
632	paulo	-0.009651898
632	januari	-0.00965283
632	mineracao	-0.009653651
632	cra	-0.009683789
632	mallet	-0.009697973
632	major	-0.009700615
632	bloc	-0.009724747
632	spite	-0.009801272
632	vice	-0.009818686
632	possibl	-0.009819731
632	gold	-0.0098205
632	giant	-0.009820866
632	8m	-0.009827302
632	nonferr	-0.009831303
632	lt	-0.009876638
632	electr	-0.00994469
632	gram	-0.009951999
632	alumina	-0.009954159
632	februari	-0.009954903
632	defens	-0.010037739
632	america	-0.010041073
632	combin	-0.010057212
632	confer	-0.010057668
632	tax	-0.010073815
632	bitumin	-0.010178461
632	thz	-0.010258756
632	american	-0.010311411
632	western	-0.010330628
632	hla	-0.010442256
632	push	-0.010457478
632	abroad	-0.010475596
632	mountain	-0.010505916
632	russian	-0.010551703
632	debt	-0.010553328
632	guarante	-0.010607825
632	myint	-0.01060817
632	jane	-0.010616027
632	republ	-0.010654073
632	pitinga	-0.010702625
632	bureau	-0.010757283
632	enterpris	-0.0108339405
632	regard	-0.010872012
632	kyaw	-0.010910072
632	1995	-0.010993596
632	strategi	-0.010999677
632	chairman	-0.011010095
632	arm	-0.011069089
632	chang	-0.0111484155
632	partner	-0.011175058
632	joint	-0.011206788
632	p10	-0.011210006
632	lieuten	-0.011254324
632	philipsborn	-0.011439461
632	relat	-0.011441143
632	seen	-0.011468592
632	volum	-0.01157898
632	sgz	-0.011613038
632	southern	-0.011704245
632	zinc	-0.011903526
632	businessmen	-0.012001298
632	1330	-0.012016428
632	advantag	-0.012081168
632	gen	-0.012095904
632	yunnan	-0.012108518
632	ay	-0.012203154
632	competit	-0.012256316
632	comsur	-0.012258819
632	geevor	-0.012668488
632	nyunt	-0.012749358
632	cooper	-0.012893893
632	papua	-0.012997027
632	4m	-0.013144111
632	guinea	-0.013389792
632	reform	-0.01340776
632	tun	-0.01352796
632	polit	-0.013863268
632	commiss	-0.013911318
632	taipei	-0.013971317
632	bauxit	-0.014019447
632	manila	-0.014215493
632	eaec	-0.014344301
632	japanes	-0.01435651
632	sri	-0.014443988
632	africa	-0.0144469775
632	slorc	-0.014591031
632	carnon	-0.014618737
632	korea	-0.014751643
632	jan	-0.014755985
632	aung	-0.015010495
632	radio	-0.015038279
632	nikkei	-0.0151489265
632	ventur	-0.015221931
632	environ	-0.01523691
632	econom	-0.015365135
632	japan	-0.0154240355
632	europ	-0.015455788
632	garimpeiro	-0.0154571375
632	apec	-0.015471994
632	deputi	-0.015900591
632	forum	-0.016113762
632	625	-0.016241485
632	futur	-0.01680788
632	subsidiari	-0.016826188
632	cornwal	-0.0171305
632	north	-0.017172484
632	militari	-0.017537156
632	lao	-0.017929079
632	pacif	-0.01818184
632	contract	-0.018307773
632	loan	-0.018449737
632	region	-0.018478457
632	billion	-0.01869881
632	cambodia	-0.019472247
632	canada	-0.019972472
632	wheal	-0.02080714
632	nickel	-0.022354262
632	hong	-0.022505527
632	bolivian	-0.022932345
632	kong	-0.023322258
632	philippin	-0.023666833
632	taiwan	-0.024794184
632	rangoon	-0.024930116
632	crofti	-0.026670445
632	rtz	-0.03003844
632	asean	-0.031805716
632	comibol	-0.03299789
632	south	-0.034901943
632	asian	-0.046080805
632	southeast	-0.06670653
